token,timestamp,open,high,low,close,volume
BTCUSDT,1651363200000,37614.4,38680.6,37350.0,38440.5,236549.462
BTCUSDT,1651449600000,38440.2,39222.0,38032.2,38525.6,336845.365
BTCUSDT,1651536000000,38525.5,38674.7,37500.1,37712.9,248986.222
BTCUSDT,1651622400000,37713.0,40071.7,37655.2,39684.0,424498.818
BTCUSDT,1651708800000,39684.1,39845.0,35388.0,36534.7,547209.0
BTCUSDT,1651795200000,36533.7,36679.3,35200.0,35995.3,431979.24
BTCUSDT,1651881600000,35995.2,36138.0,34700.0,35466.7,200264.833
BTCUSDT,1651968000000,35466.7,35504.0,33665.0,34032.0,426872.584
BTCUSDT,1652054400000,34032.1,34243.3,30003.6,30056.6,1078779.712
BTCUSDT,1652140800000,30056.0,32650.0,29701.4,31002.1,863178.961
BTCUSDT,1652227200000,31002.1,32197.6,27651.0,29074.7,1101875.972
BTCUSDT,1652313600000,29077.9,30257.0,26631.0,29020.7,964475.589
BTCUSDT,1652400000000,29020.8,31072.6,28730.4,29274.3,507620.105
BTCUSDT,1652486400000,29274.2,30352.2,28602.3,30079.8,315756.895
BTCUSDT,1652572800000,30079.5,31462.0,29448.0,31324.4,336773.139
BTCUSDT,1652659200000,31324.3,31327.4,29052.3,29866.7,507243.166
BTCUSDT,1652745600000,29866.4,30794.0,29420.0,30437.0,398624.519
BTCUSDT,1652832000000,30437.0,30700.0,28629.6,28700.6,426700.457
BTCUSDT,1652918400000,28700.6,30550.0,28670.5,30319.9,448856.724
BTCUSDT,1653004800000,30319.9,30784.4,28702.0,29188.9,485439.171
BTCUSDT,1653091200000,29188.9,29650.0,28927.0,29427.4,202804.089
BTCUSDT,1653177600000,29427.4,30500.0,29223.6,30284.0,297116.44
BTCUSDT,1653264000000,30284.0,30658.0,28840.7,29097.7,475720.75
BTCUSDT,1653350400000,29097.8,29887.3,28637.6,29643.1,382124.449
BTCUSDT,1653436800000,29643.0,30246.7,29330.0,29536.7,413459.484
BTCUSDT,1653523200000,29536.7,29877.0,27952.1,29194.0,602137.086
BTCUSDT,1653609600000,29194.0,29387.0,28259.6,28623.2,506638.884
BTCUSDT,1653696000000,28623.3,29265.7,28520.0,29018.8,193644.283
BTCUSDT,1653782400000,29018.8,29595.2,28825.0,29452.8,215139.934
BTCUSDT,1653868800000,29452.6,32307.6,29301.1,31726.5,502712.176
BTCUSDT,1653955200000,31726.5,32427.5,31222.0,31797.8,383688.265
BTCUSDT,1654041600000,31797.9,31986.1,29300.0,29796.9,556992.756
BTCUSDT,1654128000000,29796.9,30750.0,29566.1,30437.1,370924.687
BTCUSDT,1654214400000,30437.1,30693.2,29220.0,29682.8,357110.377
BTCUSDT,1654300800000,29682.8,29988.0,29456.0,29848.4,187520.534
BTCUSDT,1654387200000,29848.5,30250.0,29524.0,29909.9,205385.831
BTCUSDT,1654473600000,29910.0,31780.0,29876.2,31361.2,436522.874
BTCUSDT,1654560000000,31361.2,31599.0,29190.0,31118.1,691714.985
BTCUSDT,1654646400000,31118.0,31325.0,29825.0,30192.5,455686.637
BTCUSDT,1654732800000,30192.6,30691.9,29914.5,30093.3,307312.175
BTCUSDT,1654819200000,30093.4,30374.1,28805.0,29077.7,445928.659
BTCUSDT,1654905600000,29077.7,29427.9,28080.0,28416.7,391367.814
BTCUSDT,1654992000000,28416.6,28530.3,26538.7,26564.7,560834.131
BTCUSDT,1655078400000,26564.7,26877.0,21900.0,22471.5,1622521.56
BTCUSDT,1655164800000,22471.4,23424.2,20823.0,22122.7,1247609.796
BTCUSDT,1655251200000,22122.7,22800.0,20100.2,22567.5,1509301.169
BTCUSDT,1655337600000,22567.5,23000.0,20222.0,20387.4,882634.22
BTCUSDT,1655424000000,20387.4,21388.0,20228.0,20457.3,776153.257
BTCUSDT,1655510400000,20457.3,20768.4,17593.2,18959.7,1268591.388
BTCUSDT,1655596800000,18959.7,20821.0,17935.9,20564.2,1089275.674
BTCUSDT,1655683200000,20564.3,21099.9,19630.0,20570.1,935816.13
BTCUSDT,1655769600000,20570.0,21740.0,20337.8,20713.1,787173.936
BTCUSDT,1655856000000,20713.1,20888.0,19745.7,19977.4,812184.193
BTCUSDT,1655942400000,19977.5,21250.0,19874.0,21096.6,698753.04
BTCUSDT,1656028800000,21096.6,21563.5,20732.5,21231.2,645450.778
BTCUSDT,1656115200000,21231.2,21627.6,20894.0,21481.9,434117.447
BTCUSDT,1656201600000,21481.9,21888.0,20952.0,21029.1,442787.736
BTCUSDT,1656288000000,21029.1,21560.0,20500.0,20730.0,539335.009
BTCUSDT,1656374400000,20730.0,21198.0,20188.0,20268.6,582916.108
BTCUSDT,1656460800000,20268.7,20430.0,19817.2,20109.9,608905.99
BTCUSDT,1656547200000,20109.9,20165.0,18563.0,19923.5,859981.415
BTCUSDT,1656633600000,19923.3,20926.4,18948.8,19272.0,915399.363
BTCUSDT,1656720000000,19272.0,19456.0,18959.0,19240.9,382851.525
BTCUSDT,1656806400000,19241.0,19645.4,18780.1,19305.9,449508.331
BTCUSDT,1656892800000,19306.0,20350.0,19046.3,20226.6,633310.187
BTCUSDT,1656979200000,20226.3,20749.2,19291.6,20170.0,854238.867
BTCUSDT,1657065600000,20170.1,20667.6,19753.0,20554.1,682076.458
BTCUSDT,1657152000000,20554.2,21830.0,20244.9,21613.4,699841.616
BTCUSDT,1657238400000,21614.5,22579.9,21175.2,21587.9,848144.495
BTCUSDT,1657324800000,21587.8,22000.0,21309.6,21580.0,393372.366
BTCUSDT,1657411200000,21580.0,21594.2,20600.0,20853.8,468176.539
BTCUSDT,1657497600000,20853.8,20853.9,19870.0,19954.3,561245.987
BTCUSDT,1657584000000,19954.3,20048.9,19228.3,19322.9,640560.723
BTCUSDT,1657670400000,19322.9,20401.6,18901.0,20220.1,975938.165
BTCUSDT,1657756800000,20220.1,20900.0,19600.0,20578.6,765989.53
BTCUSDT,1657843200000,20578.6,21200.0,20364.3,20823.1,626763.692
BTCUSDT,1657929600000,20823.1,21580.0,20471.0,21183.5,539206.87
BTCUSDT,1658016000000,21183.6,21674.1,20742.0,20794.4,485537.728
BTCUSDT,1658102400000,20794.4,22800.0,20764.4,22423.9,982867.734
BTCUSDT,1658188800000,22423.5,23817.9,21575.0,23385.9,1124029.082
BTCUSDT,1658275200000,23385.9,24277.0,22912.4,23221.5,946647.815
BTCUSDT,1658361600000,23221.5,23441.1,22340.2,23144.5,723543.466
BTCUSDT,1658448000000,23144.5,23750.0,22500.0,22675.1,633907.934
BTCUSDT,1658534400000,22675.0,22990.0,21933.5,22440.2,505887.673
BTCUSDT,1658620800000,22440.1,22999.0,22256.4,22570.6,462958.953
BTCUSDT,1658707200000,22570.6,22656.8,21232.0,21300.0,695770.655
BTCUSDT,1658793600000,21300.0,21334.4,20689.6,21241.0,552498.903
BTCUSDT,1658880000000,21241.0,23100.0,21031.0,22941.1,753370.303
BTCUSDT,1658966400000,22941.1,24194.6,22583.1,23836.2,756741.836
BTCUSDT,1659052800000,23836.2,24500.0,23426.3,23771.1,642337.051
BTCUSDT,1659139200000,23771.0,24700.0,23505.0,23629.9,493824.816
BTCUSDT,1659225600000,23630.0,24187.3,23222.0,23290.1,385969.85
BTCUSDT,1659312000000,23290.1,23497.0,22836.2,23257.6,498378.292
BTCUSDT,1659398400000,23257.6,23448.7,22603.0,22975.1,625227.912
BTCUSDT,1659484800000,22975.1,23650.0,22665.3,22801.5,569261.768
BTCUSDT,1659571200000,22801.5,23211.3,22370.0,22608.9,548268.816
BTCUSDT,1659657600000,22608.9,23450.0,22580.6,23298.1,593992.13
BTCUSDT,1659744000000,23298.0,23341.8,22883.6,22943.3,227659.394
BTCUSDT,1659830400000,22943.2,23400.0,22830.9,23167.8,271512.062
BTCUSDT,1659916800000,23167.9,24243.0,23153.1,23804.4,565084.219
BTCUSDT,1660003200000,23804.3,23913.4,22850.0,23140.2,498286.943
BTCUSDT,1660089600000,23140.1,24235.2,22608.0,23940.9,760738.204
BTCUSDT,1660176000000,23941.0,24972.0,23840.6,23917.2,760455.245
BTCUSDT,1660262400000,23917.3,24438.8,23560.0,24387.5,477734.045
BTCUSDT,1660348800000,24387.5,24879.0,24267.5,24429.0,431093.659
BTCUSDT,1660435200000,24429.0,25065.0,24138.0,24294.1,437314.32
BTCUSDT,1660521600000,24294.1,25200.0,23762.0,24085.2,739390.721
BTCUSDT,1660608000000,24085.2,24234.0,23650.0,23843.0,460919.994
BTCUSDT,1660694400000,23843.0,24437.0,23170.0,23333.1,640600.903
BTCUSDT,1660780800000,23333.1,23595.0,23101.0,23185.1,347699.006
BTCUSDT,1660867200000,23185.0,23200.0,20760.0,20824.9,906609.825
BTCUSDT,1660953600000,20825.0,21368.9,20742.9,21127.8,490507.042
BTCUSDT,1661040000000,21127.7,21804.6,21055.0,21505.6,424282.424
BTCUSDT,1661126400000,21505.6,21550.0,20858.6,21387.0,588764.597
BTCUSDT,1661212800000,21387.0,21667.2,20874.8,21518.2,609745.27
BTCUSDT,1661299200000,21518.2,21925.6,21132.3,21354.9,502728.198
BTCUSDT,1661385600000,21355.0,21810.9,21295.3,21548.3,415757.992
BTCUSDT,1661472000000,21548.3,21867.6,20100.0,20228.7,896474.356
BTCUSDT,1661558400000,20228.7,20367.7,19744.0,20023.9,469598.024
BTCUSDT,1661644800000,20024.0,20155.0,19508.0,19547.5,386405.195
BTCUSDT,1661731200000,19547.5,20440.0,19539.4,20275.5,598076.669
BTCUSDT,1661817600000,20275.5,20574.0,19524.4,19803.1,767714.993
BTCUSDT,1661904000000,19803.2,20496.0,19787.9,20041.5,711639.339
BTCUSDT,1661990400000,20041.4,20198.3,19555.0,20122.5,691594.721
BTCUSDT,1662076800000,20122.6,20434.3,19736.0,19941.0,669047.816
BTCUSDT,1662163200000,19941.0,20050.0,19628.7,19820.7,285240.989
BTCUSDT,1662249600000,19820.7,20022.4,19570.0,19992.7,396798.184
BTCUSDT,1662336000000,19992.7,20046.7,19620.2,19784.9,446706.41
BTCUSDT,1662422400000,19784.9,20174.7,18600.0,18781.5,945489.142
BTCUSDT,1662508800000,18781.4,19455.0,18500.0,19287.0,595636.693
BTCUSDT,1662595200000,19287.0,19450.0,19003.8,19309.3,537268.644
BTCUSDT,1662681600000,19309.3,21666.0,19283.0,21352.0,992497.1
BTCUSDT,1662768000000,21352.0,21825.0,21112.2,21639.5,491543.206
BTCUSDT,1662854400000,21639.5,21883.4,21336.0,21820.3,420979.326
BTCUSDT,1662940800000,21820.3,22474.0,21540.0,22386.0,818601.932
BTCUSDT,1663027200000,22386.0,22850.0,19840.0,20162.5,1218769.927
BTCUSDT,1663113600000,20162.6,20528.5,19600.0,20217.0,661802.597
BTCUSDT,1663200000000,20217.0,20315.0,19453.0,19690.8,665862.067
BTCUSDT,1663286400000,19690.8,19878.0,19300.0,19792.5,544608.804
BTCUSDT,1663372800000,19792.4,20182.6,19739.4,20102.0,334678.558
BTCUSDT,1663459200000,20102.0,20105.3,19325.8,19404.5,499916.474
BTCUSDT,1663545600000,19404.5,19686.3,18215.0,19528.6,993776.352
BTCUSDT,1663632000000,19528.6,19625.0,18690.1,18866.8,794623.932
BTCUSDT,1663718400000,18866.7,20154.1,18084.3,18447.5,1168068.979
BTCUSDT,1663804800000,18447.5,19504.8,18345.2,19392.5,852898.391
BTCUSDT,1663891200000,19392.5,19492.0,18518.5,19280.7,838493.746
BTCUSDT,1663977600000,19280.7,19304.5,18798.0,18911.0,377158.215
BTCUSDT,1664064000000,18910.9,19196.0,18621.0,18799.7,410461.603
BTCUSDT,1664150400000,18799.7,19311.5,18671.0,19216.3,777807.518
BTCUSDT,1664236800000,19216.3,20375.0,18801.5,19070.1,1300566.158
BTCUSDT,1664323200000,19070.1,19787.6,18460.0,19407.3,1141222.772
BTCUSDT,1664409600000,19407.4,19648.8,18827.2,19582.5,991678.224
BTCUSDT,1664496000000,19582.5,20172.7,19066.0,19411.7,1071462.934
BTCUSDT,1664582400000,19411.6,19474.0,19140.0,19304.0,294457.009
BTCUSDT,1664668800000,19304.0,19389.0,18896.0,19049.4,414970.451
BTCUSDT,1664755200000,19049.3,19723.7,18950.8,19622.0,621816.329
BTCUSDT,1664841600000,19621.9,20500.0,19480.1,20333.0,796678.762
BTCUSDT,1664928000000,20332.9,20356.1,19707.0,20150.0,719577.149
BTCUSDT,1665014400000,20149.9,20443.9,19843.3,19954.0,782034.669
BTCUSDT,1665100800000,19954.0,20067.0,19304.4,19520.9,673407.102
BTCUSDT,1665187200000,19520.9,19619.6,19200.0,19406.2,253257.201
BTCUSDT,1665273600000,19406.3,19550.0,19310.0,19430.0,267178.795
BTCUSDT,1665360000000,19430.0,19513.0,19000.0,19124.0,560920.904
BTCUSDT,1665446400000,19124.1,19260.0,18850.0,19055.0,603358.324
BTCUSDT,1665532800000,19055.0,19240.0,18924.3,19148.0,406770.288
BTCUSDT,1665619200000,19148.1,19498.6,17917.8,19365.5,1104615.001
BTCUSDT,1665705600000,19365.4,19947.9,19059.6,19164.6,861453.21
BTCUSDT,1665792000000,19164.6,19218.8,18966.0,19060.4,241520.185
BTCUSDT,1665878400000,19060.4,19415.9,19058.0,19251.9,267921.192
BTCUSDT,1665964800000,19251.8,19666.0,19148.0,19540.6,502319.759
BTCUSDT,1666051200000,19540.7,19706.4,19081.0,19320.9,634343.154
BTCUSDT,1666137600000,19320.9,19349.8,19050.0,19116.7,404370.458
BTCUSDT,1666224000000,19116.6,19350.0,18882.4,19034.7,537627.048
BTCUSDT,1666310400000,19034.8,19240.0,18600.0,19150.9,581878.905
BTCUSDT,1666396800000,19151.0,19250.0,19103.5,19195.1,174055.042
BTCUSDT,1666483200000,19195.1,19690.0,19050.0,19560.7,358611.542
BTCUSDT,1666569600000,19560.6,19593.3,19146.0,19318.1,476676.536
BTCUSDT,1666656000000,19318.1,20415.0,19228.0,20068.3,777306.534
BTCUSDT,1666742400000,20068.3,21030.0,20041.1,20758.3,841864.982
BTCUSDT,1666828800000,20758.4,20863.7,20170.0,20285.5,614910.045
BTCUSDT,1666915200000,20285.6,20740.0,19951.0,20582.8,595538.882
BTCUSDT,1667001600000,20582.7,21088.0,20547.8,20796.7,482217.17
BTCUSDT,1667088000000,20796.7,20925.2,20503.0,20615.6,295389.69
BTCUSDT,1667174400000,20615.5,20838.7,20225.4,20482.0,478797.266
BTCUSDT,1667260800000,20482.1,20687.0,20320.0,20472.1,314676.187
BTCUSDT,1667347200000,20472.1,20796.0,20050.0,20140.1,651535.761
BTCUSDT,1667433600000,20140.2,20400.0,20026.0,20199.7,372121.061
BTCUSDT,1667520000000,20199.8,21297.0,20171.6,21137.6,824515.215
BTCUSDT,1667606400000,21137.6,21473.7,21071.1,21289.9,303983.372
BTCUSDT,1667692800000,21289.8,21355.8,20863.3,20900.0,277148.646
BTCUSDT,1667779200000,20900.0,21062.6,20374.0,20578.6,554408.316
BTCUSDT,1667865600000,20578.5,20685.0,16830.0,18534.0,2046476.313
BTCUSDT,1667952000000,18533.9,18574.9,15462.6,15905.0,2065606.412
BTCUSDT,1668038400000,15905.0,18230.0,15730.0,17588.0,1497093.602
BTCUSDT,1668124800000,17588.0,17678.0,16343.0,17058.3,955344.602
BTCUSDT,1668211200000,17058.4,17110.8,16623.8,16806.9,304455.717
BTCUSDT,1668297600000,16806.9,16950.0,16210.3,16321.2,349742.836
BTCUSDT,1668384000000,16321.3,17188.0,15805.5,16605.2,934392.484
BTCUSDT,1668470400000,16605.3,17127.2,16516.7,16888.3,649349.458
BTCUSDT,1668556800000,16888.3,17007.4,16358.0,16650.6,537241.645
BTCUSDT,1668643200000,16650.7,16741.7,16403.3,16682.1,408989.285
BTCUSDT,1668729600000,16682.1,16984.4,16541.1,16689.7,388612.842
BTCUSDT,1668816000000,16689.7,16814.5,16543.8,16692.9,171822.915
BTCUSDT,1668902400000,16693.0,16743.9,16167.1,16272.6,327599.214
BTCUSDT,1668988800000,16272.7,16304.3,15443.2,15773.0,790219.365
BTCUSDT,1669075200000,15772.9,16309.0,15610.3,16220.6,579333.644
BTCUSDT,1669161600000,16220.5,16703.4,16155.5,16595.8,546714.91
BTCUSDT,1669248000000,16595.8,16800.0,16450.0,16592.4,351024.418
BTCUSDT,1669334400000,16592.5,16639.9,16331.7,16516.1,306560.116
BTCUSDT,1669420800000,16516.2,16699.1,16369.1,16449.2,253401.659
BTCUSDT,1669507200000,16449.2,16594.2,16396.0,16422.6,189370.345
BTCUSDT,1669593600000,16422.5,16475.0,15984.1,16204.5,497137.869
BTCUSDT,1669680000000,16204.6,16543.0,16088.0,16433.2,391410.854
BTCUSDT,1669766400000,16433.3,17248.3,16421.5,17153.3,620324.95
BTCUSDT,1669852800000,17153.4,17348.5,16851.2,16970.5,411051.309
BTCUSDT,1669939200000,16970.5,17096.3,16760.0,17083.0,335039.215
BTCUSDT,1670025600000,17083.0,17160.0,16850.1,16879.5,185257.242
BTCUSDT,1670112000000,16879.5,17206.2,16874.1,17099.5,292090.868
BTCUSDT,1670198400000,17099.5,17430.0,16860.6,16958.3,519961.39
BTCUSDT,1670284800000,16958.2,17100.0,16899.9,17078.6,321330.613
BTCUSDT,1670371200000,17078.7,17130.0,16655.0,16828.0,337778.925
BTCUSDT,1670457600000,16828.0,17294.9,16710.4,17216.0,402157.335
BTCUSDT,1670544000000,17216.0,17365.4,17052.0,17122.0,290231.183
BTCUSDT,1670630400000,17122.0,17228.6,17081.0,17120.0,141895.207
BTCUSDT,1670716800000,17120.1,17265.0,17060.0,17077.3,171004.111
BTCUSDT,1670803200000,17077.3,17237.9,16865.0,17200.0,335856.258
BTCUSDT,1670889600000,17200.0,18100.0,17076.0,17777.1,596851.291
BTCUSDT,1670976000000,17777.1,18400.0,17659.4,17803.9,627511.699
BTCUSDT,1671062400000,17804.0,17849.5,17258.0,17351.8,437284.037
BTCUSDT,1671148800000,17351.9,17528.0,16521.1,16624.1,622150.245
BTCUSDT,1671235200000,16624.1,16790.0,16571.8,16768.0,248465.273
BTCUSDT,1671321600000,16768.1,16872.0,16656.0,16730.3,185898.213
BTCUSDT,1671408000000,16730.4,16809.6,16210.0,16429.2,344728.552
BTCUSDT,1671494400000,16429.2,17049.6,16390.3,16887.2,476171.098
BTCUSDT,1671580800000,16887.3,16924.2,16694.2,16819.6,227752.335
BTCUSDT,1671667200000,16819.7,16861.9,16556.1,16815.5,306610.961
BTCUSDT,1671753600000,16815.5,16960.0,16690.0,16776.4,264553.42
BTCUSDT,1671840000000,16776.3,16859.9,16774.4,16828.9,82410.79
BTCUSDT,1671926400000,16829.0,16850.0,16700.0,16824.4,144075.843
BTCUSDT,1672012800000,16824.5,16936.8,16781.1,16912.9,148128.699
BTCUSDT,1672099200000,16912.8,16968.0,16580.0,16698.2,262828.564
BTCUSDT,1672185600000,16698.2,16778.3,16455.6,16539.0,344649.858
BTCUSDT,1672272000000,16538.9,16659.0,16485.1,16630.3,208591.531
BTCUSDT,1672358400000,16630.3,16666.6,16320.0,16601.2,295630.49
BTCUSDT,1672444800000,16601.2,16640.0,16461.8,16537.6,134462.156
ETHUSDT,1651363200000,2725.1,2849.0,2714.5,2823.38,1217450.891
ETHUSDT,1651449600000,2823.38,2882.15,2774.97,2855.16,1598694.15
ETHUSDT,1651536000000,2855.15,2860.76,2753.0,2780.91,1170566.655
ETHUSDT,1651622400000,2780.92,2965.0,2770.08,2939.76,1716921.512
ETHUSDT,1651708800000,2939.76,2955.79,2684.84,2746.37,2174369.003
ETHUSDT,1651795200000,2746.36,2757.28,2630.0,2691.59,1917392.823
ETHUSDT,1651881600000,2691.6,2703.61,2581.89,2634.82,963077.904
ETHUSDT,1651968000000,2634.82,2641.11,2480.0,2518.9,1999269.154
ETHUSDT,1652054400000,2519.03,2530.88,2222.46,2227.48,4531752.048
ETHUSDT,1652140800000,2227.62,2455.88,2197.38,2340.86,4079487.756
ETHUSDT,1652227200000,2340.85,2451.86,2002.0,2083.98,5826464.141
ETHUSDT,1652313600000,2083.98,2193.7,1775.43,1959.78,5639772.981
ETHUSDT,1652400000000,1959.79,2149.99,1939.33,2008.49,2799355.876
ETHUSDT,1652486400000,2008.48,2068.6,1950.07,2055.0,1712302.978
ETHUSDT,1652572800000,2054.99,2174.32,2000.0,2144.07,1621232.284
ETHUSDT,1652659200000,2144.06,2144.07,1976.0,2022.89,2642704.669
ETHUSDT,1652745600000,2022.79,2124.1,2006.71,2090.0,1960680.703
ETHUSDT,1652832000000,2090.0,2110.89,1906.61,1914.2,2331823.162
ETHUSDT,1652918400000,1914.19,2039.3,1901.7,2019.46,2582771.916
ETHUSDT,1653004800000,2019.45,2064.74,1922.0,1958.69,2606153.056
ETHUSDT,1653091200000,1958.69,1990.75,1935.52,1973.94,1160939.76
ETHUSDT,1653177600000,1973.94,2056.73,1965.25,2042.63,1433318.968
ETHUSDT,1653264000000,2042.63,2088.6,1955.01,1972.45,2340762.693
ETHUSDT,1653350400000,1972.45,1993.72,1911.38,1978.56,2077293.838
ETHUSDT,1653436800000,1978.56,2022.74,1933.0,1942.0,2151769.493
ETHUSDT,1653523200000,1942.01,1965.28,1725.0,1791.02,4404820.882
ETHUSDT,1653609600000,1790.99,1821.85,1694.97,1726.55,4743622.208
ETHUSDT,1653696000000,1726.55,1809.33,1721.3,1791.74,2072895.705
ETHUSDT,1653782400000,1791.75,1829.0,1755.25,1812.45,1640982.631
ETHUSDT,1653868800000,1812.46,2013.56,1801.52,1997.87,3264009.122
ETHUSDT,1653955200000,1997.87,2016.77,1922.0,1941.68,2655076.664
ETHUSDT,1654041600000,1941.68,1972.77,1758.52,1817.1,3499271.987
ETHUSDT,1654128000000,1817.16,1852.99,1780.48,1833.37,2390879.573
ETHUSDT,1654214400000,1833.37,1843.33,1733.01,1774.15,2363750.458
ETHUSDT,1654300800000,1774.16,1815.48,1747.45,1803.71,1318917.819
ETHUSDT,1654387200000,1803.7,1830.0,1772.19,1805.39,1432385.263
ETHUSDT,1654473600000,1805.4,1919.33,1803.52,1859.11,2917516.33
ETHUSDT,1654560000000,1859.1,1875.0,1722.0,1812.61,4087315.102
ETHUSDT,1654646400000,1812.62,1840.13,1763.87,1791.02,2628755.953
ETHUSDT,1654732800000,1791.01,1832.7,1776.32,1788.03,1839669.689
ETHUSDT,1654819200000,1788.03,1803.82,1650.0,1661.95,3608897.284
ETHUSDT,1654905600000,1661.95,1680.97,1498.93,1532.19,4960438.976
ETHUSDT,1654992000000,1532.19,1548.81,1421.0,1434.35,6016472.456
ETHUSDT,1655078400000,1434.35,1454.58,1162.0,1209.04,17351785.758
ETHUSDT,1655164800000,1209.03,1268.9,1073.0,1208.32,12336657.753
ETHUSDT,1655251200000,1208.32,1249.4,1012.42,1236.49,15639610.636
ETHUSDT,1655337600000,1236.48,1257.29,1050.51,1067.77,8764835.417
ETHUSDT,1655424000000,1067.77,1118.0,1050.0,1085.99,6582676.581
ETHUSDT,1655510400000,1085.99,1097.0,878.04,994.09,11387513.195
ETHUSDT,1655596800000,994.09,1162.98,935.5,1127.88,10406484.218
ETHUSDT,1655683200000,1127.88,1174.0,1052.05,1127.83,8647003.105
ETHUSDT,1655769600000,1127.82,1194.0,1108.63,1125.47,6719191.952
ETHUSDT,1655856000000,1125.47,1126.81,1042.0,1049.4,6439701.679
ETHUSDT,1655942400000,1049.41,1156.01,1044.16,1143.71,5945329.708
ETHUSDT,1656028800000,1143.71,1244.94,1131.36,1224.42,6052742.304
ETHUSDT,1656115200000,1224.42,1258.0,1179.03,1241.6,4537650.045
ETHUSDT,1656201600000,1241.6,1280.0,1193.54,1197.21,4564404.562
ETHUSDT,1656288000000,1197.2,1238.89,1172.14,1191.9,4630510.301
ETHUSDT,1656374400000,1191.89,1239.66,1135.65,1143.5,5830850.719
ETHUSDT,1656460800000,1143.51,1156.76,1085.6,1099.32,6255310.525
ETHUSDT,1656547200000,1099.33,1106.6,995.0,1070.85,8433372.481
ETHUSDT,1656633600000,1070.9,1118.21,1032.65,1059.24,7465681.271
ETHUSDT,1656720000000,1059.16,1078.98,1026.16,1066.53,3974288.532
ETHUSDT,1656806400000,1066.53,1088.0,1040.01,1073.9,3749708.763
ETHUSDT,1656892800000,1073.91,1160.68,1044.33,1150.23,5930747.625
ETHUSDT,1656979200000,1150.23,1176.0,1075.0,1131.8,7139408.684
ETHUSDT,1657065600000,1131.81,1205.45,1111.03,1186.37,6534667.739
ETHUSDT,1657152000000,1186.36,1254.82,1162.93,1236.92,5320583.171
ETHUSDT,1657238400000,1236.91,1277.0,1192.0,1213.53,6498615.367
ETHUSDT,1657324800000,1213.53,1236.87,1203.75,1216.48,2797190.032
ETHUSDT,1657411200000,1216.49,1219.5,1152.0,1167.81,3568244.792
ETHUSDT,1657497600000,1167.81,1170.97,1091.1,1095.95,4532538.359
ETHUSDT,1657584000000,1095.88,1097.51,1032.09,1037.88,5644661.921
ETHUSDT,1657670400000,1037.88,1120.0,1005.0,1114.19,8490574.12
ETHUSDT,1657756800000,1114.18,1216.9,1070.57,1193.01,7455813.799
ETHUSDT,1657843200000,1193.01,1294.99,1180.74,1230.58,7636816.255
ETHUSDT,1657929600000,1230.59,1440.57,1191.41,1355.37,8366413.063
ETHUSDT,1658016000000,1355.38,1387.92,1316.0,1338.27,6374217.855
ETHUSDT,1658102400000,1338.28,1597.19,1335.49,1580.12,9898091.92
ETHUSDT,1658188800000,1580.12,1640.0,1492.57,1541.39,9494246.978
ETHUSDT,1658275200000,1541.4,1620.0,1477.0,1521.34,8184052.839
ETHUSDT,1658361600000,1521.26,1607.0,1462.3,1575.39,7325264.216
ETHUSDT,1658448000000,1575.38,1646.3,1515.75,1534.53,6728238.217
ETHUSDT,1658534400000,1534.53,1596.72,1485.53,1548.01,5150014.938
ETHUSDT,1658620800000,1548.01,1664.9,1543.45,1597.77,6366445.957
ETHUSDT,1658707200000,1597.77,1609.26,1433.2,1440.4,8130738.376
ETHUSDT,1658793600000,1440.4,1455.0,1355.0,1448.27,7673932.806
ETHUSDT,1658880000000,1448.28,1644.66,1420.22,1635.45,9108934.438
ETHUSDT,1658966400000,1635.46,1784.5,1595.0,1723.82,9638750.264
ETHUSDT,1659052800000,1723.83,1766.3,1656.0,1721.85,8322821.761
ETHUSDT,1659139200000,1721.85,1744.0,1671.0,1696.68,4893669.344
ETHUSDT,1659225600000,1696.68,1755.55,1666.0,1677.63,4341013.588
ETHUSDT,1659312000000,1677.63,1704.32,1605.5,1629.45,5621692.061
ETHUSDT,1659398400000,1629.45,1678.0,1557.8,1629.97,8048319.82
ETHUSDT,1659484800000,1629.98,1685.91,1588.5,1617.37,5772165.287
ETHUSDT,1659571200000,1617.37,1664.28,1580.0,1607.2,6186609.903
ETHUSDT,1659657600000,1607.2,1743.4,1605.0,1737.13,7645714.788
ETHUSDT,1659744000000,1737.12,1751.0,1685.03,1689.85,3673770.096
ETHUSDT,1659830400000,1689.84,1729.39,1667.0,1699.25,3426181.998
ETHUSDT,1659916800000,1699.25,1819.78,1693.15,1776.09,6333566.586
ETHUSDT,1660003200000,1776.08,1790.0,1666.05,1702.04,6330296.526
ETHUSDT,1660089600000,1702.04,1886.75,1655.0,1853.24,9215939.763
ETHUSDT,1660176000000,1853.25,1943.0,1849.8,1879.35,7873808.723
ETHUSDT,1660262400000,1879.35,1964.46,1852.0,1957.4,5535344.089
ETHUSDT,1660348800000,1957.4,2019.0,1945.5,1982.8,5390461.793
ETHUSDT,1660435200000,1982.79,2030.0,1905.0,1934.55,4960301.502
ETHUSDT,1660521600000,1934.56,2012.94,1871.0,1898.56,7812767.162
ETHUSDT,1660608000000,1898.55,1915.0,1850.0,1875.78,6218534.016
ETHUSDT,1660694400000,1875.79,1957.7,1818.01,1833.55,8253584.13
ETHUSDT,1660780800000,1833.55,1882.0,1820.11,1845.86,5330045.147
ETHUSDT,1660867200000,1845.86,1847.65,1601.85,1608.29,10707278.713
ETHUSDT,1660953600000,1608.29,1657.0,1520.64,1574.93,7333793.524
ETHUSDT,1661040000000,1574.92,1648.7,1560.0,1617.17,6301946.927
ETHUSDT,1661126400000,1617.17,1629.0,1528.0,1624.02,8702841.846
ETHUSDT,1661212800000,1624.02,1680.0,1562.41,1664.19,8533214.781
ETHUSDT,1661299200000,1664.19,1693.84,1605.0,1655.71,7245610.326
ETHUSDT,1661385600000,1655.71,1722.0,1652.27,1694.16,5903160.698
ETHUSDT,1661472000000,1694.15,1706.0,1485.0,1507.23,12030116.664
ETHUSDT,1661558400000,1507.22,1517.4,1443.4,1490.0,7282986.956
ETHUSDT,1661644800000,1490.0,1510.0,1423.1,1426.3,5691272.507
ETHUSDT,1661731200000,1426.29,1559.79,1420.59,1550.67,9032669.023
ETHUSDT,1661817600000,1550.66,1605.0,1471.92,1523.48,12249570.308
ETHUSDT,1661904000000,1523.49,1621.29,1523.26,1553.04,11937118.009
ETHUSDT,1661990400000,1553.04,1599.0,1505.0,1585.4,9119984.942
ETHUSDT,1662076800000,1585.4,1649.64,1545.0,1574.49,9144439.365
ETHUSDT,1662163200000,1574.49,1582.02,1532.6,1556.41,3937946.105
ETHUSDT,1662249600000,1556.42,1586.0,1539.7,1578.14,3969402.047
ETHUSDT,1662336000000,1578.14,1631.6,1555.72,1616.92,5810610.257
ETHUSDT,1662422400000,1616.93,1686.75,1551.7,1558.23,11076502.23
ETHUSDT,1662508800000,1558.23,1657.6,1486.16,1629.35,9094507.329
ETHUSDT,1662595200000,1629.36,1666.0,1594.0,1634.22,8111052.514
ETHUSDT,1662681600000,1634.23,1746.3,1629.25,1717.48,7591864.92
ETHUSDT,1662768000000,1717.49,1788.98,1705.0,1773.05,4234258.288
ETHUSDT,1662854400000,1773.04,1787.88,1718.02,1765.01,3909495.301
ETHUSDT,1662940800000,1765.0,1783.43,1691.28,1715.14,6512918.389
ETHUSDT,1663027200000,1715.15,1762.88,1556.78,1571.9,9660861.421
ETHUSDT,1663113600000,1571.91,1642.24,1548.0,1635.39,6491665.957
ETHUSDT,1663200000000,1635.4,1657.8,1455.0,1471.93,12706158.928
ETHUSDT,1663286400000,1471.94,1482.65,1403.0,1433.58,8136455.084
ETHUSDT,1663372800000,1433.58,1475.15,1408.15,1467.96,4366994.599
ETHUSDT,1663459200000,1467.96,1469.0,1320.0,1333.67,7139282.229
ETHUSDT,1663545600000,1333.68,1394.0,1276.62,1375.05,10278329.861
ETHUSDT,1663632000000,1375.05,1384.53,1311.0,1322.08,7850914.483
ETHUSDT,1663718400000,1322.09,1420.0,1218.0,1244.19,11244354.459
ETHUSDT,1663804800000,1244.2,1349.84,1235.6,1325.73,9848169.894
ETHUSDT,1663891200000,1325.73,1359.22,1260.75,1326.62,10875882.189
ETHUSDT,1663977600000,1326.62,1348.84,1305.36,1316.19,4603413.868
ETHUSDT,1664064000000,1316.18,1336.92,1268.19,1293.99,4839166.035
ETHUSDT,1664150400000,1293.98,1340.0,1277.55,1335.25,8104991.588
ETHUSDT,1664236800000,1335.25,1400.0,1303.02,1327.19,9686206.927
ETHUSDT,1664323200000,1327.2,1355.76,1250.0,1336.43,10608737.289
ETHUSDT,1664409600000,1336.43,1351.93,1287.24,1334.8,8973401.704
ETHUSDT,1664496000000,1334.8,1373.34,1307.53,1327.78,8510622.642
ETHUSDT,1664582400000,1327.78,1333.38,1301.0,1311.31,2763699.151
ETHUSDT,1664668800000,1311.32,1317.7,1266.66,1275.96,4140053.849
ETHUSDT,1664755200000,1275.95,1329.0,1260.48,1322.59,5798622.25
ETHUSDT,1664841600000,1322.58,1370.0,1318.06,1360.73,5536817.118
ETHUSDT,1664928000000,1360.73,1364.75,1315.27,1351.61,5456174.624
ETHUSDT,1665014400000,1351.6,1383.29,1344.0,1351.5,7101597.575
ETHUSDT,1665100800000,1351.5,1361.21,1316.22,1330.41,5119226.33
ETHUSDT,1665187200000,1330.42,1337.19,1302.0,1314.74,2182988.071
ETHUSDT,1665273600000,1314.75,1328.72,1306.41,1322.61,2303208.579
ETHUSDT,1665360000000,1322.6,1337.93,1284.38,1289.56,4968203.961
ETHUSDT,1665446400000,1289.57,1297.7,1265.0,1279.68,5514583.049
ETHUSDT,1665532800000,1279.67,1306.6,1274.35,1294.02,4405169.271
ETHUSDT,1665619200000,1294.02,1301.0,1176.0,1286.38,10523564.637
ETHUSDT,1665705600000,1286.38,1343.36,1282.74,1295.35,7171699.686
ETHUSDT,1665792000000,1295.34,1301.32,1262.12,1274.13,3049822.11
ETHUSDT,1665878400000,1274.12,1315.0,1273.98,1305.51,3282852.856
ETHUSDT,1665964800000,1305.52,1338.16,1295.0,1330.62,5154706.89
ETHUSDT,1666051200000,1330.62,1342.0,1285.11,1309.93,6506270.391
ETHUSDT,1666137600000,1309.93,1312.78,1275.56,1284.45,4389238.836
ETHUSDT,1666224000000,1284.45,1310.0,1270.0,1282.2,5294962.986
ETHUSDT,1666310400000,1282.19,1307.0,1248.0,1299.08,6030198.052
ETHUSDT,1666396800000,1299.08,1320.0,1293.67,1313.19,2486638.762
ETHUSDT,1666483200000,1313.18,1371.0,1298.22,1363.44,3682722.299
ETHUSDT,1666569600000,1363.43,1370.4,1322.25,1342.72,5502275.006
ETHUSDT,1666656000000,1342.73,1533.68,1334.16,1459.2,11473585.177
ETHUSDT,1666742400000,1459.19,1595.0,1456.69,1565.45,10817326.89
ETHUSDT,1666828800000,1565.45,1588.0,1500.46,1513.7,8021549.342
ETHUSDT,1666915200000,1513.7,1574.8,1475.0,1553.79,7430625.343
ETHUSDT,1667001600000,1553.8,1665.0,1546.71,1618.82,7454042.474
ETHUSDT,1667088000000,1618.82,1639.87,1574.6,1589.89,3955450.865
ETHUSDT,1667174400000,1589.88,1634.93,1543.72,1572.01,7113753.83
ETHUSDT,1667260800000,1572.0,1613.0,1562.7,1577.88,4495232.885
ETHUSDT,1667347200000,1577.88,1622.5,1501.0,1517.26,8956953.565
ETHUSDT,1667433600000,1517.26,1558.14,1514.07,1530.27,4820992.806
ETHUSDT,1667520000000,1530.27,1679.4,1527.78,1644.09,8773312.803
ETHUSDT,1667606400000,1644.08,1666.8,1620.1,1626.11,3007552.195
ETHUSDT,1667692800000,1626.11,1638.5,1561.32,1567.42,3810965.466
ETHUSDT,1667779200000,1567.42,1608.0,1544.94,1567.52,6311427.259
ETHUSDT,1667865600000,1567.52,1580.54,1195.22,1333.4,20492980.873
ETHUSDT,1667952000000,1333.4,1336.47,1071.14,1101.49,23279890.038
ETHUSDT,1668038400000,1101.53,1350.0,1083.77,1298.21,15328692.985
ETHUSDT,1668124800000,1298.3,1309.88,1199.57,1288.64,11730741.022
ETHUSDT,1668211200000,1288.67,1291.69,1238.0,1256.82,4582467.37
ETHUSDT,1668297600000,1256.85,1273.91,1200.0,1220.78,4739475.303
ETHUSDT,1668384000000,1220.78,1290.0,1170.5,1242.89,9479256.426
ETHUSDT,1668470400000,1242.9,1292.0,1232.52,1252.81,6157353.578
ETHUSDT,1668556800000,1252.8,1268.2,1185.59,1215.78,6410929.265
ETHUSDT,1668643200000,1215.72,1228.92,1181.0,1199.7,5819726.225
ETHUSDT,1668729600000,1199.7,1235.0,1198.48,1212.04,3844518.715
ETHUSDT,1668816000000,1212.05,1233.66,1196.0,1216.91,2150246.728
ETHUSDT,1668902400000,1216.9,1226.5,1131.6,1141.57,5200695.873
ETHUSDT,1668988800000,1141.53,1147.03,1077.32,1106.95,9738564.67
ETHUSDT,1669075200000,1106.94,1142.96,1071.52,1139.11,7509599.62
ETHUSDT,1669161600000,1139.11,1190.0,1127.01,1183.83,6642657.893
ETHUSDT,1669248000000,1183.84,1216.71,1179.72,1202.92,5188015.378
ETHUSDT,1669334400000,1202.93,1209.27,1170.99,1198.55,4268310.488
ETHUSDT,1669420800000,1198.55,1238.0,1195.08,1204.84,3881430.501
ETHUSDT,1669507200000,1205.0,1222.91,1186.58,1193.26,2990387.752
ETHUSDT,1669593600000,1193.25,1198.8,1150.25,1167.21,5581193.574
ETHUSDT,1669680000000,1167.2,1228.75,1156.06,1215.74,5916426.621
ETHUSDT,1669766400000,1215.75,1312.99,1211.53,1294.02,6987495.376
ETHUSDT,1669852800000,1294.09,1300.51,1262.0,1275.7,4742584.148
ETHUSDT,1669939200000,1275.7,1297.24,1264.43,1295.0,4241223.544
ETHUSDT,1670025600000,1294.99,1312.0,1235.17,1239.76,3733284.723
ETHUSDT,1670112000000,1239.76,1287.99,1239.13,1278.82,3873239.959
ETHUSDT,1670198400000,1278.82,1304.98,1246.0,1258.66,5401461.11
ETHUSDT,1670284800000,1258.67,1274.42,1240.55,1270.72,4094634.401
ETHUSDT,1670371200000,1270.72,1278.3,1217.02,1230.83,4598453.506
ETHUSDT,1670457600000,1230.78,1294.31,1221.0,1279.73,5403214.246
ETHUSDT,1670544000000,1279.72,1297.63,1254.0,1262.31,4410565.839
ETHUSDT,1670630400000,1262.31,1283.92,1258.58,1265.88,2219440.107
ETHUSDT,1670716800000,1265.87,1284.9,1255.0,1262.43,2427305.929
ETHUSDT,1670803200000,1262.43,1278.83,1238.5,1274.88,4101114.474
ETHUSDT,1670889600000,1274.89,1350.0,1254.32,1321.06,7377534.339
ETHUSDT,1670976000000,1321.05,1354.4,1300.17,1307.76,5647195.942
ETHUSDT,1671062400000,1307.76,1311.86,1256.1,1266.26,4199459.837
ETHUSDT,1671148800000,1266.26,1279.76,1154.7,1166.2,7218530.189
ETHUSDT,1671235200000,1166.19,1190.0,1161.07,1186.45,3336484.36
ETHUSDT,1671321600000,1186.44,1196.0,1171.12,1182.45,2877052.211
ETHUSDT,1671408000000,1182.45,1194.86,1148.0,1167.21,4295030.572
ETHUSDT,1671494400000,1167.21,1232.0,1162.5,1216.21,5778341.186
ETHUSDT,1671580800000,1216.22,1226.0,1202.06,1213.21,2943786.951
ETHUSDT,1671667200000,1213.21,1239.99,1182.0,1217.39,4400633.138
ETHUSDT,1671753600000,1217.38,1234.25,1208.33,1219.5,3311152.464
ETHUSDT,1671840000000,1219.5,1229.0,1214.0,1219.96,1200985.985
ETHUSDT,1671926400000,1219.96,1225.0,1187.54,1217.96,2475907.604
ETHUSDT,1672012800000,1217.97,1231.49,1210.0,1227.57,1928492.812
ETHUSDT,1672099200000,1227.57,1233.97,1200.0,1211.29,3078179.63
ETHUSDT,1672185600000,1211.29,1215.42,1177.5,1189.93,4121050.599
ETHUSDT,1672272000000,1189.94,1207.97,1186.24,1200.35,3022857.135
ETHUSDT,1672358400000,1200.36,1203.0,1180.0,1199.66,2868990.449
ETHUSDT,1672444800000,1199.67,1209.0,1190.26,1196.1,1688387.94
LINKUSDT,1651363200000,10.951,11.476,10.802,11.293,14173333.23
LINKUSDT,1651449600000,11.292,11.435,10.75,11.168,13974043.05
LINKUSDT,1651536000000,11.168,11.495,10.785,11.117,12722341.9
LINKUSDT,1651622400000,11.117,12.208,11.078,12.193,17353367.82
LINKUSDT,1651708800000,12.193,12.288,10.559,10.907,22112229.53
LINKUSDT,1651795200000,10.906,11.019,10.384,10.781,17290908.25
LINKUSDT,1651881600000,10.781,10.842,9.971,10.205,15299422.85
LINKUSDT,1651968000000,10.205,10.371,9.83,9.99,18033089.81
LINKUSDT,1652054400000,9.99,10.16,7.983,8.081,47369223.58
LINKUSDT,1652140800000,8.081,9.318,7.875,8.577,51843817.94
LINKUSDT,1652227200000,8.576,8.844,6.528,6.936,67212488.61
LINKUSDT,1652313600000,6.936,7.414,5.519,6.562,66902457.09
LINKUSDT,1652400000000,6.562,7.702,6.471,7.146,31553195.42
LINKUSDT,1652486400000,7.145,7.44,6.624,7.246,19372660.1
LINKUSDT,1652572800000,7.248,7.985,7.006,7.96,17773023.85
LINKUSDT,1652659200000,7.959,7.963,7.152,7.418,22434482.88
LINKUSDT,1652745600000,7.418,7.969,7.288,7.71,17704223.42
LINKUSDT,1652832000000,7.707,7.808,6.774,6.798,19572096.4
LINKUSDT,1652918400000,6.803,7.257,6.637,7.218,19585619.43
LINKUSDT,1653004800000,7.218,7.363,6.743,6.864,21639087.88
LINKUSDT,1653091200000,6.864,7.118,6.76,7.05,11407202.37
LINKUSDT,1653177600000,7.051,7.403,6.908,7.319,17201508.65
LINKUSDT,1653264000000,7.317,7.675,6.97,7.022,22141992.3
LINKUSDT,1653350400000,7.021,7.3,6.708,7.23,24836847.64
LINKUSDT,1653436800000,7.23,7.394,6.936,6.951,19553395.64
LINKUSDT,1653523200000,6.951,7.089,6.204,6.565,28701749.39
LINKUSDT,1653609600000,6.563,6.702,6.207,6.283,31895442.02
LINKUSDT,1653696000000,6.284,6.651,6.203,6.564,19052023.24
LINKUSDT,1653782400000,6.564,6.743,6.329,6.709,15595601.54
LINKUSDT,1653868800000,6.708,7.516,6.645,7.452,24071935.97
LINKUSDT,1653955200000,7.452,7.728,7.168,7.587,23928819.91
LINKUSDT,1654041600000,7.588,7.764,6.743,6.926,25542860.86
LINKUSDT,1654128000000,6.926,7.241,6.807,7.192,16037977.58
LINKUSDT,1654214400000,7.192,7.215,6.682,6.85,17942579.38
LINKUSDT,1654300800000,6.849,7.438,6.675,7.406,18671616.4
LINKUSDT,1654387200000,7.405,7.894,7.242,7.642,53422050.96
LINKUSDT,1654473600000,7.643,8.199,7.619,7.972,43668738.95
LINKUSDT,1654560000000,7.972,8.994,7.305,8.704,57978880.26
LINKUSDT,1654646400000,8.708,8.98,8.223,8.7,51602192.62
LINKUSDT,1654732800000,8.701,9.672,8.485,9.265,78034175.42
LINKUSDT,1654819200000,9.266,9.539,7.986,8.033,74019786.82
LINKUSDT,1654905600000,8.033,8.419,6.928,7.04,73156454.4
LINKUSDT,1654992000000,7.041,7.138,6.25,6.264,70791519.19
LINKUSDT,1655078400000,6.261,6.336,5.288,5.922,141244489.81
LINKUSDT,1655164800000,5.922,6.876,5.385,6.726,110674494.38
LINKUSDT,1655251200000,6.728,7.369,5.828,7.319,127007544.21
LINKUSDT,1655337600000,7.319,7.502,6.202,6.355,69362741.77
LINKUSDT,1655424000000,6.354,6.734,6.252,6.357,47033058.12
LINKUSDT,1655510400000,6.358,6.464,5.391,5.921,70748773.4
LINKUSDT,1655596800000,5.92,6.812,5.822,6.601,61264340.98
LINKUSDT,1655683200000,6.598,7.285,6.307,6.98,52021246.21
LINKUSDT,1655769600000,6.98,7.565,6.746,6.854,49743384.52
LINKUSDT,1655856000000,6.856,7.029,6.455,6.62,44270636.4
LINKUSDT,1655942400000,6.619,7.092,6.599,6.985,37809695.8
LINKUSDT,1656028800000,6.986,7.436,6.944,7.259,32890315.43
LINKUSDT,1656115200000,7.26,7.374,6.789,7.259,29245618.82
LINKUSDT,1656201600000,7.257,7.495,6.681,6.693,30583120.07
LINKUSDT,1656288000000,6.693,6.992,6.392,6.553,32690397.25
LINKUSDT,1656374400000,6.553,7.26,6.264,6.314,66422031.8
LINKUSDT,1656460800000,6.314,6.487,6.126,6.233,45725365.88
LINKUSDT,1656547200000,6.231,6.318,5.87,6.27,49378205.44
LINKUSDT,1656633600000,6.27,6.427,5.927,6.075,40695031.07
LINKUSDT,1656720000000,6.076,6.284,5.974,6.22,25465758.13
LINKUSDT,1656806400000,6.221,6.246,6.008,6.216,22521592.8
LINKUSDT,1656892800000,6.217,6.456,6.011,6.429,30136129.3
LINKUSDT,1656979200000,6.428,6.556,6.047,6.305,37586445.85
LINKUSDT,1657065600000,6.305,6.42,6.164,6.335,27523033.16
LINKUSDT,1657152000000,6.334,6.75,6.304,6.635,29493612.96
LINKUSDT,1657238400000,6.635,6.838,6.327,6.349,37033263.18
LINKUSDT,1657324800000,6.348,6.58,6.342,6.481,17904462.36
LINKUSDT,1657411200000,6.482,6.487,6.096,6.19,21427388.77
LINKUSDT,1657497600000,6.191,6.435,5.977,6.039,40896884.66
LINKUSDT,1657584000000,6.038,6.237,5.916,5.945,30846161.6
LINKUSDT,1657670400000,5.943,6.2,5.677,6.17,39850015.12
LINKUSDT,1657756800000,6.169,6.39,5.987,6.271,31823151.19
LINKUSDT,1657843200000,6.271,6.457,6.112,6.321,31549040.43
LINKUSDT,1657929600000,6.321,6.614,6.138,6.594,25637890.96
LINKUSDT,1658016000000,6.593,6.711,6.308,6.345,21191699.09
LINKUSDT,1658102400000,6.345,7.146,6.325,7.033,41261000.0
LINKUSDT,1658188800000,7.034,7.384,6.73,7.249,41924802.6
LINKUSDT,1658275200000,7.251,7.58,6.819,6.862,39282391.39
LINKUSDT,1658361600000,6.861,7.05,6.636,6.989,28301025.29
LINKUSDT,1658448000000,6.989,7.284,6.737,6.78,26209053.3
LINKUSDT,1658534400000,6.78,7.025,6.603,6.841,18460219.44
LINKUSDT,1658620800000,6.841,7.249,6.835,7.091,21642614.35
LINKUSDT,1658707200000,7.091,7.143,6.393,6.425,26534630.0
LINKUSDT,1658793600000,6.425,6.444,6.071,6.337,24079978.23
LINKUSDT,1658880000000,6.338,6.864,6.182,6.853,24472032.26
LINKUSDT,1658966400000,6.853,7.296,6.669,7.216,26808698.18
LINKUSDT,1659052800000,7.218,8.122,7.106,7.882,51664066.1
LINKUSDT,1659139200000,7.884,8.209,7.67,7.819,33202237.31
LINKUSDT,1659225600000,7.819,8.087,7.573,7.65,26261268.7
LINKUSDT,1659312000000,7.649,7.882,7.406,7.567,21868432.03
LINKUSDT,1659398400000,7.568,7.665,7.014,7.173,25515163.64
LINKUSDT,1659484800000,7.174,7.636,7.043,7.277,21302039.56
LINKUSDT,1659571200000,7.278,7.538,7.165,7.359,19864920.98
LINKUSDT,1659657600000,7.358,7.896,7.343,7.874,25602081.81
LINKUSDT,1659744000000,7.875,8.113,7.732,7.788,16748981.51
LINKUSDT,1659830400000,7.789,8.38,7.651,8.341,22529735.66
LINKUSDT,1659916800000,8.342,8.79,8.22,8.604,44996802.21
LINKUSDT,1660003200000,8.604,8.955,8.266,8.738,45547323.78
LINKUSDT,1660089600000,8.738,9.299,8.29,9.05,48404294.81
LINKUSDT,1660176000000,9.049,9.224,8.81,8.957,32164841.19
LINKUSDT,1660262400000,8.956,9.503,8.793,9.317,43093747.87
LINKUSDT,1660348800000,9.319,9.48,9.05,9.141,20582349.81
LINKUSDT,1660435200000,9.14,9.365,8.66,8.764,24003082.35
LINKUSDT,1660521600000,8.764,9.054,8.485,8.641,29477121.06
LINKUSDT,1660608000000,8.64,8.819,8.366,8.444,23929211.77
LINKUSDT,1660694400000,8.444,8.739,7.981,8.057,25041745.93
LINKUSDT,1660780800000,8.058,8.235,7.596,7.644,24344935.25
LINKUSDT,1660867200000,7.643,7.695,6.81,6.894,47318497.34
LINKUSDT,1660953600000,6.893,7.202,6.658,6.893,31243734.2
LINKUSDT,1661040000000,6.892,7.163,6.871,7.076,21060145.58
LINKUSDT,1661126400000,7.075,7.083,6.67,7.036,23953544.86
LINKUSDT,1661212800000,7.036,7.35,6.767,7.236,25247123.16
LINKUSDT,1661299200000,7.236,7.376,7.009,7.119,19477135.05
LINKUSDT,1661385600000,7.118,7.369,7.0,7.12,19168214.67
LINKUSDT,1661472000000,7.119,7.183,6.393,6.497,32573123.61
LINKUSDT,1661558400000,6.497,6.613,6.404,6.526,19547438.05
LINKUSDT,1661644800000,6.525,6.628,6.218,6.25,19808535.35
LINKUSDT,1661731200000,6.25,6.726,6.185,6.693,21207022.62
LINKUSDT,1661817600000,6.692,6.824,6.361,6.555,22529369.41
LINKUSDT,1661904000000,6.555,6.896,6.54,6.62,22435631.39
LINKUSDT,1661990400000,6.62,6.955,6.441,6.92,23519943.01
LINKUSDT,1662076800000,6.92,7.248,6.783,6.922,29260330.26
LINKUSDT,1662163200000,6.921,6.963,6.714,6.852,11863557.89
LINKUSDT,1662249600000,6.853,7.28,6.783,7.149,32028522.45
LINKUSDT,1662336000000,7.148,7.43,7.088,7.371,35778613.39
LINKUSDT,1662422400000,7.372,7.583,6.567,6.652,35884768.73
LINKUSDT,1662508800000,6.652,7.143,6.57,7.081,24243765.6
LINKUSDT,1662595200000,7.083,7.504,7.0,7.401,30052185.55
LINKUSDT,1662681600000,7.403,8.099,7.386,7.736,39624013.7
LINKUSDT,1662768000000,7.737,8.027,7.61,7.898,24006268.11
LINKUSDT,1662854400000,7.899,8.173,7.723,8.022,22719732.12
LINKUSDT,1662940800000,8.023,8.306,7.6,7.751,33182680.97
LINKUSDT,1663027200000,7.752,7.954,7.012,7.017,28776270.76
LINKUSDT,1663113600000,7.017,7.539,6.971,7.451,27743840.23
LINKUSDT,1663200000000,7.45,7.599,7.01,7.56,34893543.42
LINKUSDT,1663286400000,7.561,7.8,7.414,7.653,38291250.01
LINKUSDT,1663372800000,7.653,8.139,7.635,8.085,28075400.03
LINKUSDT,1663459200000,8.085,8.134,7.384,7.518,32287043.84
LINKUSDT,1663545600000,7.519,7.675,7.002,7.296,35742748.74
LINKUSDT,1663632000000,7.295,7.333,6.8,6.882,29591323.98
LINKUSDT,1663718400000,6.881,7.314,6.512,6.673,37888363.15
LINKUSDT,1663804800000,6.672,7.174,6.631,7.118,21097761.64
LINKUSDT,1663891200000,7.118,7.49,6.955,7.445,37936026.95
LINKUSDT,1663977600000,7.444,7.87,7.363,7.625,44369223.07
LINKUSDT,1664064000000,7.624,8.076,7.56,7.86,62196428.26
LINKUSDT,1664150400000,7.861,7.955,7.458,7.936,50250470.82
LINKUSDT,1664236800000,7.936,8.397,7.65,8.053,63963198.5
LINKUSDT,1664323200000,8.053,8.537,7.72,7.787,113518260.27
LINKUSDT,1664409600000,7.788,7.938,7.567,7.895,58725620.88
LINKUSDT,1664496000000,7.896,7.913,7.5,7.581,37254127.48
LINKUSDT,1664582400000,7.581,7.645,7.307,7.389,24419764.59
LINKUSDT,1664668800000,7.389,7.54,7.08,7.106,28854920.7
LINKUSDT,1664755200000,7.106,7.349,7.009,7.322,32710754.37
LINKUSDT,1664841600000,7.323,7.829,7.315,7.716,48662345.54
LINKUSDT,1664928000000,7.717,7.938,7.582,7.87,45938394.75
LINKUSDT,1665014400000,7.869,7.934,7.587,7.627,31547822.99
LINKUSDT,1665100800000,7.628,7.795,7.465,7.6,27598518.53
LINKUSDT,1665187200000,7.6,7.654,7.332,7.452,15017018.38
LINKUSDT,1665273600000,7.452,7.653,7.411,7.624,17903817.35
LINKUSDT,1665360000000,7.624,7.732,7.317,7.328,33049469.13
LINKUSDT,1665446400000,7.328,7.382,7.061,7.129,34720926.42
LINKUSDT,1665532800000,7.129,7.27,7.081,7.142,21887205.86
LINKUSDT,1665619200000,7.141,7.155,6.288,7.021,52795030.45
LINKUSDT,1665705600000,7.019,7.248,6.79,6.883,29775923.42
LINKUSDT,1665792000000,6.882,6.983,6.812,6.879,16237887.15
LINKUSDT,1665878400000,6.879,7.235,6.869,7.164,25005636.83
LINKUSDT,1665964800000,7.164,7.371,7.062,7.325,28582327.41
LINKUSDT,1666051200000,7.325,7.368,6.956,7.123,27952468.25
LINKUSDT,1666137600000,7.122,7.132,6.7,6.768,25152385.01
LINKUSDT,1666224000000,6.769,6.909,6.596,6.655,28115846.19
LINKUSDT,1666310400000,6.655,6.845,6.435,6.806,31657200.47
LINKUSDT,1666396800000,6.805,6.927,6.719,6.866,14363590.92
LINKUSDT,1666483200000,6.866,7.086,6.801,7.064,20052022.8
LINKUSDT,1666569600000,7.064,7.084,6.784,6.902,21690814.73
LINKUSDT,1666656000000,6.903,7.279,6.809,7.057,33960957.88
LINKUSDT,1666742400000,7.058,7.291,7.024,7.153,30056180.76
LINKUSDT,1666828800000,7.153,7.364,6.85,6.888,31068632.68
LINKUSDT,1666915200000,6.888,7.199,6.82,7.105,25525699.3
LINKUSDT,1667001600000,7.105,7.655,7.076,7.633,38158044.33
LINKUSDT,1667088000000,7.632,7.925,7.487,7.777,43114075.19
LINKUSDT,1667174400000,7.776,8.325,7.657,7.848,71598320.72
LINKUSDT,1667260800000,7.848,7.919,7.622,7.68,27132746.71
LINKUSDT,1667347200000,7.679,7.993,7.332,7.428,57402809.05
LINKUSDT,1667433600000,7.428,8.029,7.382,7.716,48216650.35
LINKUSDT,1667520000000,7.717,8.895,7.654,8.712,68242924.44
LINKUSDT,1667606400000,8.712,9.0,8.564,8.661,37432318.9
LINKUSDT,1667692800000,8.661,8.768,8.085,8.096,31573146.47
LINKUSDT,1667779200000,8.096,9.244,7.89,8.948,69542518.98
LINKUSDT,1667865600000,8.95,9.48,6.47,7.702,224381002.88
LINKUSDT,1667952000000,7.702,7.89,5.753,6.228,142227113.8
LINKUSDT,1668038400000,6.227,7.514,6.083,7.204,86764535.76
LINKUSDT,1668124800000,7.204,7.334,6.505,7.039,49025560.85
LINKUSDT,1668211200000,7.041,7.055,6.171,6.278,60643649.46
LINKUSDT,1668297600000,6.278,6.541,5.93,6.073,38048677.85
LINKUSDT,1668384000000,6.074,6.433,5.683,6.285,63376640.81
LINKUSDT,1668470400000,6.285,6.666,6.202,6.417,49143793.43
LINKUSDT,1668556800000,6.418,6.56,6.071,6.174,38270050.9
LINKUSDT,1668643200000,6.174,6.34,6.024,6.223,35818133.41
LINKUSDT,1668729600000,6.222,6.412,6.064,6.178,33628199.65
LINKUSDT,1668816000000,6.179,6.219,5.979,6.141,21392841.61
LINKUSDT,1668902400000,6.142,6.247,5.7,5.76,35122128.17
LINKUSDT,1668988800000,5.76,5.894,5.522,5.87,56748766.91
LINKUSDT,1669075200000,5.871,6.481,5.833,6.419,94298409.11
LINKUSDT,1669161600000,6.419,6.81,6.337,6.701,65587177.55
LINKUSDT,1669248000000,6.701,6.978,6.581,6.825,53655263.99
LINKUSDT,1669334400000,6.824,6.994,6.654,6.843,46821167.52
LINKUSDT,1669420800000,6.844,7.293,6.818,7.152,60370369.66
LINKUSDT,1669507200000,7.152,7.273,6.856,6.9,39573538.25
LINKUSDT,1669593600000,6.899,7.347,6.524,7.19,89777836.01
LINKUSDT,1669680000000,7.19,7.51,7.121,7.313,67984693.3
LINKUSDT,1669766400000,7.313,7.754,7.263,7.666,69424047.28
LINKUSDT,1669852800000,7.666,7.809,7.429,7.678,60074298.25
LINKUSDT,1669939200000,7.679,7.724,7.45,7.604,43621176.28
LINKUSDT,1670025600000,7.604,7.63,7.201,7.233,31507001.45
LINKUSDT,1670112000000,7.233,7.466,7.173,7.439,31726364.55
LINKUSDT,1670198400000,7.437,7.593,7.155,7.27,40877489.84
LINKUSDT,1670284800000,7.27,7.331,6.951,7.126,41208834.38
LINKUSDT,1670371200000,7.127,7.156,6.73,6.877,41630221.29
LINKUSDT,1670457600000,6.877,7.063,6.77,6.997,32804433.14
LINKUSDT,1670544000000,6.997,7.048,6.791,6.859,26846265.53
LINKUSDT,1670630400000,6.859,6.917,6.687,6.852,21820100.81
LINKUSDT,1670716800000,6.852,6.957,6.627,6.694,21999721.07
LINKUSDT,1670803200000,6.694,6.724,6.433,6.696,31112726.43
LINKUSDT,1670889600000,6.696,7.044,6.461,6.924,50650057.35
LINKUSDT,1670976000000,6.925,6.964,6.681,6.716,31394400.71
LINKUSDT,1671062400000,6.716,6.73,6.378,6.451,30606210.88
LINKUSDT,1671148800000,6.451,6.538,5.771,5.889,49885834.12
LINKUSDT,1671235200000,5.889,6.062,5.783,6.025,32879431.79
LINKUSDT,1671321600000,6.027,6.061,5.91,5.948,22190161.77
LINKUSDT,1671408000000,5.948,6.066,5.658,5.786,44578858.28
LINKUSDT,1671494400000,5.785,6.119,5.748,6.01,38690376.97
LINKUSDT,1671580800000,6.011,6.042,5.879,5.984,27201335.32
LINKUSDT,1671667200000,5.984,6.039,5.852,6.003,28529502.45
LINKUSDT,1671753600000,6.003,6.052,5.918,5.936,23350963.63
LINKUSDT,1671840000000,5.936,5.96,5.875,5.913,11258901.57
LINKUSDT,1671926400000,5.913,5.994,5.88,5.984,17381883.09
LINKUSDT,1672012800000,5.985,6.045,5.934,6.045,17955858.42
LINKUSDT,1672099200000,6.044,6.067,5.843,5.9,22573806.24
LINKUSDT,1672185600000,5.899,5.911,5.62,5.673,39835880.01
LINKUSDT,1672272000000,5.672,5.732,5.49,5.597,37335369.02
LINKUSDT,1672358400000,5.596,5.64,5.408,5.474,34928975.76
LINKUSDT,1672444800000,5.473,5.627,5.38,5.573,26566139.88
MATICUSDT,1651363200000,1.0317,1.1215,1.012,1.0985,210333918.0
MATICUSDT,1651449600000,1.0984,1.12,1.035,1.0758,175584113.0
MATICUSDT,1651536000000,1.0758,1.116,1.0527,1.0756,130141341.0
MATICUSDT,1651622400000,1.0756,1.1733,1.0687,1.1715,163540301.0
MATICUSDT,1651708800000,1.1715,1.1864,1.027,1.0636,210346898.0
MATICUSDT,1651795200000,1.0636,1.0756,1.0103,1.0418,189669187.0
MATICUSDT,1651881600000,1.0418,1.0662,0.99,1.0184,192204963.0
MATICUSDT,1651968000000,1.0183,1.0292,0.9585,0.9753,191848728.0
MATICUSDT,1652054400000,0.9754,0.9913,0.7852,0.8091,462097243.0
MATICUSDT,1652140800000,0.809,0.9881,0.7894,0.8886,783113489.0
MATICUSDT,1652227200000,0.8886,0.9115,0.6025,0.674,931390683.0
MATICUSDT,1652313600000,0.6743,0.7174,0.4996,0.6004,907535779.0
MATICUSDT,1652400000000,0.6005,0.7528,0.5893,0.6665,437859430.0
MATICUSDT,1652486400000,0.6665,0.7123,0.6148,0.6844,275341318.0
MATICUSDT,1652572800000,0.6844,0.7426,0.655,0.7416,227415580.0
MATICUSDT,1652659200000,0.7416,0.7417,0.657,0.6771,265535822.0
MATICUSDT,1652745600000,0.6771,0.7355,0.6738,0.7261,234365934.0
MATICUSDT,1652832000000,0.7262,0.738,0.6232,0.6262,261560859.0
MATICUSDT,1652918400000,0.6263,0.6734,0.6085,0.6582,265568392.0
MATICUSDT,1653004800000,0.6582,0.679,0.616,0.6333,244144581.0
MATICUSDT,1653091200000,0.6333,0.6609,0.6201,0.6491,151479605.0
MATICUSDT,1653177600000,0.6491,0.6821,0.6402,0.6756,157505631.0
MATICUSDT,1653264000000,0.6755,0.7008,0.6343,0.6411,250129194.0
MATICUSDT,1653350400000,0.6412,0.6681,0.61,0.6626,234898316.0
MATICUSDT,1653436800000,0.6626,0.6734,0.6269,0.6451,241020414.0
MATICUSDT,1653523200000,0.645,0.6595,0.5743,0.5978,419569596.0
MATICUSDT,1653609600000,0.5977,0.6114,0.5638,0.5745,418164286.0
MATICUSDT,1653696000000,0.5745,0.5964,0.5683,0.5867,187402759.0
MATICUSDT,1653782400000,0.5867,0.6018,0.5737,0.599,197984949.0
MATICUSDT,1653868800000,0.599,0.6608,0.5942,0.6571,292822317.0
MATICUSDT,1653955200000,0.6571,0.6841,0.643,0.6621,286819536.0
MATICUSDT,1654041600000,0.662,0.6715,0.5844,0.5998,298115670.0
MATICUSDT,1654128000000,0.5998,0.6222,0.5897,0.6186,204705319.0
MATICUSDT,1654214400000,0.6186,0.6202,0.5756,0.589,190513296.0
MATICUSDT,1654300800000,0.589,0.6006,0.575,0.5959,126128948.0
MATICUSDT,1654387200000,0.5955,0.6066,0.5835,0.5974,119615828.0
MATICUSDT,1654473600000,0.5974,0.656,0.5952,0.6321,281874776.0
MATICUSDT,1654560000000,0.6322,0.6329,0.5818,0.6167,267573459.0
MATICUSDT,1654646400000,0.6168,0.6326,0.6005,0.6061,175172703.0
MATICUSDT,1654732800000,0.6062,0.6529,0.6013,0.6331,232611113.0
MATICUSDT,1654819200000,0.6332,0.6625,0.5878,0.5937,345101076.0
MATICUSDT,1654905600000,0.5941,0.6068,0.5308,0.5402,247602568.0
MATICUSDT,1654992000000,0.5404,0.5467,0.4949,0.4961,302283581.0
MATICUSDT,1655078400000,0.4961,0.5038,0.4037,0.43,682015857.0
MATICUSDT,1655164800000,0.4302,0.453,0.3947,0.4149,496739547.0
MATICUSDT,1655251200000,0.4148,0.4396,0.3625,0.4391,714749032.0
MATICUSDT,1655337600000,0.439,0.4452,0.3748,0.3828,423435258.0
MATICUSDT,1655424000000,0.3827,0.408,0.3777,0.3995,301540333.0
MATICUSDT,1655510400000,0.3996,0.4073,0.3158,0.3454,583336082.0
MATICUSDT,1655596800000,0.3454,0.3856,0.3263,0.3839,517241934.0
MATICUSDT,1655683200000,0.3838,0.4108,0.3587,0.4005,452529915.0
MATICUSDT,1655769600000,0.4004,0.4544,0.392,0.4198,488623363.0
MATICUSDT,1655856000000,0.4199,0.4714,0.3944,0.4554,767842427.0
MATICUSDT,1655942400000,0.4555,0.575,0.4552,0.5617,2212837864.0
MATICUSDT,1656028800000,0.5617,0.6282,0.5613,0.6067,1712725719.0
MATICUSDT,1656115200000,0.6066,0.6263,0.5656,0.6008,843696960.0
MATICUSDT,1656201600000,0.6008,0.6265,0.5554,0.5581,643748559.0
MATICUSDT,1656288000000,0.5579,0.5963,0.52,0.5319,807848552.0
MATICUSDT,1656374400000,0.5319,0.575,0.5034,0.5107,1030137992.0
MATICUSDT,1656460800000,0.5105,0.5465,0.4846,0.4971,1133676018.0
MATICUSDT,1656547200000,0.4972,0.4976,0.4176,0.4808,1182995050.0
MATICUSDT,1656633600000,0.4806,0.4985,0.4492,0.4618,807919338.0
MATICUSDT,1656720000000,0.4619,0.4963,0.4484,0.4928,495945923.0
MATICUSDT,1656806400000,0.4928,0.4944,0.4488,0.4617,589256436.0
MATICUSDT,1656892800000,0.4617,0.4955,0.4508,0.4916,500288641.0
MATICUSDT,1656979200000,0.4915,0.5357,0.4851,0.5122,1361304507.0
MATICUSDT,1657065600000,0.5122,0.5308,0.4926,0.5254,867142535.0
MATICUSDT,1657152000000,0.5254,0.5728,0.5108,0.5625,815534145.0
MATICUSDT,1657238400000,0.5626,0.6199,0.555,0.6059,1421794341.0
MATICUSDT,1657324800000,0.6058,0.6117,0.5818,0.5894,601953528.0
MATICUSDT,1657411200000,0.5894,0.5899,0.5522,0.5714,572464909.0
MATICUSDT,1657497600000,0.5714,0.598,0.5361,0.5625,1146172751.0
MATICUSDT,1657584000000,0.5626,0.593,0.5338,0.5358,1610405712.0
MATICUSDT,1657670400000,0.5359,0.6449,0.5185,0.6387,1762622670.0
MATICUSDT,1657756800000,0.6386,0.7197,0.6133,0.7089,3027886344.0
MATICUSDT,1657843200000,0.7089,0.736,0.6759,0.703,1855606673.0
MATICUSDT,1657929600000,0.703,0.7471,0.682,0.7285,1187079550.0
MATICUSDT,1658016000000,0.7287,0.7909,0.7178,0.7525,1375602420.0
MATICUSDT,1658102400000,0.7525,0.9838,0.7442,0.9581,2933950482.0
MATICUSDT,1658188800000,0.9581,0.981,0.8826,0.9247,1638693420.0
MATICUSDT,1658275200000,0.9246,0.953,0.81,0.8312,1648097869.0
MATICUSDT,1658361600000,0.8311,0.9282,0.7958,0.9053,1913276357.0
MATICUSDT,1658448000000,0.9053,0.9355,0.8436,0.8501,1070925076.0
MATICUSDT,1658534400000,0.8502,0.8887,0.8135,0.8707,777317817.0
MATICUSDT,1658620800000,0.8707,0.9088,0.8458,0.8789,754626845.0
MATICUSDT,1658707200000,0.879,0.8845,0.7662,0.7697,1009873426.0
MATICUSDT,1658793600000,0.7701,0.7841,0.7213,0.7825,1047994957.0
MATICUSDT,1658880000000,0.7823,0.8986,0.761,0.8964,1427971018.0
MATICUSDT,1658966400000,0.8964,0.9752,0.8421,0.9339,1345504099.0
MATICUSDT,1659052800000,0.934,0.9936,0.9046,0.9383,1071270600.0
MATICUSDT,1659139200000,0.9384,0.9851,0.9136,0.9308,629429863.0
MATICUSDT,1659225600000,0.9309,1.0174,0.91,0.927,727577479.0
MATICUSDT,1659312000000,0.9271,0.9466,0.8778,0.8912,616530462.0
MATICUSDT,1659398400000,0.8911,0.9064,0.8483,0.876,697803562.0
MATICUSDT,1659484800000,0.8759,0.9256,0.8553,0.8875,548980964.0
MATICUSDT,1659571200000,0.8874,0.9116,0.8745,0.8909,505887892.0
MATICUSDT,1659657600000,0.891,0.9372,0.8884,0.9276,485483329.0
MATICUSDT,1659744000000,0.9276,0.9416,0.9018,0.9072,313337904.0
MATICUSDT,1659830400000,0.9073,0.9249,0.8917,0.9064,257464082.0
MATICUSDT,1659916800000,0.9064,0.952,0.904,0.9211,466292680.0
MATICUSDT,1660003200000,0.921,0.9308,0.868,0.8902,410215078.0
MATICUSDT,1660089600000,0.8902,0.9412,0.87,0.9376,515917355.0
MATICUSDT,1660176000000,0.9376,0.9563,0.9147,0.9203,450199440.0
MATICUSDT,1660262400000,0.9204,0.935,0.905,0.9341,336841540.0
MATICUSDT,1660348800000,0.9342,1.035,0.929,1.0253,1084815361.0
MATICUSDT,1660435200000,1.0253,1.0543,0.985,1.0002,667183291.0
MATICUSDT,1660521600000,1.0002,1.0341,0.9305,0.9498,604565698.0
MATICUSDT,1660608000000,0.9497,0.9674,0.923,0.9337,511122495.0
MATICUSDT,1660694400000,0.9337,0.9636,0.8761,0.884,531979133.0
MATICUSDT,1660780800000,0.8841,0.9086,0.8501,0.8561,420848757.0
MATICUSDT,1660867200000,0.856,0.8576,0.7626,0.769,872129998.0
MATICUSDT,1660953600000,0.7691,0.8163,0.7566,0.7854,605504857.0
MATICUSDT,1661040000000,0.7854,0.8293,0.778,0.8201,459727273.0
MATICUSDT,1661126400000,0.82,0.8222,0.7679,0.8093,497863720.0
MATICUSDT,1661212800000,0.8094,0.8366,0.7906,0.8317,430110842.0
MATICUSDT,1661299200000,0.8317,0.8399,0.8012,0.8127,357875375.0
MATICUSDT,1661385600000,0.8127,0.8318,0.8037,0.8176,326512896.0
MATICUSDT,1661472000000,0.8175,0.8491,0.7524,0.7643,744162849.0
MATICUSDT,1661558400000,0.7644,0.815,0.7546,0.8044,716870856.0
MATICUSDT,1661644800000,0.8045,0.8345,0.7768,0.7822,642283821.0
MATICUSDT,1661731200000,0.7821,0.8209,0.7606,0.8163,638205729.0
MATICUSDT,1661817600000,0.8163,0.8445,0.7821,0.8149,616439859.0
MATICUSDT,1661904000000,0.8148,0.857,0.8148,0.832,570205867.0
MATICUSDT,1661990400000,0.832,0.8949,0.8214,0.8838,823111054.0
MATICUSDT,1662076800000,0.8839,0.9135,0.862,0.8712,779043088.0
MATICUSDT,1662163200000,0.8711,0.8899,0.8658,0.8884,360737123.0
MATICUSDT,1662249600000,0.8883,0.8987,0.871,0.8947,306136799.0
MATICUSDT,1662336000000,0.8946,0.9031,0.8612,0.8816,349006406.0
MATICUSDT,1662422400000,0.8815,0.9239,0.81,0.8149,700992958.0
MATICUSDT,1662508800000,0.8149,0.8505,0.7909,0.84,455518577.0
MATICUSDT,1662595200000,0.8401,0.8493,0.8153,0.8444,373793819.0
MATICUSDT,1662681600000,0.8444,0.9006,0.8413,0.8899,350261023.0
MATICUSDT,1662768000000,0.8899,0.9124,0.8772,0.9051,286928794.0
MATICUSDT,1662854400000,0.9052,0.9179,0.875,0.8927,195841671.0
MATICUSDT,1662940800000,0.8927,0.9399,0.871,0.9296,511272369.0
MATICUSDT,1663027200000,0.9296,0.9438,0.8377,0.8453,578439952.0
MATICUSDT,1663113600000,0.8454,0.8678,0.8282,0.8637,317957468.0
MATICUSDT,1663200000000,0.8636,0.8756,0.8159,0.8245,427027166.0
MATICUSDT,1663286400000,0.8245,0.831,0.786,0.8062,374282521.0
MATICUSDT,1663372800000,0.8061,0.831,0.8042,0.8275,177283572.0
MATICUSDT,1663459200000,0.8276,0.8359,0.7476,0.7527,342263459.0
MATICUSDT,1663545600000,0.7528,0.7747,0.7238,0.7648,419478611.0
MATICUSDT,1663632000000,0.7648,0.7688,0.7293,0.7328,331456279.0
MATICUSDT,1663718400000,0.7327,0.7775,0.6892,0.6999,552172955.0
MATICUSDT,1663804800000,0.6998,0.7626,0.6994,0.7516,431528989.0
MATICUSDT,1663891200000,0.7516,0.7847,0.7219,0.778,468839957.0
MATICUSDT,1663977600000,0.778,0.7822,0.7491,0.7523,271080974.0
MATICUSDT,1664064000000,0.7523,0.767,0.73,0.7391,267446841.0
MATICUSDT,1664150400000,0.7391,0.7612,0.725,0.7552,393694786.0
MATICUSDT,1664236800000,0.7553,0.7934,0.7254,0.7384,448317881.0
MATICUSDT,1664323200000,0.7384,0.7541,0.7116,0.747,349935150.0
MATICUSDT,1664409600000,0.747,0.7646,0.7306,0.7629,301954901.0
MATICUSDT,1664496000000,0.763,0.7893,0.76,0.7777,451609419.0
MATICUSDT,1664582400000,0.7777,0.7811,0.7589,0.7665,172364894.0
MATICUSDT,1664668800000,0.7665,0.7851,0.7603,0.7625,215800343.0
MATICUSDT,1664755200000,0.7626,0.8067,0.7542,0.7995,388642809.0
MATICUSDT,1664841600000,0.7995,0.8435,0.7993,0.8344,474928263.0
MATICUSDT,1664928000000,0.8344,0.8604,0.82,0.8508,436246908.0
MATICUSDT,1665014400000,0.8507,0.8595,0.8297,0.8333,342318980.0
MATICUSDT,1665100800000,0.8332,0.848,0.818,0.831,281396966.0
MATICUSDT,1665187200000,0.831,0.8347,0.8074,0.8141,168307706.0
MATICUSDT,1665273600000,0.8141,0.8296,0.8074,0.8253,177209928.0
MATICUSDT,1665360000000,0.8254,0.843,0.811,0.8133,451313297.0
MATICUSDT,1665446400000,0.8132,0.8132,0.7839,0.7906,399547813.0
MATICUSDT,1665532800000,0.7905,0.8019,0.7816,0.7825,236250008.0
MATICUSDT,1665619200000,0.7824,0.7873,0.7036,0.7743,625718238.0
MATICUSDT,1665705600000,0.7743,0.823,0.774,0.7927,539693154.0
MATICUSDT,1665792000000,0.7926,0.81,0.7853,0.7889,282075893.0
MATICUSDT,1665878400000,0.7889,0.8096,0.7875,0.7978,211092884.0
MATICUSDT,1665964800000,0.7978,0.85,0.7951,0.8476,474967715.0
MATICUSDT,1666051200000,0.8476,0.8786,0.8352,0.8636,845440679.0
MATICUSDT,1666137600000,0.8635,0.882,0.8392,0.8442,775917906.0
MATICUSDT,1666224000000,0.8441,0.8481,0.8048,0.8091,618635123.0
MATICUSDT,1666310400000,0.809,0.8333,0.7729,0.8318,725193426.0
MATICUSDT,1666396800000,0.8318,0.8406,0.8123,0.8314,326604681.0
MATICUSDT,1666483200000,0.8314,0.904,0.82,0.8982,519989698.0
MATICUSDT,1666569600000,0.8981,0.9085,0.8716,0.8928,842843341.0
MATICUSDT,1666656000000,0.8928,0.9495,0.8739,0.9167,953691199.0
MATICUSDT,1666742400000,0.9168,0.9673,0.9167,0.937,744371743.0
MATICUSDT,1666828800000,0.937,0.9474,0.8926,0.9033,631347301.0
MATICUSDT,1666915200000,0.9033,0.9469,0.8938,0.9438,485816736.0
MATICUSDT,1667001600000,0.9438,0.9594,0.9251,0.9331,406404121.0
MATICUSDT,1667088000000,0.9331,0.9487,0.8979,0.9079,298428552.0
MATICUSDT,1667174400000,0.9079,0.9294,0.8922,0.902,351306546.0
MATICUSDT,1667260800000,0.902,0.9092,0.8714,0.8732,294882646.0
MATICUSDT,1667347200000,0.8732,0.891,0.8359,0.8727,641537550.0
MATICUSDT,1667433600000,0.8727,0.9837,0.8677,0.9508,1000224257.0
MATICUSDT,1667520000000,0.9508,1.2,0.95,1.1686,2156673157.0
MATICUSDT,1667606400000,1.1687,1.3112,1.15,1.1845,1030336777.0
MATICUSDT,1667692800000,1.1844,1.215,1.1322,1.1343,680993573.0
MATICUSDT,1667779200000,1.1339,1.2907,1.128,1.2566,1692759716.0
MATICUSDT,1667865600000,1.2565,1.2748,0.893,1.0435,2427566669.0
MATICUSDT,1667952000000,1.0434,1.0697,0.761,0.8159,2217433914.0
MATICUSDT,1668038400000,0.8159,1.16,0.7981,1.1228,1939425038.0
MATICUSDT,1668124800000,1.1229,1.1616,0.965,1.064,1360642466.0
MATICUSDT,1668211200000,1.064,1.0674,0.925,0.9385,906805125.0
MATICUSDT,1668297600000,0.9385,0.9682,0.8623,0.889,734117564.0
MATICUSDT,1668384000000,0.8889,0.963,0.8312,0.917,1240555990.0
MATICUSDT,1668470400000,0.9172,0.9727,0.9058,0.9413,862589050.0
MATICUSDT,1668556800000,0.9412,0.956,0.8784,0.8976,637655955.0
MATICUSDT,1668643200000,0.8976,0.912,0.8613,0.8737,635019644.0
MATICUSDT,1668729600000,0.8737,0.8995,0.8677,0.8793,444445675.0
MATICUSDT,1668816000000,0.8792,0.8831,0.8478,0.8756,351283689.0
MATICUSDT,1668902400000,0.8755,0.8814,0.7977,0.8064,520623676.0
MATICUSDT,1668988800000,0.8063,0.8209,0.763,0.7955,981771376.0
MATICUSDT,1669075200000,0.7956,0.867,0.7777,0.8508,1168848844.0
MATICUSDT,1669161600000,0.8511,0.8731,0.8355,0.8609,650972632.0
MATICUSDT,1669248000000,0.8609,0.8913,0.8416,0.8483,500148191.0
MATICUSDT,1669334400000,0.8484,0.8493,0.8185,0.8438,353678608.0
MATICUSDT,1669420800000,0.8438,0.8715,0.8372,0.8459,297330126.0
MATICUSDT,1669507200000,0.8459,0.8659,0.8401,0.8434,251509565.0
MATICUSDT,1669593600000,0.8434,0.8488,0.8037,0.8209,460898339.0
MATICUSDT,1669680000000,0.8208,0.8467,0.8128,0.8379,277436698.0
MATICUSDT,1669766400000,0.838,0.9442,0.8365,0.9324,658033741.0
MATICUSDT,1669852800000,0.9324,0.9451,0.905,0.9083,631363402.0
MATICUSDT,1669939200000,0.9084,0.9486,0.8978,0.948,411867210.0
MATICUSDT,1670025600000,0.948,0.9498,0.8989,0.9024,264568620.0
MATICUSDT,1670112000000,0.9023,0.923,0.9004,0.9207,195921048.0
MATICUSDT,1670198400000,0.9206,0.9449,0.899,0.9113,347357139.0
MATICUSDT,1670284800000,0.9114,0.9209,0.8934,0.917,281382805.0
MATICUSDT,1670371200000,0.9171,0.9194,0.8691,0.8968,346899334.0
MATICUSDT,1670457600000,0.8967,0.931,0.8867,0.9271,361806472.0
MATICUSDT,1670544000000,0.9271,0.9347,0.9076,0.9092,266407210.0
MATICUSDT,1670630400000,0.9092,0.9165,0.9,0.9077,143517948.0
MATICUSDT,1670716800000,0.9077,0.9149,0.887,0.8914,149926845.0
MATICUSDT,1670803200000,0.8915,0.9124,0.8686,0.9102,263621844.0
MATICUSDT,1670889600000,0.9102,0.9419,0.8789,0.9241,471054344.0
MATICUSDT,1670976000000,0.9242,0.9385,0.893,0.9022,346878164.0
MATICUSDT,1671062400000,0.9023,0.9059,0.8716,0.8785,232841804.0
MATICUSDT,1671148800000,0.8784,0.8911,0.7805,0.7948,474208726.0
MATICUSDT,1671235200000,0.7948,0.8183,0.7809,0.8152,297318113.0
MATICUSDT,1671321600000,0.8151,0.8259,0.8017,0.8123,196628059.0
MATICUSDT,1671408000000,0.8122,0.8215,0.7532,0.7732,483495646.0
MATICUSDT,1671494400000,0.7732,0.8091,0.767,0.8009,408315347.0
MATICUSDT,1671580800000,0.801,0.8033,0.7853,0.7935,270050966.0
MATICUSDT,1671667200000,0.7936,0.7977,0.7692,0.7965,322915652.0
MATICUSDT,1671753600000,0.7964,0.807,0.7889,0.7987,258259949.0
MATICUSDT,1671840000000,0.7987,0.8009,0.7922,0.7952,93095537.0
MATICUSDT,1671926400000,0.7952,0.7986,0.7849,0.7949,138531158.0
MATICUSDT,1672012800000,0.7949,0.8165,0.7931,0.8149,172157920.0
MATICUSDT,1672099200000,0.815,0.8193,0.7962,0.8061,242991468.0
MATICUSDT,1672185600000,0.8061,0.8083,0.7743,0.7824,303464777.0
MATICUSDT,1672272000000,0.7823,0.7865,0.7679,0.7763,229573182.0
MATICUSDT,1672358400000,0.7762,0.7805,0.747,0.7609,308941230.0
MATICUSDT,1672444800000,0.7608,0.7715,0.753,0.758,150404349.0
ADAUSDT,1651363200000,0.7548,0.7996,0.7441,0.7887,504802656.0
ADAUSDT,1651449600000,0.7888,0.7963,0.7627,0.7804,445932176.0
ADAUSDT,1651536000000,0.7804,0.7992,0.7598,0.7706,368895044.0
ADAUSDT,1651622400000,0.7705,0.8991,0.767,0.8983,945451068.0
ADAUSDT,1651708800000,0.8984,0.9056,0.7705,0.7877,1097368267.0
ADAUSDT,1651795200000,0.7876,0.7995,0.7614,0.7829,757117644.0
ADAUSDT,1651881600000,0.7828,0.7855,0.7456,0.7599,423401066.0
ADAUSDT,1651968000000,0.7598,0.766,0.7246,0.7399,617956997.0
ADAUSDT,1652054400000,0.74,0.754,0.595,0.6012,1702795997.0
ADAUSDT,1652140800000,0.6011,0.7,0.582,0.6281,1678563366.0
ADAUSDT,1652227200000,0.6281,0.6635,0.4721,0.5176,2166068595.0
ADAUSDT,1652313600000,0.5177,0.5499,0.4009,0.473,2057510228.0
ADAUSDT,1652400000000,0.4731,0.6086,0.4683,0.5286,1400771020.0
ADAUSDT,1652486400000,0.5285,0.5568,0.4882,0.537,790654808.0
ADAUSDT,1652572800000,0.5371,0.5995,0.5142,0.5977,752717127.0
ADAUSDT,1652659200000,0.5977,0.6141,0.5434,0.5566,989595558.0
ADAUSDT,1652745600000,0.5566,0.5999,0.5503,0.5772,687615111.0
ADAUSDT,1652832000000,0.5771,0.586,0.5023,0.5059,768225227.0
ADAUSDT,1652918400000,0.5059,0.5464,0.4911,0.5331,879207912.0
ADAUSDT,1653004800000,0.5331,0.5445,0.5011,0.5158,748216549.0
ADAUSDT,1653091200000,0.5159,0.5384,0.508,0.5283,494756907.0
ADAUSDT,1653177600000,0.5282,0.549,0.5213,0.5413,517542464.0
ADAUSDT,1653264000000,0.5413,0.5594,0.5035,0.5129,801327196.0
ADAUSDT,1653350400000,0.5128,0.525,0.4919,0.5217,745556346.0
ADAUSDT,1653436800000,0.5216,0.5324,0.5067,0.5142,649137194.0
ADAUSDT,1653523200000,0.5141,0.5208,0.4611,0.4785,942826549.0
ADAUSDT,1653609600000,0.4785,0.4835,0.445,0.4563,1186177554.0
ADAUSDT,1653696000000,0.4563,0.469,0.4475,0.4641,535116617.0
ADAUSDT,1653782400000,0.4641,0.4824,0.4553,0.4816,517007158.0
ADAUSDT,1653868800000,0.4817,0.5773,0.4768,0.5697,1145299829.0
ADAUSDT,1653955200000,0.5698,0.6892,0.5675,0.6264,3124546183.0
ADAUSDT,1654041600000,0.6263,0.6311,0.5355,0.5512,1629498119.0
ADAUSDT,1654128000000,0.5513,0.5975,0.5483,0.5867,1466161481.0
ADAUSDT,1654214400000,0.5866,0.6052,0.538,0.5596,1163679098.0
ADAUSDT,1654300800000,0.5596,0.5715,0.5442,0.5662,768390809.0
ADAUSDT,1654387200000,0.5663,0.5805,0.5531,0.5671,660535663.0
ADAUSDT,1654473600000,0.567,0.6457,0.5645,0.6087,1630438288.0
ADAUSDT,1654560000000,0.6088,0.6451,0.571,0.6138,1915672231.0
ADAUSDT,1654646400000,0.6138,0.6693,0.6081,0.6404,1763655292.0
ADAUSDT,1654732800000,0.6403,0.658,0.6254,0.6319,1031902122.0
ADAUSDT,1654819200000,0.632,0.6358,0.568,0.5738,1337782024.0
ADAUSDT,1654905600000,0.5738,0.6172,0.5427,0.5537,1612689531.0
ADAUSDT,1654992000000,0.5537,0.5605,0.4885,0.4896,1914763137.0
ADAUSDT,1655078400000,0.4895,0.4979,0.4357,0.4638,3811599121.0
ADAUSDT,1655164800000,0.4639,0.5195,0.4362,0.4828,2780360634.0
ADAUSDT,1655251200000,0.4829,0.5392,0.4475,0.5345,2703566826.0
ADAUSDT,1655337600000,0.5344,0.5468,0.4668,0.4757,1527215260.0
ADAUSDT,1655424000000,0.4757,0.5038,0.4714,0.4869,1081299930.0
ADAUSDT,1655510400000,0.4869,0.495,0.42,0.4545,1768862762.0
ADAUSDT,1655596800000,0.4544,0.4898,0.4356,0.4847,1338274704.0
ADAUSDT,1655683200000,0.4848,0.5088,0.4609,0.4914,1336725917.0
ADAUSDT,1655769600000,0.4915,0.5114,0.4742,0.481,1157263564.0
ADAUSDT,1655856000000,0.481,0.4813,0.4552,0.4589,1043652325.0
ADAUSDT,1655942400000,0.4589,0.4829,0.4556,0.4796,793304870.0
ADAUSDT,1656028800000,0.4796,0.5097,0.4756,0.498,1034591136.0
ADAUSDT,1656115200000,0.4979,0.5077,0.478,0.4982,723803871.0
ADAUSDT,1656201600000,0.4983,0.526,0.4881,0.4895,999813516.0
ADAUSDT,1656288000000,0.4895,0.5086,0.475,0.4852,813382182.0
ADAUSDT,1656374400000,0.4852,0.4974,0.4664,0.469,864371067.0
ADAUSDT,1656460800000,0.4689,0.4768,0.4582,0.4657,875459149.0
ADAUSDT,1656547200000,0.4657,0.4674,0.433,0.4594,1161074780.0
ADAUSDT,1656633600000,0.4594,0.4749,0.4422,0.4485,1022773081.0
ADAUSDT,1656720000000,0.4485,0.4617,0.44,0.4555,620933954.0
ADAUSDT,1656806400000,0.4556,0.4598,0.4431,0.4559,547024838.0
ADAUSDT,1656892800000,0.4559,0.4763,0.444,0.4693,994814152.0
ADAUSDT,1656979200000,0.4693,0.4723,0.4439,0.4568,916317976.0
ADAUSDT,1657065600000,0.4568,0.4652,0.4464,0.462,709414300.0
ADAUSDT,1657152000000,0.4619,0.4824,0.4605,0.4773,689495539.0
ADAUSDT,1657238400000,0.4773,0.4934,0.46,0.4656,824345006.0
ADAUSDT,1657324800000,0.4656,0.4846,0.4649,0.4777,565839185.0
ADAUSDT,1657411200000,0.4777,0.4795,0.4545,0.4621,598413386.0
ADAUSDT,1657497600000,0.4622,0.4625,0.4308,0.4344,803593897.0
ADAUSDT,1657584000000,0.4344,0.4423,0.4151,0.4167,906265922.0
ADAUSDT,1657670400000,0.4168,0.4423,0.4013,0.4379,1386469760.0
ADAUSDT,1657756800000,0.4379,0.4469,0.4162,0.4414,996697151.0
ADAUSDT,1657843200000,0.4413,0.4537,0.432,0.4417,850978870.0
ADAUSDT,1657929600000,0.4416,0.4588,0.4312,0.4577,711209579.0
ADAUSDT,1658016000000,0.4577,0.4658,0.4412,0.4475,676287736.0
ADAUSDT,1658102400000,0.4476,0.4998,0.4453,0.49,1347898628.0
ADAUSDT,1658188800000,0.4901,0.5261,0.473,0.5149,1390074294.0
ADAUSDT,1658275200000,0.515,0.5485,0.486,0.4907,1475731091.0
ADAUSDT,1658361600000,0.4906,0.5022,0.4753,0.4992,1013479474.0
ADAUSDT,1658448000000,0.4991,0.5112,0.4768,0.4825,816273073.0
ADAUSDT,1658534400000,0.4826,0.5184,0.4726,0.5168,957551536.0
ADAUSDT,1658620800000,0.5169,0.5367,0.5096,0.5119,1084474624.0
ADAUSDT,1658707200000,0.5119,0.5155,0.4736,0.4747,904321076.0
ADAUSDT,1658793600000,0.4747,0.4771,0.4505,0.4674,828373359.0
ADAUSDT,1658880000000,0.4674,0.5121,0.4584,0.511,1055581483.0
ADAUSDT,1658966400000,0.5111,0.5245,0.4881,0.5128,1052284013.0
ADAUSDT,1659052800000,0.5129,0.5456,0.506,0.5217,1314293479.0
ADAUSDT,1659139200000,0.5217,0.5567,0.5082,0.5263,1083996951.0
ADAUSDT,1659225600000,0.5263,0.5443,0.5124,0.5158,703420593.0
ADAUSDT,1659312000000,0.5158,0.526,0.5003,0.5122,628744619.0
ADAUSDT,1659398400000,0.5122,0.5155,0.4881,0.4959,751006654.0
ADAUSDT,1659484800000,0.496,0.5167,0.4885,0.5001,572694003.0
ADAUSDT,1659571200000,0.5001,0.5109,0.4932,0.4993,494508241.0
ADAUSDT,1659657600000,0.4993,0.5194,0.4989,0.5173,528451881.0
ADAUSDT,1659744000000,0.5174,0.5237,0.5095,0.5111,366007425.0
ADAUSDT,1659830400000,0.5112,0.538,0.5058,0.5272,489114422.0
ADAUSDT,1659916800000,0.5272,0.5493,0.5228,0.5366,716449988.0
ADAUSDT,1660003200000,0.5367,0.537,0.5051,0.5124,621509769.0
ADAUSDT,1660089600000,0.5124,0.539,0.5015,0.5372,756049392.0
ADAUSDT,1660176000000,0.5373,0.5476,0.5283,0.5303,784356264.0
ADAUSDT,1660262400000,0.5302,0.542,0.52,0.54,586008609.0
ADAUSDT,1660348800000,0.5401,0.5676,0.5376,0.5591,952019653.0
ADAUSDT,1660435200000,0.5591,0.5948,0.5565,0.5693,1331755099.0
ADAUSDT,1660521600000,0.5693,0.5818,0.5422,0.5497,992294302.0
ADAUSDT,1660608000000,0.5497,0.5703,0.547,0.5565,859807999.0
ADAUSDT,1660694400000,0.5566,0.5821,0.53,0.5382,1233631112.0
ADAUSDT,1660780800000,0.5383,0.5439,0.5044,0.5115,778685156.0
ADAUSDT,1660867200000,0.5115,0.5118,0.4454,0.4496,1586664270.0
ADAUSDT,1660953600000,0.4496,0.463,0.4342,0.4502,986297366.0
ADAUSDT,1661040000000,0.4502,0.4723,0.4461,0.4622,855066084.0
ADAUSDT,1661126400000,0.4622,0.4629,0.4369,0.4612,969345524.0
ADAUSDT,1661212800000,0.4613,0.4696,0.4451,0.4653,682568109.0
ADAUSDT,1661299200000,0.4654,0.4691,0.4531,0.4574,655734653.0
ADAUSDT,1661385600000,0.4573,0.474,0.4569,0.4642,655061070.0
ADAUSDT,1661472000000,0.4641,0.482,0.425,0.4311,1907952988.0
ADAUSDT,1661558400000,0.431,0.4513,0.4253,0.4495,969132007.0
ADAUSDT,1661644800000,0.4495,0.4543,0.427,0.4288,748414321.0
ADAUSDT,1661731200000,0.4289,0.4529,0.423,0.45,775217944.0
ADAUSDT,1661817600000,0.4501,0.4628,0.438,0.4528,998848659.0
ADAUSDT,1661904000000,0.4528,0.4632,0.4442,0.4457,823582795.0
ADAUSDT,1661990400000,0.4457,0.4625,0.4402,0.4572,824578210.0
ADAUSDT,1662076800000,0.4572,0.4663,0.4482,0.454,730285314.0
ADAUSDT,1662163200000,0.4541,0.4857,0.4533,0.4799,1221877749.0
ADAUSDT,1662249600000,0.4799,0.5099,0.4755,0.5033,1709708306.0
ADAUSDT,1662336000000,0.5033,0.5074,0.4822,0.4983,1113118559.0
ADAUSDT,1662422400000,0.4983,0.5122,0.4589,0.4624,1588515305.0
ADAUSDT,1662508800000,0.4623,0.482,0.4535,0.4784,1025570243.0
ADAUSDT,1662595200000,0.4784,0.483,0.4624,0.479,868847482.0
ADAUSDT,1662681600000,0.479,0.5048,0.4781,0.502,1036535831.0
ADAUSDT,1662768000000,0.502,0.5241,0.4943,0.5117,1153655154.0
ADAUSDT,1662854400000,0.5117,0.5196,0.4991,0.5095,776999853.0
ADAUSDT,1662940800000,0.5094,0.5194,0.4956,0.5013,953413702.0
ADAUSDT,1663027200000,0.5012,0.509,0.4607,0.4632,1172596873.0
ADAUSDT,1663113600000,0.4633,0.4868,0.4615,0.4805,853086413.0
ADAUSDT,1663200000000,0.4804,0.4817,0.4614,0.4658,826753891.0
ADAUSDT,1663286400000,0.4657,0.4744,0.4531,0.4743,635763151.0
ADAUSDT,1663372800000,0.4742,0.4882,0.4719,0.4854,512696833.0
ADAUSDT,1663459200000,0.4855,0.4903,0.4373,0.4475,764389674.0
ADAUSDT,1663545600000,0.4476,0.4568,0.4321,0.4522,798203687.0
ADAUSDT,1663632000000,0.4522,0.4543,0.4367,0.4418,633512557.0
ADAUSDT,1663718400000,0.4419,0.4647,0.4137,0.4381,1501331966.0
ADAUSDT,1663804800000,0.4381,0.4664,0.4336,0.4581,918491634.0
ADAUSDT,1663891200000,0.458,0.4824,0.4454,0.4617,1262628648.0
ADAUSDT,1663977600000,0.4618,0.4692,0.45,0.4507,678678607.0
ADAUSDT,1664064000000,0.4507,0.4625,0.4378,0.4461,624865276.0
ADAUSDT,1664150400000,0.446,0.4503,0.4361,0.447,725367802.0
ADAUSDT,1664236800000,0.4469,0.4631,0.4369,0.4409,810408724.0
ADAUSDT,1664323200000,0.4409,0.4429,0.4245,0.4359,777662307.0
ADAUSDT,1664409600000,0.4359,0.439,0.4274,0.4379,612265971.0
ADAUSDT,1664496000000,0.4379,0.4414,0.4287,0.4346,622385289.0
ADAUSDT,1664582400000,0.4346,0.4362,0.4271,0.4298,335990815.0
ADAUSDT,1664668800000,0.4298,0.4327,0.4166,0.4192,489745038.0
ADAUSDT,1664755200000,0.4193,0.4287,0.415,0.4274,555471638.0
ADAUSDT,1664841600000,0.4274,0.4374,0.425,0.4352,513914126.0
ADAUSDT,1664928000000,0.4352,0.4365,0.4232,0.4307,497180098.0
ADAUSDT,1665014400000,0.4307,0.4369,0.4251,0.4285,495468133.0
ADAUSDT,1665100800000,0.4285,0.4301,0.42,0.4238,420219035.0
ADAUSDT,1665187200000,0.4238,0.4269,0.418,0.4217,267211517.0
ADAUSDT,1665273600000,0.4218,0.424,0.4185,0.4228,243276557.0
ADAUSDT,1665360000000,0.4227,0.4267,0.3948,0.4007,715127288.0
ADAUSDT,1665446400000,0.4006,0.4015,0.3818,0.3905,866840040.0
ADAUSDT,1665532800000,0.3905,0.3952,0.3753,0.3809,687660624.0
ADAUSDT,1665619200000,0.3809,0.3822,0.3471,0.3764,1678293268.0
ADAUSDT,1665705600000,0.3764,0.389,0.3605,0.3663,867850299.0
ADAUSDT,1665792000000,0.3663,0.3697,0.3608,0.3637,453877419.0
ADAUSDT,1665878400000,0.3637,0.3746,0.3635,0.3701,459525050.0
ADAUSDT,1665964800000,0.3701,0.3756,0.3658,0.3721,475683807.0
ADAUSDT,1666051200000,0.3721,0.3741,0.3565,0.3621,809777089.0
ADAUSDT,1666137600000,0.3621,0.3621,0.3462,0.3495,670411969.0
ADAUSDT,1666224000000,0.3494,0.3556,0.336,0.3399,851096166.0
ADAUSDT,1666310400000,0.3399,0.3496,0.3293,0.3489,983490717.0
ADAUSDT,1666396800000,0.3488,0.3542,0.3426,0.3511,536510259.0
ADAUSDT,1666483200000,0.351,0.3635,0.3456,0.3617,642619632.0
ADAUSDT,1666569600000,0.3618,0.3648,0.3529,0.3571,735796573.0
ADAUSDT,1666656000000,0.3571,0.4168,0.3565,0.3999,2528936690.0
ADAUSDT,1666742400000,0.3999,0.412,0.3944,0.4026,1661469452.0
ADAUSDT,1666828800000,0.4026,0.4192,0.3859,0.388,1374507019.0
ADAUSDT,1666915200000,0.3881,0.4114,0.3759,0.4042,1100149540.0
ADAUSDT,1667001600000,0.4043,0.4399,0.4007,0.4199,1136392554.0
ADAUSDT,1667088000000,0.4198,0.4214,0.3979,0.4054,681746074.0
ADAUSDT,1667174400000,0.4054,0.4161,0.3973,0.4053,786896907.0
ADAUSDT,1667260800000,0.4053,0.4152,0.398,0.4009,563416115.0
ADAUSDT,1667347200000,0.4009,0.4092,0.3799,0.3854,1096543146.0
ADAUSDT,1667433600000,0.3853,0.399,0.3839,0.389,623929675.0
ADAUSDT,1667520000000,0.3891,0.4262,0.3876,0.4212,1106152367.0
ADAUSDT,1667606400000,0.4213,0.4377,0.4198,0.4262,763114464.0
ADAUSDT,1667692800000,0.4261,0.4309,0.4009,0.4018,624036405.0
ADAUSDT,1667779200000,0.4018,0.4158,0.3971,0.4039,780092073.0
ADAUSDT,1667865600000,0.4038,0.4152,0.3388,0.372,2121618705.0
ADAUSDT,1667952000000,0.3719,0.3764,0.3094,0.3171,2212545432.0
ADAUSDT,1668038400000,0.3171,0.3788,0.3114,0.3686,1661138379.0
ADAUSDT,1668124800000,0.3686,0.3741,0.3418,0.3555,786457454.0
ADAUSDT,1668211200000,0.3556,0.3568,0.3359,0.3396,442033895.0
ADAUSDT,1668297600000,0.3395,0.3452,0.3247,0.3296,502404102.0
ADAUSDT,1668384000000,0.3297,0.3418,0.3139,0.3321,833164380.0
ADAUSDT,1668470400000,0.3321,0.3448,0.3289,0.3371,567401295.0
ADAUSDT,1668556800000,0.3371,0.3442,0.3236,0.3317,566933069.0
ADAUSDT,1668643200000,0.3317,0.3344,0.3182,0.3249,499300397.0
ADAUSDT,1668729600000,0.3249,0.3325,0.3204,0.3256,535553951.0
ADAUSDT,1668816000000,0.3256,0.3322,0.3209,0.3279,371711629.0
ADAUSDT,1668902400000,0.3279,0.3311,0.3094,0.3119,614213592.0
ADAUSDT,1668988800000,0.3119,0.3131,0.2948,0.3044,1107773178.0
ADAUSDT,1669075200000,0.3044,0.3169,0.2979,0.3124,802711491.0
ADAUSDT,1669161600000,0.3125,0.3205,0.309,0.3183,687065404.0
ADAUSDT,1669248000000,0.3182,0.3212,0.3113,0.3162,507778926.0
ADAUSDT,1669334400000,0.3161,0.3174,0.3071,0.3145,499778791.0
ADAUSDT,1669420800000,0.3145,0.3233,0.3106,0.3136,441879763.0
ADAUSDT,1669507200000,0.3135,0.3195,0.3112,0.3125,347936142.0
ADAUSDT,1669593600000,0.3124,0.3138,0.299,0.3064,657665254.0
ADAUSDT,1669680000000,0.3065,0.3127,0.3039,0.309,466154738.0
ADAUSDT,1669766400000,0.3091,0.3209,0.308,0.3186,693546736.0
ADAUSDT,1669852800000,0.3186,0.3205,0.3121,0.3143,450700115.0
ADAUSDT,1669939200000,0.3144,0.32,0.3103,0.319,423092016.0
ADAUSDT,1670025600000,0.319,0.3264,0.3159,0.3194,568626686.0
ADAUSDT,1670112000000,0.3194,0.324,0.3179,0.322,385383265.0
ADAUSDT,1670198400000,0.322,0.3289,0.316,0.3192,521209143.0
ADAUSDT,1670284800000,0.3191,0.3209,0.3132,0.3179,341533628.0
ADAUSDT,1670371200000,0.3179,0.3199,0.3063,0.31,488719628.0
ADAUSDT,1670457600000,0.3099,0.3156,0.3069,0.3143,458689736.0
ADAUSDT,1670544000000,0.3143,0.3166,0.3085,0.3116,398224160.0
ADAUSDT,1670630400000,0.3117,0.3147,0.3103,0.3123,202562035.0
ADAUSDT,1670716800000,0.3123,0.315,0.3035,0.3071,316269560.0
ADAUSDT,1670803200000,0.3071,0.3077,0.3001,0.3067,407750481.0
ADAUSDT,1670889600000,0.3067,0.3187,0.2987,0.3141,681976096.0
ADAUSDT,1670976000000,0.3141,0.3156,0.3051,0.3078,521295709.0
ADAUSDT,1671062400000,0.3079,0.3085,0.2953,0.3001,462951395.0
ADAUSDT,1671148800000,0.3,0.3012,0.2543,0.2631,937701152.0
ADAUSDT,1671235200000,0.2632,0.2677,0.2586,0.2669,523070557.0
ADAUSDT,1671321600000,0.2669,0.2713,0.2625,0.2658,393993096.0
ADAUSDT,1671408000000,0.2659,0.2692,0.2482,0.2528,679970740.0
ADAUSDT,1671494400000,0.2527,0.2618,0.251,0.2585,434366386.0
ADAUSDT,1671580800000,0.2586,0.2591,0.2475,0.2533,574275186.0
ADAUSDT,1671667200000,0.2532,0.2569,0.2462,0.2566,539242582.0
ADAUSDT,1671753600000,0.2566,0.264,0.2553,0.2594,557378301.0
ADAUSDT,1671840000000,0.2594,0.2603,0.2564,0.2589,223340588.0
ADAUSDT,1671926400000,0.2589,0.2598,0.2542,0.2589,318655556.0
ADAUSDT,1672012800000,0.2589,0.2656,0.2574,0.2652,403547978.0
ADAUSDT,1672099200000,0.2652,0.2664,0.256,0.2602,449216792.0
ADAUSDT,1672185600000,0.2602,0.2609,0.2463,0.248,698923820.0
ADAUSDT,1672272000000,0.2481,0.2482,0.2389,0.2436,709331413.0
ADAUSDT,1672358400000,0.2436,0.246,0.2389,0.2457,535671862.0
ADAUSDT,1672444800000,0.2456,0.252,0.2438,0.2456,457098881.0
DOTUSDT,1651363200000,14.479,15.511,14.471,15.332,16100677.4
DOTUSDT,1651449600000,15.334,15.579,14.531,14.954,19434835.1
DOTUSDT,1651536000000,14.954,15.237,14.495,14.719,13511369.5
DOTUSDT,1651622400000,14.72,16.34,14.65,16.318,21911201.0
DOTUSDT,1651708800000,16.319,16.443,13.98,14.569,28875688.3
DOTUSDT,1651795200000,14.569,14.654,13.76,14.319,23579231.0
DOTUSDT,1651881600000,14.319,14.365,13.342,13.737,17058982.0
DOTUSDT,1651968000000,13.736,13.871,13.009,13.246,23048666.9
DOTUSDT,1652054400000,13.246,13.48,10.47,10.613,69064860.1
DOTUSDT,1652140800000,10.612,12.437,10.29,11.34,69517563.0
DOTUSDT,1652227200000,11.34,11.639,7.888,9.068,102811577.3
DOTUSDT,1652313600000,9.067,9.51,7.243,8.692,91665751.1
DOTUSDT,1652400000000,8.69,11.787,8.545,10.456,65430387.6
DOTUSDT,1652486400000,10.457,11.558,9.751,11.294,45806839.6
DOTUSDT,1652572800000,11.292,11.848,10.556,11.797,34921473.3
DOTUSDT,1652659200000,11.795,11.802,10.352,10.62,35700630.0
DOTUSDT,1652745600000,10.621,11.332,10.406,11.024,27914685.2
DOTUSDT,1652832000000,11.024,11.171,9.425,9.481,34308517.4
DOTUSDT,1652918400000,9.482,10.399,9.207,10.022,34743177.1
DOTUSDT,1653004800000,10.021,10.254,9.432,9.656,30124740.4
DOTUSDT,1653091200000,9.657,10.096,9.457,9.982,17966724.7
DOTUSDT,1653177600000,9.982,10.329,9.857,10.146,17842924.0
DOTUSDT,1653264000000,10.145,10.728,9.793,9.884,33885480.3
DOTUSDT,1653350400000,9.884,10.266,9.55,10.179,31514284.2
DOTUSDT,1653436800000,10.178,10.327,9.76,9.864,25099242.8
DOTUSDT,1653523200000,9.864,9.997,8.798,9.129,44392582.1
DOTUSDT,1653609600000,9.128,10.0,8.557,9.116,70580135.4
DOTUSDT,1653696000000,9.116,9.8,8.951,9.639,30920430.1
DOTUSDT,1653782400000,9.639,10.04,9.322,9.971,31934381.7
DOTUSDT,1653868800000,9.972,10.794,9.897,10.459,34024125.6
DOTUSDT,1653955200000,10.459,10.639,9.931,10.346,36904926.1
DOTUSDT,1654041600000,10.347,10.743,9.25,9.45,46224441.6
DOTUSDT,1654128000000,9.45,10.066,9.284,9.872,27042498.5
DOTUSDT,1654214400000,9.872,9.912,9.184,9.363,26849000.9
DOTUSDT,1654300800000,9.364,9.555,9.088,9.441,16561150.5
DOTUSDT,1654387200000,9.439,9.546,9.236,9.342,15045399.8
DOTUSDT,1654473600000,9.341,9.929,9.31,9.495,25605442.8
DOTUSDT,1654560000000,9.495,9.503,8.825,9.216,33214665.2
DOTUSDT,1654646400000,9.216,9.388,8.879,8.995,22225534.3
DOTUSDT,1654732800000,8.995,9.462,8.9,9.227,24560754.6
DOTUSDT,1654819200000,9.227,9.369,8.513,8.652,32312416.3
DOTUSDT,1654905600000,8.653,8.844,7.893,8.032,31440977.9
DOTUSDT,1654992000000,8.032,8.106,7.374,7.391,40457313.5
DOTUSDT,1655078400000,7.391,7.474,6.332,7.031,110112746.3
DOTUSDT,1655164800000,7.031,7.54,6.665,7.355,69398484.2
DOTUSDT,1655251200000,7.355,8.78,6.832,8.493,85362205.7
DOTUSDT,1655337600000,8.492,8.553,6.963,7.115,49839665.1
DOTUSDT,1655424000000,7.115,7.452,7.026,7.27,33792426.6
DOTUSDT,1655510400000,7.271,7.404,6.451,7.044,48563033.4
DOTUSDT,1655596800000,7.044,7.648,6.761,7.511,36523211.5
DOTUSDT,1655683200000,7.512,8.02,7.159,7.864,36149615.8
DOTUSDT,1655769600000,7.864,8.278,7.661,7.756,30986429.0
DOTUSDT,1655856000000,7.757,7.812,7.344,7.385,26780683.6
DOTUSDT,1655942400000,7.385,7.816,7.351,7.769,27654620.0
DOTUSDT,1656028800000,7.769,8.356,7.716,8.178,30584435.4
DOTUSDT,1656115200000,8.178,8.366,7.779,8.127,21332226.2
DOTUSDT,1656201600000,8.126,8.485,7.802,7.828,26137665.1
DOTUSDT,1656288000000,7.827,8.198,7.671,7.737,26428920.1
DOTUSDT,1656374400000,7.736,7.993,7.25,7.308,30859205.5
DOTUSDT,1656460800000,7.307,7.44,6.94,7.03,32915407.4
DOTUSDT,1656547200000,7.03,7.099,6.628,7.057,37857437.4
DOTUSDT,1656633600000,7.058,7.249,6.54,6.749,39466112.0
DOTUSDT,1656720000000,6.749,6.904,6.615,6.817,25018571.3
DOTUSDT,1656806400000,6.818,6.98,6.602,6.846,23881230.7
DOTUSDT,1656892800000,6.846,7.219,6.65,7.16,29054703.2
DOTUSDT,1656979200000,7.159,7.22,6.572,6.832,45335355.7
DOTUSDT,1657065600000,6.833,7.007,6.673,6.919,34536202.4
DOTUSDT,1657152000000,6.918,7.348,6.875,7.298,31059919.2
DOTUSDT,1657238400000,7.299,7.461,6.931,7.032,34247729.5
DOTUSDT,1657324800000,7.031,7.359,7.025,7.25,21882152.4
DOTUSDT,1657411200000,7.249,7.266,6.755,6.853,24172048.1
DOTUSDT,1657497600000,6.853,6.907,6.481,6.521,33844010.9
DOTUSDT,1657584000000,6.521,6.62,6.238,6.274,35288918.1
DOTUSDT,1657670400000,6.272,6.558,5.94,6.458,41993867.1
DOTUSDT,1657756800000,6.459,6.764,6.28,6.717,35323430.8
DOTUSDT,1657843200000,6.716,6.99,6.651,6.792,32699305.5
DOTUSDT,1657929600000,6.791,7.215,6.554,7.184,35438113.5
DOTUSDT,1658016000000,7.184,7.322,6.867,6.914,28962804.4
DOTUSDT,1658102400000,6.914,7.721,6.896,7.647,49994927.4
DOTUSDT,1658188800000,7.648,8.039,7.48,7.784,60777224.9
DOTUSDT,1658275200000,7.784,8.078,7.355,7.46,46603606.2
DOTUSDT,1658361600000,7.461,7.588,7.168,7.523,36760666.5
DOTUSDT,1658448000000,7.522,7.846,7.254,7.285,38393531.4
DOTUSDT,1658534400000,7.286,7.489,7.069,7.319,26928735.8
DOTUSDT,1658620800000,7.32,7.579,7.3,7.392,30016692.7
DOTUSDT,1658707200000,7.393,7.441,6.71,6.747,39615117.3
DOTUSDT,1658793600000,6.747,6.786,6.511,6.768,32039660.2
DOTUSDT,1658880000000,6.769,7.705,6.641,7.67,38836358.5
DOTUSDT,1658966400000,7.67,8.074,7.45,7.85,52352051.4
DOTUSDT,1659052800000,7.851,8.421,7.753,8.178,43608338.0
DOTUSDT,1659139200000,8.179,8.847,8.15,8.208,46461634.1
DOTUSDT,1659225600000,8.207,9.206,8.073,8.616,51129159.9
DOTUSDT,1659312000000,8.616,8.986,8.0,8.173,50289775.5
DOTUSDT,1659398400000,8.173,8.269,7.664,7.92,50382705.3
DOTUSDT,1659484800000,7.919,8.441,7.666,7.986,37310335.6
DOTUSDT,1659571200000,7.986,8.27,7.876,8.087,33556489.7
DOTUSDT,1659657600000,8.085,8.837,8.063,8.8,39850531.9
DOTUSDT,1659744000000,8.8,8.879,8.478,8.512,25274821.9
DOTUSDT,1659830400000,8.513,8.937,8.326,8.646,25058444.3
DOTUSDT,1659916800000,8.647,9.387,8.629,9.263,43405536.5
DOTUSDT,1660003200000,9.262,9.478,8.64,8.895,37175981.6
DOTUSDT,1660089600000,8.894,9.648,8.537,9.52,50712051.7
DOTUSDT,1660176000000,9.521,9.645,9.118,9.189,37719831.5
DOTUSDT,1660262400000,9.19,9.494,9.022,9.471,28339779.7
DOTUSDT,1660348800000,9.471,9.677,9.239,9.297,24441335.8
DOTUSDT,1660435200000,9.297,9.556,8.815,8.949,29805504.1
DOTUSDT,1660521600000,8.948,9.379,8.614,8.775,35527060.4
DOTUSDT,1660608000000,8.775,8.959,8.624,8.829,27766702.0
DOTUSDT,1660694400000,8.829,9.164,8.31,8.371,37041657.0
DOTUSDT,1660780800000,8.371,8.596,7.915,8.074,29185584.7
DOTUSDT,1660867200000,8.074,8.086,7.215,7.298,50356803.9
DOTUSDT,1660953600000,7.298,7.513,7.023,7.218,33336678.2
DOTUSDT,1661040000000,7.218,7.529,7.16,7.427,24608517.5
DOTUSDT,1661126400000,7.428,7.437,6.983,7.398,31436369.1
DOTUSDT,1661212800000,7.398,7.71,7.177,7.634,31722825.5
DOTUSDT,1661299200000,7.634,7.769,7.407,7.559,24606061.2
DOTUSDT,1661385600000,7.558,7.756,7.445,7.574,20765056.4
DOTUSDT,1661472000000,7.575,7.677,6.853,6.917,37752028.9
DOTUSDT,1661558400000,6.917,7.097,6.785,7.037,23950032.6
DOTUSDT,1661644800000,7.036,7.147,6.803,6.854,22307625.2
DOTUSDT,1661731200000,6.854,7.306,6.769,7.266,28593098.7
DOTUSDT,1661817600000,7.266,7.376,6.872,7.003,25902084.1
DOTUSDT,1661904000000,7.003,7.286,6.974,7.024,24609125.0
DOTUSDT,1661990400000,7.025,7.199,6.851,7.177,22952718.3
DOTUSDT,1662076800000,7.178,7.564,7.115,7.293,29535478.7
DOTUSDT,1662163200000,7.294,7.304,7.161,7.282,15320618.3
DOTUSDT,1662249600000,7.282,7.421,7.136,7.369,20963795.5
DOTUSDT,1662336000000,7.369,7.635,7.249,7.365,37007105.8
DOTUSDT,1662422400000,7.364,7.689,6.8,6.872,46131916.2
DOTUSDT,1662508800000,6.872,7.294,6.736,7.195,30614772.8
DOTUSDT,1662595200000,7.195,7.445,7.023,7.383,32005312.3
DOTUSDT,1662681600000,7.383,7.944,7.352,7.751,32187833.0
DOTUSDT,1662768000000,7.751,7.873,7.576,7.766,22892975.5
DOTUSDT,1662854400000,7.767,7.9,7.533,7.694,18798782.2
DOTUSDT,1662940800000,7.695,8.046,7.558,7.654,33770668.9
DOTUSDT,1663027200000,7.655,7.959,7.025,7.062,35863203.6
DOTUSDT,1663113600000,7.062,7.303,7.009,7.203,24433276.9
DOTUSDT,1663200000000,7.201,7.236,6.864,6.924,30645989.6
DOTUSDT,1663286400000,6.925,6.968,6.681,6.897,25536695.8
DOTUSDT,1663372800000,6.896,7.158,6.896,7.053,16381526.8
DOTUSDT,1663459200000,7.054,7.06,6.272,6.442,29661727.3
DOTUSDT,1663545600000,6.441,6.551,6.098,6.381,35150291.8
DOTUSDT,1663632000000,6.38,6.412,6.161,6.282,31718909.6
DOTUSDT,1663718400000,6.281,6.579,5.96,6.12,47102527.7
DOTUSDT,1663804800000,6.119,6.519,6.075,6.441,31184846.6
DOTUSDT,1663891200000,6.442,6.65,6.184,6.429,38822017.2
DOTUSDT,1663977600000,6.427,6.506,6.228,6.266,20825560.9
DOTUSDT,1664064000000,6.266,6.368,6.079,6.196,21562763.7
DOTUSDT,1664150400000,6.197,6.577,6.15,6.553,46350978.1
DOTUSDT,1664236800000,6.552,6.799,6.233,6.366,43437219.6
DOTUSDT,1664323200000,6.366,6.468,6.165,6.386,32928235.1
DOTUSDT,1664409600000,6.386,6.49,6.254,6.429,27374548.9
DOTUSDT,1664496000000,6.429,6.565,6.212,6.315,32732734.5
DOTUSDT,1664582400000,6.315,6.33,6.208,6.267,15553756.6
DOTUSDT,1664668800000,6.267,6.324,6.118,6.153,21893328.5
DOTUSDT,1664755200000,6.152,6.4,6.078,6.364,24646655.7
DOTUSDT,1664841600000,6.364,6.53,6.34,6.489,19531280.2
DOTUSDT,1664928000000,6.489,6.502,6.264,6.43,23916299.2
DOTUSDT,1665014400000,6.431,6.519,6.308,6.339,23531427.3
DOTUSDT,1665100800000,6.339,6.392,6.25,6.325,16693061.5
DOTUSDT,1665187200000,6.325,6.393,6.263,6.307,12105045.7
DOTUSDT,1665273600000,6.307,6.492,6.277,6.476,19517885.5
DOTUSDT,1665360000000,6.475,6.544,6.23,6.249,27336408.4
DOTUSDT,1665446400000,6.248,6.249,6.116,6.176,24856495.7
DOTUSDT,1665532800000,6.175,6.243,6.117,6.168,17683483.5
DOTUSDT,1665619200000,6.169,6.178,5.575,6.104,53918742.2
DOTUSDT,1665705600000,6.104,6.269,6.009,6.037,25305811.6
DOTUSDT,1665792000000,6.036,6.097,6.014,6.047,11920444.3
DOTUSDT,1665878400000,6.046,6.245,6.042,6.177,15373705.5
DOTUSDT,1665964800000,6.177,6.297,6.121,6.25,18650452.3
DOTUSDT,1666051200000,6.249,6.296,6.063,6.153,20837723.3
DOTUSDT,1666137600000,6.152,6.251,6.057,6.096,22616659.1
DOTUSDT,1666224000000,6.095,6.15,5.809,5.878,33217079.1
DOTUSDT,1666310400000,5.878,5.896,5.717,5.832,42103984.3
DOTUSDT,1666396800000,5.832,5.869,5.763,5.841,17213825.0
DOTUSDT,1666483200000,5.842,5.974,5.743,5.959,21966807.1
DOTUSDT,1666569600000,5.958,5.987,5.799,5.91,28418122.3
DOTUSDT,1666656000000,5.911,6.624,5.891,6.432,63142927.7
DOTUSDT,1666742400000,6.432,6.607,6.406,6.461,37614523.9
DOTUSDT,1666828800000,6.461,6.64,6.273,6.326,36322673.8
DOTUSDT,1666915200000,6.326,6.581,6.259,6.512,27745805.5
DOTUSDT,1667001600000,6.512,6.772,6.485,6.631,28910229.3
DOTUSDT,1667088000000,6.631,6.739,6.512,6.648,19330802.8
DOTUSDT,1667174400000,6.648,6.831,6.556,6.617,33886496.9
DOTUSDT,1667260800000,6.618,6.712,6.443,6.45,20367511.9
DOTUSDT,1667347200000,6.45,6.523,6.152,6.251,36804100.1
DOTUSDT,1667433600000,6.251,6.529,6.222,6.416,27450757.6
DOTUSDT,1667520000000,6.416,7.093,6.38,7.052,48664647.6
DOTUSDT,1667606400000,7.052,7.246,6.934,7.022,28075336.4
DOTUSDT,1667692800000,7.023,7.144,6.777,6.809,22452557.8
DOTUSDT,1667779200000,6.808,7.413,6.65,7.119,48275782.6
DOTUSDT,1667865600000,7.119,7.199,5.8,6.295,93470632.0
DOTUSDT,1667952000000,6.293,6.37,5.33,5.412,82232976.5
DOTUSDT,1668038400000,5.411,6.171,5.31,5.967,61280796.8
DOTUSDT,1668124800000,5.967,6.0,5.5,5.746,38105856.4
DOTUSDT,1668211200000,5.747,5.874,5.548,5.776,23156708.1
DOTUSDT,1668297600000,5.777,5.969,5.615,5.747,26664593.1
DOTUSDT,1668384000000,5.747,5.896,5.435,5.864,29146442.3
DOTUSDT,1668470400000,5.864,6.048,5.795,5.919,19000172.6
DOTUSDT,1668556800000,5.919,5.99,5.607,5.701,19456687.8
DOTUSDT,1668643200000,5.702,5.725,5.549,5.666,17581060.5
DOTUSDT,1668729600000,5.667,5.773,5.602,5.638,13996985.5
DOTUSDT,1668816000000,5.637,5.653,5.521,5.597,12446269.2
DOTUSDT,1668902400000,5.597,5.662,5.246,5.288,21527377.0
DOTUSDT,1668988800000,5.287,5.293,5.055,5.184,33475131.0
DOTUSDT,1669075200000,5.185,5.314,4.957,5.279,34823528.7
DOTUSDT,1669161600000,5.28,5.482,5.245,5.43,24016628.6
DOTUSDT,1669248000000,5.431,5.514,5.322,5.382,22165468.1
DOTUSDT,1669334400000,5.383,5.386,5.234,5.262,21128322.6
DOTUSDT,1669420800000,5.263,5.455,5.232,5.296,22565487.3
DOTUSDT,1669507200000,5.297,5.432,5.248,5.294,17111278.0
DOTUSDT,1669593600000,5.294,5.312,5.046,5.125,35766917.9
DOTUSDT,1669680000000,5.124,5.352,5.082,5.304,26799582.1
DOTUSDT,1669766400000,5.305,5.505,5.29,5.462,33495555.4
DOTUSDT,1669852800000,5.462,5.475,5.311,5.406,21177413.0
DOTUSDT,1669939200000,5.406,5.682,5.362,5.617,41526190.4
DOTUSDT,1670025600000,5.618,5.705,5.474,5.491,20943228.5
DOTUSDT,1670112000000,5.491,5.607,5.484,5.585,15515853.7
DOTUSDT,1670198400000,5.585,5.726,5.431,5.481,23417951.9
DOTUSDT,1670284800000,5.482,5.511,5.415,5.497,16104517.9
DOTUSDT,1670371200000,5.497,5.518,5.23,5.29,26220788.0
DOTUSDT,1670457600000,5.29,5.455,5.244,5.426,23055776.5
DOTUSDT,1670544000000,5.426,5.436,5.255,5.295,19378497.6
DOTUSDT,1670630400000,5.295,5.321,5.253,5.272,10134710.5
DOTUSDT,1670716800000,5.273,5.319,5.11,5.158,17285094.5
DOTUSDT,1670803200000,5.157,5.203,5.005,5.174,25867072.1
DOTUSDT,1670889600000,5.173,5.345,4.983,5.284,31833785.1
DOTUSDT,1670976000000,5.284,5.357,5.132,5.213,37262264.8
DOTUSDT,1671062400000,5.213,5.254,5.112,5.227,23403227.7
DOTUSDT,1671148800000,5.228,5.249,4.501,4.648,40579675.3
DOTUSDT,1671235200000,4.648,4.719,4.579,4.705,18303440.7
DOTUSDT,1671321600000,4.705,4.712,4.613,4.653,12321167.9
DOTUSDT,1671408000000,4.653,4.702,4.403,4.478,27823523.4
DOTUSDT,1671494400000,4.478,4.652,4.456,4.602,20009063.2
DOTUSDT,1671580800000,4.603,4.615,4.439,4.484,19699451.8
DOTUSDT,1671667200000,4.483,4.535,4.365,4.53,23691441.4
DOTUSDT,1671753600000,4.529,4.545,4.451,4.471,18650128.2
DOTUSDT,1671840000000,4.472,4.489,4.427,4.448,9981106.9
DOTUSDT,1671926400000,4.449,4.496,4.392,4.489,16919733.2
DOTUSDT,1672012800000,4.489,4.576,4.463,4.57,16218142.0
DOTUSDT,1672099200000,4.57,4.583,4.449,4.476,19253026.1
DOTUSDT,1672185600000,4.476,4.482,4.233,4.284,32350652.6
DOTUSDT,1672272000000,4.283,4.352,4.216,4.305,20305692.1
DOTUSDT,1672358400000,4.305,4.34,4.222,4.321,18181896.4
DOTUSDT,1672444800000,4.322,4.391,4.296,4.306,12200124.4
AVAXUSDT,1651363200000,56.9,61.11,56.21,58.7,9309303.0
AVAXUSDT,1651449600000,58.69,62.41,56.68,60.32,12364685.0
AVAXUSDT,1651536000000,60.31,62.5,58.07,59.58,7346588.0
AVAXUSDT,1651622400000,59.58,67.63,59.24,67.24,9506059.0
AVAXUSDT,1651708800000,67.24,69.45,56.4,58.99,13440037.0
AVAXUSDT,1651795200000,58.98,59.35,55.03,56.95,11057498.0
AVAXUSDT,1651881600000,56.95,57.49,53.06,55.02,7380042.0
AVAXUSDT,1651968000000,55.02,55.47,50.57,51.59,10972576.0
AVAXUSDT,1652054400000,51.59,53.05,41.01,41.17,21693058.0
AVAXUSDT,1652140800000,41.17,50.32,39.9,44.53,23712550.0
AVAXUSDT,1652227200000,44.53,46.24,26.0,31.1,55600793.0
AVAXUSDT,1652313600000,31.11,33.95,23.35,30.3,44175287.0
AVAXUSDT,1652400000000,30.3,37.98,29.5,32.18,24331889.0
AVAXUSDT,1652486400000,32.18,34.33,29.25,33.91,13791527.0
AVAXUSDT,1652572800000,33.92,37.1,31.84,36.52,13277122.0
AVAXUSDT,1652659200000,36.51,36.53,31.37,32.52,18107439.0
AVAXUSDT,1652745600000,32.53,35.78,32.16,34.37,13834768.0
AVAXUSDT,1652832000000,34.37,35.15,29.33,29.57,16518378.0
AVAXUSDT,1652918400000,29.57,31.92,27.45,30.36,28102383.0
AVAXUSDT,1653004800000,30.36,31.95,27.77,28.76,26085871.0
AVAXUSDT,1653091200000,28.75,30.59,28.14,29.87,12509985.0
AVAXUSDT,1653177600000,29.87,32.72,28.94,31.69,18744750.0
AVAXUSDT,1653264000000,31.69,33.08,28.5,29.04,24921900.0
AVAXUSDT,1653350400000,29.04,29.64,26.83,29.05,21248315.0
AVAXUSDT,1653436800000,29.04,29.71,27.08,27.22,19579147.0
AVAXUSDT,1653523200000,27.22,28.0,22.72,23.4,37499990.0
AVAXUSDT,1653609600000,23.4,23.86,21.33,22.55,48838732.0
AVAXUSDT,1653696000000,22.55,25.7,22.16,24.74,34139376.0
AVAXUSDT,1653782400000,24.74,27.0,23.7,26.14,39203552.0
AVAXUSDT,1653868800000,26.15,28.47,25.3,27.68,38842914.0
AVAXUSDT,1653955200000,27.68,29.11,25.52,26.41,35630986.0
AVAXUSDT,1654041600000,26.41,27.04,23.16,23.68,34101263.0
AVAXUSDT,1654128000000,23.67,24.88,22.65,24.62,27960530.0
AVAXUSDT,1654214400000,24.63,24.68,22.45,22.98,23351098.0
AVAXUSDT,1654300800000,22.98,24.66,22.1,24.56,19268635.0
AVAXUSDT,1654387200000,24.55,25.2,23.91,24.16,25045512.0
AVAXUSDT,1654473600000,24.17,27.77,24.02,25.97,35419793.0
AVAXUSDT,1654560000000,25.98,26.19,23.09,24.58,44421419.0
AVAXUSDT,1654646400000,24.58,25.44,23.71,24.49,19562401.0
AVAXUSDT,1654732800000,24.5,25.38,23.7,24.41,15879885.0
AVAXUSDT,1654819200000,24.41,24.85,21.88,22.06,20278284.0
AVAXUSDT,1654905600000,22.06,23.0,19.62,19.89,26960534.0
AVAXUSDT,1654992000000,19.89,20.14,17.21,17.27,42739823.0
AVAXUSDT,1655078400000,17.26,17.49,14.56,16.1,76732476.0
AVAXUSDT,1655164800000,16.09,17.28,14.64,16.53,54923056.0
AVAXUSDT,1655251200000,16.54,18.47,14.52,18.28,59837886.0
AVAXUSDT,1655337600000,18.28,18.7,15.49,15.78,35625646.0
AVAXUSDT,1655424000000,15.78,16.72,15.46,15.97,23815610.0
AVAXUSDT,1655510400000,15.97,16.3,13.76,14.81,32217501.0
AVAXUSDT,1655596800000,14.81,16.42,13.71,16.16,30773238.0
AVAXUSDT,1655683200000,16.16,17.86,15.31,17.09,32887131.0
AVAXUSDT,1655769600000,17.09,18.49,16.61,16.89,25691993.0
AVAXUSDT,1655856000000,16.9,17.4,15.95,16.07,24408833.0
AVAXUSDT,1655942400000,16.06,18.4,16.01,18.27,28747696.0
AVAXUSDT,1656028800000,18.27,20.94,17.96,20.48,32440058.0
AVAXUSDT,1656115200000,20.47,21.68,19.85,21.35,24896644.0
AVAXUSDT,1656201600000,21.35,22.07,19.58,19.72,23896761.0
AVAXUSDT,1656288000000,19.72,21.39,19.15,19.33,24768911.0
AVAXUSDT,1656374400000,19.33,20.52,17.96,18.1,30703565.0
AVAXUSDT,1656460800000,18.1,18.67,17.15,17.78,29903633.0
AVAXUSDT,1656547200000,17.79,17.8,15.74,16.97,36000221.0
AVAXUSDT,1656633600000,16.97,17.65,15.77,16.11,35023693.0
AVAXUSDT,1656720000000,16.11,16.61,15.93,16.31,18476640.0
AVAXUSDT,1656806400000,16.31,16.91,15.81,16.63,16727587.0
AVAXUSDT,1656892800000,16.62,18.06,16.28,17.91,26119840.0
AVAXUSDT,1656979200000,17.91,18.65,16.64,18.01,30228899.0
AVAXUSDT,1657065600000,18.02,19.48,17.76,19.16,32381248.0
AVAXUSDT,1657152000000,19.17,20.61,18.81,20.18,26979301.0
AVAXUSDT,1657238400000,20.17,21.15,19.4,19.69,28475086.0
AVAXUSDT,1657324800000,19.69,20.26,19.55,19.87,12075489.0
AVAXUSDT,1657411200000,19.87,19.97,18.72,19.14,13632081.0
AVAXUSDT,1657497600000,19.14,19.16,17.3,17.32,17428775.0
AVAXUSDT,1657584000000,17.33,18.05,16.69,16.74,21508844.0
AVAXUSDT,1657670400000,16.73,18.94,16.32,18.82,33871100.0
AVAXUSDT,1657756800000,18.81,19.98,17.77,19.75,26278717.0
AVAXUSDT,1657843200000,19.76,20.31,19.07,19.35,21602750.0
AVAXUSDT,1657929600000,19.34,21.5,18.68,21.25,23117679.0
AVAXUSDT,1658016000000,21.24,22.1,20.55,20.61,21953194.0
AVAXUSDT,1658102400000,20.62,24.37,20.57,23.96,36270755.0
AVAXUSDT,1658188800000,23.95,26.3,23.03,24.71,34627636.0
AVAXUSDT,1658275200000,24.7,26.38,23.38,23.59,28390426.0
AVAXUSDT,1658361600000,23.58,25.45,22.63,24.99,25555452.0
AVAXUSDT,1658448000000,24.99,25.55,23.57,23.61,18681924.0
AVAXUSDT,1658534400000,23.61,24.65,22.81,23.58,14344468.0
AVAXUSDT,1658620800000,23.58,24.48,23.21,23.77,11496921.0
AVAXUSDT,1658707200000,23.78,23.84,20.86,20.9,19223954.0
AVAXUSDT,1658793600000,20.9,20.97,19.53,20.69,17320396.0
AVAXUSDT,1658880000000,20.68,23.49,20.19,23.39,23378768.0
AVAXUSDT,1658966400000,23.38,24.7,22.4,24.19,24423044.0
AVAXUSDT,1659052800000,24.18,25.38,23.45,24.47,23335675.0
AVAXUSDT,1659139200000,24.48,25.83,23.88,24.22,16930173.0
AVAXUSDT,1659225600000,24.23,25.24,23.51,23.69,12511259.0
AVAXUSDT,1659312000000,23.68,24.32,22.94,23.57,12638153.0
AVAXUSDT,1659398400000,23.56,23.97,22.21,22.81,15096241.0
AVAXUSDT,1659484800000,22.82,24.19,22.25,23.02,12313154.0
AVAXUSDT,1659571200000,23.03,24.01,22.85,23.35,11803152.0
AVAXUSDT,1659657600000,23.36,24.99,23.08,24.95,13225341.0
AVAXUSDT,1659744000000,24.96,26.98,24.71,26.64,18880754.0
AVAXUSDT,1659830400000,26.64,28.5,25.81,27.87,24293768.0
AVAXUSDT,1659916800000,27.88,30.89,27.56,27.91,29861307.0
AVAXUSDT,1660003200000,27.92,28.79,26.9,27.39,24615010.0
AVAXUSDT,1660089600000,27.4,30.29,26.58,29.16,28743547.0
AVAXUSDT,1660176000000,29.16,30.1,28.22,28.51,19942879.0
AVAXUSDT,1660262400000,28.52,29.44,28.04,29.32,13602229.0
AVAXUSDT,1660348800000,29.33,30.37,28.84,29.15,12795862.0
AVAXUSDT,1660435200000,29.16,29.84,27.81,28.17,11757636.0
AVAXUSDT,1660521600000,28.17,29.28,27.03,27.87,15505829.0
AVAXUSDT,1660608000000,27.87,28.41,26.9,27.09,12726948.0
AVAXUSDT,1660694400000,27.1,28.21,25.23,25.54,16951543.0
AVAXUSDT,1660780800000,25.55,26.27,23.74,24.18,14281074.0
AVAXUSDT,1660867200000,24.18,24.41,21.0,22.42,27604264.0
AVAXUSDT,1660953600000,22.43,23.07,21.6,22.28,16633291.0
AVAXUSDT,1661040000000,22.28,23.57,22.12,22.95,13949758.0
AVAXUSDT,1661126400000,22.96,22.99,21.61,22.55,15368084.0
AVAXUSDT,1661212800000,22.54,23.74,21.8,23.5,16826927.0
AVAXUSDT,1661299200000,23.51,23.63,22.78,22.99,12200863.0
AVAXUSDT,1661385600000,22.98,23.65,22.63,22.97,10425613.0
AVAXUSDT,1661472000000,22.98,23.22,20.3,20.64,24382459.0
AVAXUSDT,1661558400000,20.63,20.87,19.76,20.03,16918309.0
AVAXUSDT,1661644800000,20.03,20.45,18.04,18.51,23043273.0
AVAXUSDT,1661731200000,18.51,19.46,17.46,19.3,43178165.0
AVAXUSDT,1661817600000,19.3,20.64,18.85,19.39,42062036.0
AVAXUSDT,1661904000000,19.39,20.07,18.96,19.12,25222196.0
AVAXUSDT,1661990400000,19.12,19.46,18.31,19.31,17947035.0
AVAXUSDT,1662076800000,19.3,19.65,18.65,18.83,15980709.0
AVAXUSDT,1662163200000,18.84,18.99,18.54,18.87,8288770.0
AVAXUSDT,1662249600000,18.87,19.15,18.7,19.0,10369557.0
AVAXUSDT,1662336000000,19.0,19.49,18.39,19.44,12580908.0
AVAXUSDT,1662422400000,19.43,20.49,18.11,18.19,29720397.0
AVAXUSDT,1662508800000,18.19,19.29,17.8,18.99,17849852.0
AVAXUSDT,1662595200000,18.98,19.16,18.38,19.13,16072233.0
AVAXUSDT,1662681600000,19.12,20.83,19.09,20.38,17717511.0
AVAXUSDT,1662768000000,20.38,21.18,20.02,20.43,14537659.0
AVAXUSDT,1662854400000,20.43,20.95,19.93,20.67,11665778.0
AVAXUSDT,1662940800000,20.67,21.89,20.04,21.36,27407501.0
AVAXUSDT,1663027200000,21.35,21.79,18.73,18.83,24877004.0
AVAXUSDT,1663113600000,18.84,19.3,18.42,19.1,14299065.0
AVAXUSDT,1663200000000,19.1,19.36,18.06,18.18,17142579.0
AVAXUSDT,1663286400000,18.19,18.3,17.54,18.04,14414608.0
AVAXUSDT,1663372800000,18.03,18.57,18.03,18.46,7567860.0
AVAXUSDT,1663459200000,18.46,18.74,16.05,16.69,17437712.0
AVAXUSDT,1663545600000,16.69,17.36,16.36,17.26,14436079.0
AVAXUSDT,1663632000000,17.25,17.4,16.55,16.65,12254629.0
AVAXUSDT,1663718400000,16.65,17.93,16.16,16.51,17824638.0
AVAXUSDT,1663804800000,16.51,17.87,16.37,17.66,14242931.0
AVAXUSDT,1663891200000,17.66,18.23,17.12,17.96,15847746.0
AVAXUSDT,1663977600000,17.95,18.19,17.53,17.59,7589632.0
AVAXUSDT,1664064000000,17.59,17.87,17.11,17.31,6498087.0
AVAXUSDT,1664150400000,17.31,17.58,16.95,17.56,10367210.0
AVAXUSDT,1664236800000,17.56,18.47,17.02,17.29,14922234.0
AVAXUSDT,1664323200000,17.29,17.44,16.72,17.25,11377069.0
AVAXUSDT,1664409600000,17.26,17.39,16.86,17.33,9396144.0
AVAXUSDT,1664496000000,17.33,17.73,17.0,17.18,11916652.0
AVAXUSDT,1664582400000,17.19,17.3,16.85,16.95,5067033.0
AVAXUSDT,1664668800000,16.95,17.16,16.42,16.52,7545935.0
AVAXUSDT,1664755200000,16.52,17.3,16.31,17.14,9940807.0
AVAXUSDT,1664841600000,17.14,17.54,17.05,17.43,7555966.0
AVAXUSDT,1664928000000,17.43,17.47,16.93,17.37,7248333.0
AVAXUSDT,1665014400000,17.37,17.67,16.96,17.02,7439717.0
AVAXUSDT,1665100800000,17.02,17.15,16.7,16.89,5705028.0
AVAXUSDT,1665187200000,16.88,16.99,16.6,16.76,2786587.0
AVAXUSDT,1665273600000,16.76,16.99,16.69,16.88,3130043.0
AVAXUSDT,1665360000000,16.88,17.24,16.12,16.19,7040563.0
AVAXUSDT,1665446400000,16.2,16.31,15.54,15.94,8918422.0
AVAXUSDT,1665532800000,15.94,16.15,15.8,15.94,4651136.0
AVAXUSDT,1665619200000,15.94,15.98,14.31,15.64,17650411.0
AVAXUSDT,1665705600000,15.64,16.4,15.53,15.66,10602602.0
AVAXUSDT,1665792000000,15.66,15.76,15.34,15.42,4340742.0
AVAXUSDT,1665878400000,15.42,15.87,15.39,15.73,4887079.0
AVAXUSDT,1665964800000,15.74,16.27,15.63,16.16,7999575.0
AVAXUSDT,1666051200000,16.17,16.35,15.56,15.86,9526721.0
AVAXUSDT,1666137600000,15.86,15.92,14.98,15.04,9906623.0
AVAXUSDT,1666224000000,15.05,15.44,14.85,15.13,11100067.0
AVAXUSDT,1666310400000,15.13,15.74,14.55,15.67,15057806.0
AVAXUSDT,1666396800000,15.67,15.93,15.5,15.66,6145205.0
AVAXUSDT,1666483200000,15.67,16.42,15.58,16.31,8793172.0
AVAXUSDT,1666569600000,16.3,16.49,15.62,15.74,8997621.0
AVAXUSDT,1666656000000,15.74,17.1,15.57,16.621,17354847.0
AVAXUSDT,1666742400000,16.621,17.349,16.62,16.992,19109883.0
AVAXUSDT,1666828800000,16.992,17.5,16.81,16.878,15911910.0
AVAXUSDT,1666915200000,16.88,18.39,16.708,18.32,19297432.0
AVAXUSDT,1667001600000,18.32,18.888,18.151,18.28,13323988.0
AVAXUSDT,1667088000000,18.28,18.824,17.906,18.241,10500702.0
AVAXUSDT,1667174400000,18.241,19.798,18.17,19.266,18183891.0
AVAXUSDT,1667260800000,19.263,19.528,18.563,18.614,11315151.0
AVAXUSDT,1667347200000,18.614,18.758,17.406,17.902,15628660.0
AVAXUSDT,1667433600000,17.902,18.867,17.788,18.022,9628523.0
AVAXUSDT,1667520000000,18.023,19.689,17.863,19.375,13878226.0
AVAXUSDT,1667606400000,19.372,20.6,19.18,19.593,13049016.0
AVAXUSDT,1667692800000,19.595,19.747,18.181,18.219,8190842.0
AVAXUSDT,1667779200000,18.219,18.847,17.646,18.065,11665576.0
AVAXUSDT,1667865600000,18.064,18.142,14.639,15.994,30566195.0
AVAXUSDT,1667952000000,15.995,16.14,11.916,12.858,30964288.0
AVAXUSDT,1668038400000,12.859,15.941,12.611,15.403,21110706.0
AVAXUSDT,1668124800000,15.407,15.45,13.56,14.12,14073079.0
AVAXUSDT,1668211200000,14.123,14.138,12.872,13.086,8524335.0
AVAXUSDT,1668297600000,13.085,13.35,12.612,13.011,8580820.0
AVAXUSDT,1668384000000,13.01,13.594,12.028,13.127,15466655.0
AVAXUSDT,1668470400000,13.126,13.996,12.994,13.505,12013627.0
AVAXUSDT,1668556800000,13.505,13.712,12.78,13.04,10231276.0
AVAXUSDT,1668643200000,13.041,13.34,12.645,12.859,11775785.0
AVAXUSDT,1668729600000,12.858,13.284,12.845,12.986,9252730.0
AVAXUSDT,1668816000000,12.987,12.988,12.477,12.88,6870343.0
AVAXUSDT,1668902400000,12.88,13.133,12.039,12.177,9448486.0
AVAXUSDT,1668988800000,12.177,12.188,11.53,11.806,16414181.0
AVAXUSDT,1669075200000,11.806,12.386,11.417,12.341,14803290.0
AVAXUSDT,1669161600000,12.343,13.053,12.331,13.049,11971433.0
AVAXUSDT,1669248000000,13.049,13.392,12.75,12.939,8769377.0
AVAXUSDT,1669334400000,12.94,13.027,12.51,12.813,6940344.0
AVAXUSDT,1669420800000,12.815,13.23,12.605,12.762,6700629.0
AVAXUSDT,1669507200000,12.763,13.25,12.677,12.855,6400430.0
AVAXUSDT,1669593600000,12.856,12.981,11.93,12.441,12625163.0
AVAXUSDT,1669680000000,12.44,12.723,12.266,12.456,9130689.0
AVAXUSDT,1669766400000,12.457,13.189,12.452,13.131,11929834.0
AVAXUSDT,1669852800000,13.133,13.312,12.779,12.896,8320546.0
AVAXUSDT,1669939200000,12.896,13.657,12.772,13.574,13112620.0
AVAXUSDT,1670025600000,13.575,13.9,13.276,13.403,12166958.0
AVAXUSDT,1670112000000,13.403,13.94,13.39,13.919,8673906.0
AVAXUSDT,1670198400000,13.918,14.347,13.4,13.599,12712608.0
AVAXUSDT,1670284800000,13.595,13.687,13.426,13.662,6656691.0
AVAXUSDT,1670371200000,13.661,13.693,12.979,13.259,8474060.0
AVAXUSDT,1670457600000,13.258,13.514,13.045,13.405,7117950.0
AVAXUSDT,1670544000000,13.405,13.616,13.346,13.451,6096527.0
AVAXUSDT,1670630400000,13.452,13.6,13.33,13.478,3720961.0
AVAXUSDT,1670716800000,13.479,13.496,12.9,12.972,4639128.0
AVAXUSDT,1670803200000,12.97,13.052,12.442,12.996,7127081.0
AVAXUSDT,1670889600000,12.997,14.434,12.548,13.75,14885231.0
AVAXUSDT,1670976000000,13.75,14.185,13.542,13.71,11595636.0
AVAXUSDT,1671062400000,13.711,13.895,13.061,13.17,8992973.0
AVAXUSDT,1671148800000,13.17,13.29,11.57,11.828,11331395.0
AVAXUSDT,1671235200000,11.829,11.99,11.509,11.943,7046832.0
AVAXUSDT,1671321600000,11.942,12.024,11.775,11.92,4382410.0
AVAXUSDT,1671408000000,11.92,12.093,11.106,11.383,8574856.0
AVAXUSDT,1671494400000,11.381,12.046,11.318,11.939,7167359.0
AVAXUSDT,1671580800000,11.939,11.985,11.613,11.698,4945043.0
AVAXUSDT,1671667200000,11.697,11.872,11.44,11.847,6262988.0
AVAXUSDT,1671753600000,11.848,11.883,11.615,11.775,4680491.0
AVAXUSDT,1671840000000,11.776,11.826,11.631,11.67,2797499.0
AVAXUSDT,1671926400000,11.67,11.728,11.495,11.673,4919982.0
AVAXUSDT,1672012800000,11.674,11.77,11.558,11.707,5173285.0
AVAXUSDT,1672099200000,11.709,11.798,11.522,11.641,5656282.0
AVAXUSDT,1672185600000,11.642,11.672,11.07,11.204,8326516.0
AVAXUSDT,1672272000000,11.205,11.222,10.591,10.967,8972066.0
AVAXUSDT,1672358400000,10.967,10.975,10.533,10.869,8744838.0
AVAXUSDT,1672444800000,10.869,11.074,10.833,10.903,3842406.0
SOLUSDT,1651363200000,84.51,93.16,84.0,89.61,10483398.0
SOLUSDT,1651449600000,89.61,90.85,85.02,87.44,8842773.0
SOLUSDT,1651536000000,87.44,88.79,84.58,85.81,5748943.0
SOLUSDT,1651622400000,85.82,93.1,85.42,92.7,9386594.0
SOLUSDT,1651708800000,92.7,95.22,81.05,84.48,13780385.0
SOLUSDT,1651795200000,84.47,84.78,79.79,81.63,11726372.0
SOLUSDT,1651881600000,81.64,82.29,77.0,78.8,7750477.0
SOLUSDT,1651968000000,78.8,79.36,73.58,75.34,11858880.0
SOLUSDT,1652054400000,75.34,77.19,61.61,62.08,27684716.0
SOLUSDT,1652140800000,62.07,73.99,60.0,66.83,31795763.0
SOLUSDT,1652227200000,66.83,68.44,43.06,50.84,48303489.0
SOLUSDT,1652313600000,50.85,54.33,37.1,44.63,56691055.0
SOLUSDT,1652400000000,44.64,56.37,43.81,48.88,32943655.0
SOLUSDT,1652486400000,48.88,53.94,45.75,52.4,20221240.0
SOLUSDT,1652572800000,52.4,59.29,49.57,58.8,17821126.0
SOLUSDT,1652659200000,58.8,58.8,51.8,53.77,22140006.0
SOLUSDT,1652745600000,53.78,58.2,53.0,57.0,19937437.0
SOLUSDT,1652832000000,57.01,57.83,49.34,49.92,19348761.0
SOLUSDT,1652918400000,49.91,54.06,48.07,52.18,24662199.0
SOLUSDT,1653004800000,52.18,53.62,47.76,49.41,25283753.0
SOLUSDT,1653091200000,49.4,51.2,48.36,50.27,12313932.0
SOLUSDT,1653177600000,50.27,53.16,49.64,52.44,12729438.0
SOLUSDT,1653264000000,52.44,54.66,48.56,49.14,19904405.0
SOLUSDT,1653350400000,49.13,50.83,47.04,49.66,17662688.0
SOLUSDT,1653436800000,49.65,50.54,47.53,47.95,15918475.0
SOLUSDT,1653523200000,47.95,48.65,41.56,43.41,31944688.0
SOLUSDT,1653609600000,43.41,43.92,39.91,41.15,37585417.0
SOLUSDT,1653696000000,41.15,45.1,40.3,44.22,18317303.0
SOLUSDT,1653782400000,44.22,45.66,41.77,44.95,20540692.0
SOLUSDT,1653868800000,44.95,48.58,44.24,47.21,24302104.0
SOLUSDT,1653955200000,47.21,48.23,44.52,45.76,20880840.0
SOLUSDT,1654041600000,45.75,46.12,39.49,40.09,25819704.0
SOLUSDT,1654128000000,40.09,41.7,38.1,40.84,32212216.0
SOLUSDT,1654214400000,40.84,41.52,37.55,38.24,27140271.0
SOLUSDT,1654300800000,38.25,39.55,35.65,38.99,27617082.0
SOLUSDT,1654387200000,38.99,40.22,37.81,38.51,26334769.0
SOLUSDT,1654473600000,38.5,44.99,38.31,42.35,44719001.0
SOLUSDT,1654560000000,42.36,42.77,37.06,39.28,51749410.0
SOLUSDT,1654646400000,39.29,40.94,38.24,38.8,25924339.0
SOLUSDT,1654732800000,38.81,41.96,38.4,39.95,25905188.0
SOLUSDT,1654819200000,39.94,40.9,36.73,37.12,28065208.0
SOLUSDT,1654905600000,37.13,37.91,33.13,33.91,32583858.0
SOLUSDT,1654992000000,33.92,34.5,30.53,30.56,45670821.0
SOLUSDT,1655078400000,30.56,31.09,26.0,28.58,102202032.0
SOLUSDT,1655164800000,28.58,32.21,25.81,29.56,76559650.0
SOLUSDT,1655251200000,29.57,34.87,26.75,34.72,78806086.0
SOLUSDT,1655337600000,34.72,36.26,29.52,30.1,64037750.0
SOLUSDT,1655424000000,30.09,32.11,29.21,30.7,41934041.0
SOLUSDT,1655510400000,30.71,32.0,27.09,31.98,61563165.0
SOLUSDT,1655596800000,31.98,35.43,28.67,34.16,64172010.0
SOLUSDT,1655683200000,34.17,36.9,31.7,35.22,57195766.0
SOLUSDT,1655769600000,35.23,39.25,34.18,36.39,55239261.0
SOLUSDT,1655856000000,36.39,36.86,33.62,34.11,46199415.0
SOLUSDT,1655942400000,34.11,38.69,33.88,38.15,47466482.0
SOLUSDT,1656028800000,38.14,42.91,37.64,41.89,42221178.0
SOLUSDT,1656115200000,41.89,42.61,39.72,42.21,31102600.0
SOLUSDT,1656201600000,42.2,42.49,39.1,39.36,28379658.0
SOLUSDT,1656288000000,39.36,41.28,37.8,38.5,29487738.0
SOLUSDT,1656374400000,38.5,39.88,35.05,35.32,37783221.0
SOLUSDT,1656460800000,35.31,36.1,33.09,34.02,40638255.0
SOLUSDT,1656547200000,34.02,34.19,30.79,33.73,44784872.0
SOLUSDT,1656633600000,33.73,35.39,31.79,32.83,44965929.0
SOLUSDT,1656720000000,32.83,34.15,31.83,33.34,23178184.0
SOLUSDT,1656806400000,33.35,33.71,32.12,33.37,19106717.0
SOLUSDT,1656892800000,33.37,36.95,32.41,36.71,29675528.0
SOLUSDT,1656979200000,36.71,36.97,33.06,35.37,37977932.0
SOLUSDT,1657065600000,35.37,37.65,34.77,37.01,36312383.0
SOLUSDT,1657152000000,37.02,39.26,36.36,38.44,28461790.0
SOLUSDT,1657238400000,38.44,39.7,36.42,38.1,36439992.0
SOLUSDT,1657324800000,38.1,38.99,37.74,38.02,17024013.0
SOLUSDT,1657411200000,38.02,38.12,36.24,36.7,17373581.0
SOLUSDT,1657497600000,36.69,36.72,33.22,33.39,24553003.0
SOLUSDT,1657584000000,33.38,34.6,32.56,32.65,26443855.0
SOLUSDT,1657670400000,32.65,35.08,31.7,34.93,33316937.0
SOLUSDT,1657756800000,34.92,37.31,33.52,37.12,26697987.0
SOLUSDT,1657843200000,37.11,39.09,36.51,37.35,26111584.0
SOLUSDT,1657929600000,37.35,40.41,36.33,39.57,23932775.0
SOLUSDT,1658016000000,39.57,41.09,38.26,38.58,22619821.0
SOLUSDT,1658102400000,38.58,44.1,38.53,43.53,33149985.0
SOLUSDT,1658188800000,43.53,47.4,42.54,44.86,41838827.0
SOLUSDT,1658275200000,44.85,46.32,41.21,42.02,34238745.0
SOLUSDT,1658361600000,42.02,44.06,39.61,43.11,35494480.0
SOLUSDT,1658448000000,43.11,44.34,40.01,40.49,26611172.0
SOLUSDT,1658534400000,40.49,41.91,38.59,39.95,21126177.0
SOLUSDT,1658620800000,39.95,42.08,39.44,40.91,18745458.0
SOLUSDT,1658707200000,40.91,41.09,36.53,36.64,26561982.0
SOLUSDT,1658793600000,36.63,36.82,34.64,36.22,26574196.0
SOLUSDT,1658880000000,36.22,40.56,35.64,40.21,28543829.0
SOLUSDT,1658966400000,40.2,44.16,39.01,42.9,32095274.0
SOLUSDT,1659052800000,42.91,44.42,41.09,41.9,27577032.0
SOLUSDT,1659139200000,41.9,46.64,41.41,43.83,25178431.0
SOLUSDT,1659225600000,43.84,45.18,42.18,42.32,18965991.0
SOLUSDT,1659312000000,42.31,43.23,40.52,41.61,20280148.0
SOLUSDT,1659398400000,41.62,42.43,39.42,39.73,22955028.0
SOLUSDT,1659484800000,39.73,41.0,37.39,38.52,48398769.0
SOLUSDT,1659571200000,38.52,39.83,37.9,38.81,23717637.0
SOLUSDT,1659657600000,38.81,41.32,38.65,40.55,21226093.0
SOLUSDT,1659744000000,40.55,40.9,39.83,40.04,11318037.0
SOLUSDT,1659830400000,40.03,41.59,39.15,40.59,11959783.0
SOLUSDT,1659916800000,40.6,43.72,40.53,42.15,21401541.0
SOLUSDT,1660003200000,42.14,42.76,39.68,40.3,19698484.0
SOLUSDT,1660089600000,40.3,42.85,39.11,42.45,25436194.0
SOLUSDT,1660176000000,42.45,45.32,42.32,42.75,31721354.0
SOLUSDT,1660262400000,42.75,45.49,42.1,45.46,22504477.0
SOLUSDT,1660348800000,45.45,48.38,45.23,46.57,32325766.0
SOLUSDT,1660435200000,46.58,48.05,44.43,44.86,24816330.0
SOLUSDT,1660521600000,44.85,47.24,42.71,43.7,26402675.0
SOLUSDT,1660608000000,43.69,44.3,42.5,43.06,22628772.0
SOLUSDT,1660694400000,43.05,44.74,40.13,40.51,28858267.0
SOLUSDT,1660780800000,40.52,41.63,39.25,39.48,21599618.0
SOLUSDT,1660867200000,39.48,39.56,34.38,35.79,39089747.0
SOLUSDT,1660953600000,35.79,37.23,34.15,35.25,26034812.0
SOLUSDT,1661040000000,35.25,37.04,34.26,36.45,20928069.0
SOLUSDT,1661126400000,36.45,36.54,33.7,35.39,26701372.0
SOLUSDT,1661212800000,35.39,36.09,34.22,35.66,19414878.0
SOLUSDT,1661299200000,35.66,36.39,34.27,34.85,19471591.0
SOLUSDT,1661385600000,34.85,36.51,34.84,35.22,17592172.0
SOLUSDT,1661472000000,35.23,35.77,31.31,31.68,32190703.0
SOLUSDT,1661558400000,31.68,32.22,30.82,31.5,18665019.0
SOLUSDT,1661644800000,31.49,32.18,30.14,30.38,15488187.0
SOLUSDT,1661731200000,30.38,32.62,29.9,32.39,23624146.0
SOLUSDT,1661817600000,32.4,33.17,30.61,31.47,24118771.0
SOLUSDT,1661904000000,31.46,32.95,31.16,31.46,22674978.0
SOLUSDT,1661990400000,31.47,31.78,30.37,31.59,18578932.0
SOLUSDT,1662076800000,31.59,32.37,30.72,31.21,18274973.0
SOLUSDT,1662163200000,31.2,31.26,30.77,31.1,8579138.0
SOLUSDT,1662249600000,31.1,32.22,31.0,32.15,11554165.0
SOLUSDT,1662336000000,32.14,32.5,31.12,32.15,14345553.0
SOLUSDT,1662422400000,32.15,33.88,30.39,30.87,32132354.0
SOLUSDT,1662508800000,30.87,32.95,30.27,32.68,20199001.0
SOLUSDT,1662595200000,32.69,33.98,31.99,33.6,22292605.0
SOLUSDT,1662681600000,33.59,35.96,33.57,34.66,24386705.0
SOLUSDT,1662768000000,34.66,35.4,34.24,35.03,13993028.0
SOLUSDT,1662854400000,35.02,36.02,34.02,34.97,14068818.0
SOLUSDT,1662940800000,34.97,38.44,34.37,37.43,35664193.0
SOLUSDT,1663027200000,37.42,38.93,32.9,32.96,40367039.0
SOLUSDT,1663113600000,32.96,34.33,32.63,34.09,20507377.0
SOLUSDT,1663200000000,34.09,34.83,32.36,33.05,25177753.0
SOLUSDT,1663286400000,33.06,33.24,31.48,32.24,17108873.0
SOLUSDT,1663372800000,32.24,33.88,32.21,33.66,10354775.0
SOLUSDT,1663459200000,33.67,33.98,30.78,31.07,16393651.0
SOLUSDT,1663545600000,31.07,33.08,30.44,32.62,20916872.0
SOLUSDT,1663632000000,32.62,32.87,31.26,31.4,18245776.0
SOLUSDT,1663718400000,31.41,33.48,29.98,30.63,28550681.0
SOLUSDT,1663804800000,30.62,32.86,30.56,32.41,19848606.0
SOLUSDT,1663891200000,32.41,33.95,31.17,33.66,24333195.0
SOLUSDT,1663977600000,33.66,34.78,33.11,33.36,22124642.0
SOLUSDT,1664064000000,33.37,34.05,31.82,32.31,15474926.0
SOLUSDT,1664150400000,32.31,33.93,31.84,33.86,23119343.0
SOLUSDT,1664236800000,33.86,35.4,32.05,32.66,28110937.0
SOLUSDT,1664323200000,32.66,33.79,31.62,33.22,24511989.0
SOLUSDT,1664409600000,33.22,34.41,32.62,33.92,25334901.0
SOLUSDT,1664496000000,33.92,35.19,32.6,33.22,27326331.0
SOLUSDT,1664582400000,33.22,33.22,32.31,32.42,13401426.0
SOLUSDT,1664668800000,32.42,32.99,31.84,32.04,12384841.0
SOLUSDT,1664755200000,32.04,33.24,31.69,32.89,16238346.0
SOLUSDT,1664841600000,32.88,34.38,32.82,34.08,16133930.0
SOLUSDT,1664928000000,34.07,34.36,33.15,34.02,15865963.0
SOLUSDT,1665014400000,34.01,34.48,33.18,33.33,14457846.0
SOLUSDT,1665100800000,33.33,33.74,32.38,32.96,12534495.0
SOLUSDT,1665187200000,32.96,33.06,32.31,32.56,5054488.0
SOLUSDT,1665273600000,32.56,33.11,32.42,32.9,6113563.0
SOLUSDT,1665360000000,32.9,33.47,31.82,31.93,12830317.0
SOLUSDT,1665446400000,31.93,31.93,30.36,30.78,13938956.0
SOLUSDT,1665532800000,30.77,31.53,30.66,31.14,9427142.0
SOLUSDT,1665619200000,31.15,31.19,27.12,30.47,29958449.0
SOLUSDT,1665705600000,30.46,31.96,29.61,29.97,18270783.0
SOLUSDT,1665792000000,29.96,30.19,29.39,29.58,8047257.0
SOLUSDT,1665878400000,29.57,30.51,29.54,30.14,7278669.0
SOLUSDT,1665964800000,30.14,31.28,29.82,31.18,12338376.0
SOLUSDT,1666051200000,31.18,31.47,29.69,30.13,16477163.0
SOLUSDT,1666137600000,30.13,30.25,28.55,28.84,13711673.0
SOLUSDT,1666224000000,28.84,29.45,27.93,28.0,18317942.0
SOLUSDT,1666310400000,28.0,28.25,26.82,28.08,25982889.0
SOLUSDT,1666396800000,28.09,28.21,27.45,27.98,10229233.0
SOLUSDT,1666483200000,27.98,29.53,27.68,29.25,16751705.0
SOLUSDT,1666569600000,29.26,29.51,28.14,28.28,18675469.0
SOLUSDT,1666656000000,28.28,32.29,28.03,30.85,39495842.0
SOLUSDT,1666742400000,30.85,32.19,30.59,31.27,28994283.0
SOLUSDT,1666828800000,31.27,32.35,30.44,30.57,27391970.0
SOLUSDT,1666915200000,30.57,32.54,30.06,32.06,23168444.0
SOLUSDT,1667001600000,32.05,33.85,31.84,32.86,21527044.0
SOLUSDT,1667088000000,32.85,33.54,31.9,32.91,13514157.0
SOLUSDT,1667174400000,32.92,34.39,32.17,32.54,23100208.0
SOLUSDT,1667260800000,32.53,33.38,32.13,32.18,12560985.0
SOLUSDT,1667347200000,32.18,32.92,30.2,30.79,24566803.0
SOLUSDT,1667433600000,30.78,32.23,30.58,30.83,17139494.0
SOLUSDT,1667520000000,30.82,34.2,30.63,33.72,26151429.0
SOLUSDT,1667606400000,33.73,38.79,33.64,36.89,50089252.0
SOLUSDT,1667692800000,36.89,37.07,32.26,32.6,35260996.0
SOLUSDT,1667779200000,32.61,33.11,28.0,29.59,70668114.0
SOLUSDT,1667865600000,29.58,31.89,18.4,23.82,242522353.0
SOLUSDT,1667952000000,23.82,23.82,9.423,11.7,590659791.0
SOLUSDT,1668038400000,11.69,18.787,10.61,17.615,353922445.0
SOLUSDT,1668124800000,17.612,18.318,14.0,16.426,135750868.0
SOLUSDT,1668211200000,16.426,16.505,14.44,14.56,53425107.0
SOLUSDT,1668297600000,14.559,14.738,12.806,13.126,58304909.0
SOLUSDT,1668384000000,13.125,15.36,12.0,13.999,102534104.0
SOLUSDT,1668470400000,13.998,15.12,13.811,14.303,54474973.0
SOLUSDT,1668556800000,14.304,14.601,13.624,14.257,32937136.0
SOLUSDT,1668643200000,14.259,14.5,12.832,13.62,63752460.0
SOLUSDT,1668729600000,13.623,13.883,12.967,13.257,31943477.0
SOLUSDT,1668816000000,13.257,13.26,12.564,12.837,26787739.0
SOLUSDT,1668902400000,12.836,13.585,12.085,12.251,34898380.0
SOLUSDT,1668988800000,12.252,12.277,11.253,11.825,49440318.0
SOLUSDT,1669075200000,11.827,12.5,10.901,12.427,45203704.0
SOLUSDT,1669161600000,12.429,14.723,12.4,14.331,61960092.0
SOLUSDT,1669248000000,14.331,14.948,13.826,14.591,50230193.0
SOLUSDT,1669334400000,14.591,14.599,13.89,14.015,27152366.0
SOLUSDT,1669420800000,14.014,14.964,13.926,14.133,24560019.0
SOLUSDT,1669507200000,14.135,14.428,14.02,14.099,14874919.0
SOLUSDT,1669593600000,14.097,14.148,12.743,13.313,45299967.0
SOLUSDT,1669680000000,13.313,13.95,13.115,13.336,21645702.0
SOLUSDT,1669766400000,13.336,14.3,13.172,14.162,26361757.0
SOLUSDT,1669852800000,14.163,14.18,13.372,13.489,16582560.0
SOLUSDT,1669939200000,13.489,13.834,13.28,13.703,17198822.0
SOLUSDT,1670025600000,13.704,13.767,13.2,13.289,9401869.0
SOLUSDT,1670112000000,13.29,13.749,13.258,13.7,7847958.0
SOLUSDT,1670198400000,13.7,14.16,13.578,13.81,17912273.0
SOLUSDT,1670284800000,13.81,14.373,13.808,14.281,15902230.0
SOLUSDT,1670371200000,14.279,14.334,13.38,13.487,13093328.0
SOLUSDT,1670457600000,13.487,13.764,13.258,13.67,10937958.0
SOLUSDT,1670544000000,13.671,14.019,13.5,13.579,14076006.0
SOLUSDT,1670630400000,13.579,13.731,13.532,13.56,4636762.0
SOLUSDT,1670716800000,13.559,13.785,13.37,13.406,6175513.0
SOLUSDT,1670803200000,13.407,13.488,12.753,13.304,12834367.0
SOLUSDT,1670889600000,13.308,14.149,12.753,13.894,23549901.0
SOLUSDT,1670976000000,13.894,14.96,13.809,14.12,26819296.0
SOLUSDT,1671062400000,14.12,14.515,13.87,14.044,18368914.0
SOLUSDT,1671148800000,14.043,14.169,11.965,12.239,30186738.0
SOLUSDT,1671235200000,12.239,12.56,11.895,12.489,14388279.0
SOLUSDT,1671321600000,12.489,12.599,12.25,12.369,6923437.0
SOLUSDT,1671408000000,12.37,12.573,11.651,11.93,16473134.0
SOLUSDT,1671494400000,11.93,12.475,11.818,12.247,12448746.0
SOLUSDT,1671580800000,12.248,12.274,11.879,12.127,10212917.0
SOLUSDT,1671667200000,12.127,12.176,11.668,11.814,12135907.0
SOLUSDT,1671753600000,11.815,12.106,11.708,11.772,11031497.0
SOLUSDT,1671840000000,11.772,11.782,11.03,11.423,20144597.0
SOLUSDT,1671926400000,11.423,11.545,11.224,11.373,10203291.0
SOLUSDT,1672012800000,11.372,11.488,11.05,11.325,12308275.0
SOLUSDT,1672099200000,11.325,11.435,10.7,11.087,25583208.0
SOLUSDT,1672185600000,11.087,11.128,9.37,9.749,59675748.0
SOLUSDT,1672272000000,9.749,10.89,7.777,9.614,148761380.0
SOLUSDT,1672358400000,9.614,10.3,8.97,9.877,165974098.0
SOLUSDT,1672444800000,9.875,10.2,9.64,9.968,56131816.0
BNBUSDT,1651363200000,376.52,391.28,374.9,389.6,750979.93
BNBUSDT,1651449600000,389.55,392.35,381.91,389.32,706575.94
BNBUSDT,1651536000000,389.32,392.17,379.5,383.52,564647.53
BNBUSDT,1651622400000,383.52,402.93,382.4,402.29,840117.47
BNBUSDT,1651708800000,402.3,414.0,370.0,378.06,1978236.02
BNBUSDT,1651795200000,378.06,383.2,370.32,378.89,1003890.61
BNBUSDT,1651881600000,378.89,380.51,359.75,365.3,784221.28
BNBUSDT,1651968000000,365.3,366.92,349.01,355.73,1075905.35
BNBUSDT,1652054400000,355.75,359.19,294.68,295.5,2629604.41
BNBUSDT,1652140800000,295.47,332.56,288.37,318.9,2881545.74
BNBUSDT,1652227200000,318.9,322.81,260.04,271.26,3559749.91
BNBUSDT,1652313600000,271.26,285.05,216.39,268.54,5510005.36
BNBUSDT,1652400000000,268.54,313.25,265.03,290.45,2530481.62
BNBUSDT,1652486400000,290.43,299.27,271.68,296.66,1586861.01
BNBUSDT,1652572800000,296.65,312.67,285.26,312.05,1278913.47
BNBUSDT,1652659200000,312.06,312.2,290.0,297.0,1530734.98
BNBUSDT,1652745600000,297.03,310.53,295.78,305.91,1229899.76
BNBUSDT,1652832000000,305.91,308.44,286.26,287.36,1385025.13
BNBUSDT,1652918400000,287.42,308.93,286.32,306.7,1485233.57
BNBUSDT,1653004800000,306.75,316.4,293.71,301.95,1975481.57
BNBUSDT,1653091200000,301.95,313.98,298.99,312.13,961901.74
BNBUSDT,1653177600000,312.14,323.6,311.18,319.1,1297813.2
BNBUSDT,1653264000000,319.06,336.9,315.0,316.92,2154002.89
BNBUSDT,1653350400000,316.92,330.45,311.51,328.14,2287314.91
BNBUSDT,1653436800000,328.13,337.88,323.6,325.37,1913889.89
BNBUSDT,1653523200000,325.37,331.83,295.0,302.65,3015380.05
BNBUSDT,1653609600000,302.58,309.75,290.2,301.36,2732795.38
BNBUSDT,1653696000000,301.37,310.67,296.62,307.26,1306482.06
BNBUSDT,1653782400000,307.27,307.95,298.18,305.67,1279213.55
BNBUSDT,1653868800000,305.67,323.97,303.69,321.57,2026665.34
BNBUSDT,1653955200000,321.61,324.82,313.18,320.86,1436771.0
BNBUSDT,1654041600000,320.85,324.6,297.15,300.25,1818491.01
BNBUSDT,1654128000000,300.29,309.12,297.88,308.18,1131724.91
BNBUSDT,1654214400000,308.18,310.19,293.0,298.36,1259528.89
BNBUSDT,1654300800000,298.36,303.0,294.38,301.21,833671.36
BNBUSDT,1654387200000,301.24,302.48,294.47,298.95,969504.78
BNBUSDT,1654473600000,298.91,312.62,286.8,294.77,2209575.08
BNBUSDT,1654560000000,294.77,295.98,273.2,290.15,3697795.19
BNBUSDT,1654646400000,290.17,294.57,283.73,288.26,1576192.59
BNBUSDT,1654732800000,288.27,293.35,286.06,289.64,967259.86
BNBUSDT,1654819200000,289.64,299.3,282.18,286.07,2288187.72
BNBUSDT,1654905600000,286.07,290.49,264.9,269.67,2106150.18
BNBUSDT,1654992000000,269.67,271.84,250.59,254.55,2478261.99
BNBUSDT,1655078400000,254.51,257.76,213.0,222.84,5576953.34
BNBUSDT,1655164800000,222.81,231.34,203.81,222.98,4321800.76
BNBUSDT,1655251200000,222.99,234.56,198.14,233.51,5239003.76
BNBUSDT,1655337600000,233.47,237.2,207.51,210.13,2981163.47
BNBUSDT,1655424000000,210.13,221.97,207.63,215.64,2285712.78
BNBUSDT,1655510400000,215.64,218.99,182.97,196.8,4412622.54
BNBUSDT,1655596800000,196.79,216.8,189.53,214.86,3281401.39
BNBUSDT,1655683200000,214.86,219.58,204.51,216.37,2715520.8
BNBUSDT,1655769600000,216.35,228.22,212.94,219.9,2327216.72
BNBUSDT,1655856000000,219.92,220.8,211.0,214.02,2090339.67
BNBUSDT,1655942400000,214.03,230.67,213.79,228.65,2633034.09
BNBUSDT,1656028800000,228.66,243.4,228.1,240.03,2135351.54
BNBUSDT,1656115200000,240.04,242.0,229.33,239.49,1612632.23
BNBUSDT,1656201600000,239.45,245.46,233.0,233.8,1462174.58
BNBUSDT,1656288000000,233.8,240.9,229.9,233.62,1585578.32
BNBUSDT,1656374400000,233.62,242.59,225.67,226.8,2205991.91
BNBUSDT,1656460800000,226.8,229.55,215.21,219.55,1990015.12
BNBUSDT,1656547200000,219.57,220.11,205.42,219.42,2338381.16
BNBUSDT,1656633600000,219.43,226.66,213.31,216.65,2399212.5
BNBUSDT,1656720000000,216.69,219.68,213.59,218.14,1293629.91
BNBUSDT,1656806400000,218.15,220.2,213.93,218.97,1381108.61
BNBUSDT,1656892800000,218.95,232.13,214.5,231.4,1806089.9
BNBUSDT,1656979200000,231.39,236.43,222.71,230.53,2325401.85
BNBUSDT,1657065600000,230.55,239.98,228.8,238.36,2122998.63
BNBUSDT,1657152000000,238.37,243.71,235.06,241.24,1683314.33
BNBUSDT,1657238400000,241.25,249.0,236.8,240.45,2011203.3
BNBUSDT,1657324800000,240.46,244.98,240.43,243.09,932609.22
BNBUSDT,1657411200000,243.1,243.29,231.51,234.57,1275968.45
BNBUSDT,1657497600000,234.57,234.88,224.81,225.43,1376849.69
BNBUSDT,1657584000000,225.43,228.17,219.9,220.33,1431523.63
BNBUSDT,1657670400000,220.34,230.9,216.13,230.28,2388838.89
BNBUSDT,1657756800000,230.29,240.0,226.88,238.46,1931864.91
BNBUSDT,1657843200000,238.46,242.6,235.35,238.46,1356107.34
BNBUSDT,1657929600000,238.46,251.57,233.71,249.75,1615934.27
BNBUSDT,1658016000000,249.71,255.64,246.4,247.63,1551025.94
BNBUSDT,1658102400000,247.64,265.63,247.5,263.96,1994212.49
BNBUSDT,1658188800000,263.96,274.77,255.65,268.54,2121950.7
BNBUSDT,1658275200000,268.55,271.88,256.28,258.11,1837624.34
BNBUSDT,1658361600000,258.11,265.88,250.49,265.49,1468808.37
BNBUSDT,1658448000000,265.45,271.36,261.07,262.28,1325475.63
BNBUSDT,1658534400000,262.28,272.71,252.51,258.9,1638795.61
BNBUSDT,1658620800000,258.91,266.22,257.08,261.19,1053232.77
BNBUSDT,1658707200000,261.2,262.59,244.01,244.5,1527082.05
BNBUSDT,1658793600000,244.51,249.56,239.4,249.31,1352071.63
BNBUSDT,1658880000000,249.29,272.1,247.39,271.54,2116504.58
BNBUSDT,1658966400000,271.54,280.93,263.6,277.1,2070397.14
BNBUSDT,1659052800000,277.1,302.57,274.77,293.9,3100487.69
BNBUSDT,1659139200000,293.9,300.5,284.92,287.76,1937426.74
BNBUSDT,1659225600000,287.8,297.26,282.03,283.31,1435179.37
BNBUSDT,1659312000000,283.32,290.55,277.85,283.12,1372291.85
BNBUSDT,1659398400000,283.12,291.27,274.09,283.66,1897902.05
BNBUSDT,1659484800000,283.68,305.9,278.07,297.53,2378613.59
BNBUSDT,1659571200000,297.54,313.67,297.13,311.71,3251014.13
BNBUSDT,1659657600000,311.72,321.34,308.0,315.7,2608972.56
BNBUSDT,1659744000000,315.7,322.99,312.59,315.14,1674866.78
BNBUSDT,1659830400000,315.14,326.0,308.21,322.77,2115584.57
BNBUSDT,1659916800000,322.77,333.99,321.0,324.55,2343153.95
BNBUSDT,1660003200000,324.54,328.5,312.06,324.3,2054151.89
BNBUSDT,1660089600000,324.3,336.9,313.47,328.66,3111154.02
BNBUSDT,1660176000000,328.66,334.68,321.65,323.29,1863553.58
BNBUSDT,1660262400000,323.29,328.0,317.51,327.88,1635804.27
BNBUSDT,1660348800000,327.9,333.0,322.5,324.0,1567750.15
BNBUSDT,1660435200000,324.0,330.8,315.43,317.6,1483287.31
BNBUSDT,1660521600000,317.59,327.33,313.57,319.31,1833422.31
BNBUSDT,1660608000000,319.29,322.29,311.69,315.94,1456876.1
BNBUSDT,1660694400000,315.93,324.16,303.5,306.75,2133079.41
BNBUSDT,1660780800000,306.79,310.4,295.22,297.96,1749054.81
BNBUSDT,1660867200000,297.96,298.15,273.1,278.99,2892940.58
BNBUSDT,1660953600000,278.99,288.86,276.55,283.41,1888916.0
BNBUSDT,1661040000000,283.41,304.31,283.17,301.61,2478139.64
BNBUSDT,1661126400000,301.61,305.0,288.54,299.82,2516372.94
BNBUSDT,1661212800000,299.82,301.79,293.49,299.14,1806970.07
BNBUSDT,1661299200000,299.15,300.42,293.87,296.06,1545887.35
BNBUSDT,1661385600000,296.06,307.86,295.51,301.0,1567672.11
BNBUSDT,1661472000000,301.01,302.33,276.96,279.3,2266578.32
BNBUSDT,1661558400000,279.31,284.45,272.8,277.66,1560621.56
BNBUSDT,1661644800000,277.66,283.9,275.3,276.23,1434558.06
BNBUSDT,1661731200000,276.23,286.56,271.94,285.61,2162177.72
BNBUSDT,1661817600000,285.62,291.94,276.21,281.42,2077155.32
BNBUSDT,1661904000000,281.42,289.92,277.44,278.99,1805983.38
BNBUSDT,1661990400000,278.99,280.21,270.29,278.18,1867546.39
BNBUSDT,1662076800000,278.18,283.5,273.33,277.22,1572494.28
BNBUSDT,1662163200000,277.21,278.66,274.0,277.64,696975.84
BNBUSDT,1662249600000,277.64,280.68,274.74,278.98,887989.61
BNBUSDT,1662336000000,278.97,282.47,273.03,276.7,1165569.09
BNBUSDT,1662422400000,276.7,286.4,260.22,262.24,2492979.44
BNBUSDT,1662508800000,262.23,280.68,257.74,278.95,1724893.13
BNBUSDT,1662595200000,278.96,282.89,275.21,280.41,1542173.57
BNBUSDT,1662681600000,280.41,295.95,279.89,293.14,1505091.93
BNBUSDT,1662768000000,293.14,298.48,290.23,296.47,1025193.27
BNBUSDT,1662854400000,296.47,297.89,289.35,295.07,804809.74
BNBUSDT,1662940800000,295.07,300.0,290.56,293.81,1370480.1
BNBUSDT,1663027200000,293.8,298.5,275.16,277.23,1856311.65
BNBUSDT,1663113600000,277.22,282.58,273.0,279.14,1280447.11
BNBUSDT,1663200000000,279.14,280.31,266.4,270.95,1450498.36
BNBUSDT,1663286400000,270.94,276.33,268.22,274.76,1107493.71
BNBUSDT,1663372800000,274.75,279.82,274.38,278.76,663363.7
BNBUSDT,1663459200000,278.77,280.36,262.13,266.19,1178431.27
BNBUSDT,1663545600000,266.18,273.09,256.3,271.8,1711658.62
BNBUSDT,1663632000000,271.8,273.58,264.92,266.13,1095316.6
BNBUSDT,1663718400000,266.13,276.47,260.0,263.7,1731125.0
BNBUSDT,1663804800000,263.7,276.45,263.23,275.21,1259379.6
BNBUSDT,1663891200000,275.21,277.6,268.1,276.45,1295727.7
BNBUSDT,1663977600000,276.46,285.31,274.0,274.32,1469625.39
BNBUSDT,1664064000000,274.32,279.86,270.9,274.04,1069732.24
BNBUSDT,1664150400000,274.01,276.83,270.53,276.01,1101271.03
BNBUSDT,1664236800000,276.0,286.65,268.0,272.03,1785896.47
BNBUSDT,1664323200000,272.03,283.68,266.2,281.47,1536301.46
BNBUSDT,1664409600000,281.47,285.45,276.88,284.04,1469398.95
BNBUSDT,1664496000000,284.06,289.76,280.38,284.65,1610532.91
BNBUSDT,1664582400000,284.65,285.3,277.6,282.8,773576.71
BNBUSDT,1664668800000,282.81,287.99,279.24,284.63,978480.96
BNBUSDT,1664755200000,284.63,288.99,283.0,286.83,1208709.28
BNBUSDT,1664841600000,286.84,298.35,286.0,296.0,1277434.78
BNBUSDT,1664928000000,295.99,296.12,289.19,293.98,917613.59
BNBUSDT,1665014400000,293.98,297.8,278.0,286.76,2296853.58
BNBUSDT,1665100800000,286.77,286.77,279.2,282.16,1779227.74
BNBUSDT,1665187200000,282.15,282.59,275.27,276.23,848461.92
BNBUSDT,1665273600000,276.24,279.42,275.02,278.2,696640.22
BNBUSDT,1665360000000,278.19,279.1,271.14,271.47,1022889.84
BNBUSDT,1665446400000,271.47,273.86,267.0,271.4,1091096.9
BNBUSDT,1665532800000,271.39,272.88,269.18,270.8,750582.36
BNBUSDT,1665619200000,270.8,273.66,255.0,271.4,2116323.33
BNBUSDT,1665705600000,271.39,276.65,267.39,269.3,1135601.69
BNBUSDT,1665792000000,269.3,271.32,267.18,267.96,509635.39
BNBUSDT,1665878400000,267.96,273.74,267.72,272.31,600305.4
BNBUSDT,1665964800000,272.31,275.82,269.51,275.54,734925.44
BNBUSDT,1666051200000,275.53,275.9,270.12,272.99,795262.09
BNBUSDT,1666137600000,272.98,273.87,270.2,271.78,630654.29
BNBUSDT,1666224000000,271.79,273.29,267.1,268.8,798786.29
BNBUSDT,1666310400000,268.81,271.08,263.09,269.88,979839.7
BNBUSDT,1666396800000,269.89,271.06,268.12,270.27,375436.96
BNBUSDT,1666483200000,270.28,276.64,268.42,275.73,652279.77
BNBUSDT,1666569600000,275.74,277.38,271.38,274.02,671641.35
BNBUSDT,1666656000000,274.03,289.75,271.78,284.04,1622059.68
BNBUSDT,1666742400000,284.05,291.95,284.04,290.06,1194211.68
BNBUSDT,1666828800000,290.04,293.22,284.42,286.67,1220581.89
BNBUSDT,1666915200000,286.68,301.08,285.52,297.85,1703353.21
BNBUSDT,1667001600000,297.85,308.42,295.47,304.42,2009675.24
BNBUSDT,1667088000000,304.41,319.3,302.14,313.42,2119755.13
BNBUSDT,1667174400000,313.42,337.88,306.41,325.59,4298471.38
BNBUSDT,1667260800000,325.6,334.25,316.88,323.67,2154109.81
BNBUSDT,1667347200000,323.66,329.63,315.01,319.98,2337902.08
BNBUSDT,1667433600000,319.98,339.0,317.83,329.36,2702424.87
BNBUSDT,1667520000000,329.35,358.99,327.97,354.36,3226092.61
BNBUSDT,1667606400000,354.37,361.0,345.83,348.97,1660276.61
BNBUSDT,1667692800000,348.96,356.33,337.42,337.69,1593381.25
BNBUSDT,1667779200000,337.69,344.19,326.04,336.81,3006304.57
BNBUSDT,1667865600000,336.81,399.91,298.17,326.95,12141918.87
BNBUSDT,1667952000000,326.97,332.64,260.0,266.52,7429076.14
BNBUSDT,1668038400000,266.53,311.93,262.11,303.84,4331441.11
BNBUSDT,1668124800000,303.85,305.92,278.14,290.08,2500929.25
BNBUSDT,1668211200000,290.08,293.43,271.31,282.67,1831003.82
BNBUSDT,1668297600000,282.68,286.36,273.0,276.41,1365077.83
BNBUSDT,1668384000000,276.4,292.16,267.58,278.85,2899668.01
BNBUSDT,1668470400000,278.85,282.54,272.9,276.83,1941769.22
BNBUSDT,1668556800000,276.89,280.23,268.22,271.7,1754311.85
BNBUSDT,1668643200000,271.72,273.4,262.93,267.82,1763629.04
BNBUSDT,1668729600000,267.82,274.78,267.51,273.89,1279304.52
BNBUSDT,1668816000000,273.88,274.5,268.83,272.33,869212.92
BNBUSDT,1668902400000,272.33,273.88,261.36,264.11,1227348.13
BNBUSDT,1668988800000,264.11,265.08,249.12,253.92,2497180.85
BNBUSDT,1669075200000,253.93,267.79,251.99,266.62,1727673.63
BNBUSDT,1669161600000,266.64,302.16,264.8,298.49,4996679.33
BNBUSDT,1669248000000,298.46,303.84,293.45,299.86,2634888.34
BNBUSDT,1669334400000,299.86,306.61,293.63,300.43,2224501.41
BNBUSDT,1669420800000,300.43,318.0,299.42,310.95,3043808.81
BNBUSDT,1669507200000,310.96,316.31,305.94,307.36,1681129.74
BNBUSDT,1669593600000,307.34,309.19,286.0,293.16,3108085.64
BNBUSDT,1669680000000,293.16,304.99,288.51,295.13,2159345.9
BNBUSDT,1669766400000,295.14,305.27,292.0,300.11,2627825.67
BNBUSDT,1669852800000,300.1,301.53,290.12,292.3,3296858.67
BNBUSDT,1669939200000,292.3,294.04,284.38,293.49,2024065.31
BNBUSDT,1670025600000,293.49,294.5,288.98,290.35,1038670.52
BNBUSDT,1670112000000,290.35,293.09,287.08,291.95,1004041.37
BNBUSDT,1670198400000,291.94,297.25,286.01,288.39,1505984.56
BNBUSDT,1670284800000,288.4,290.79,286.44,290.21,904184.64
BNBUSDT,1670371200000,290.2,291.0,280.0,284.02,1151685.74
BNBUSDT,1670457600000,284.01,291.99,282.29,290.34,1167705.79
BNBUSDT,1670544000000,290.34,292.1,284.5,285.91,984260.54
BNBUSDT,1670630400000,285.91,289.85,285.63,288.03,437168.02
BNBUSDT,1670716800000,288.02,291.49,283.17,284.38,796560.71
BNBUSDT,1670803200000,284.39,285.74,271.45,276.14,3088891.51
BNBUSDT,1670889600000,276.14,282.36,255.34,272.34,8174597.75
BNBUSDT,1670976000000,272.34,278.67,265.0,267.7,3748097.02
BNBUSDT,1671062400000,267.7,268.14,256.5,258.85,2561799.65
BNBUSDT,1671148800000,258.84,264.77,222.96,230.74,6245544.82
BNBUSDT,1671235200000,230.73,245.0,218.93,241.75,6595404.85
BNBUSDT,1671321600000,241.74,254.2,238.97,250.78,5162521.0
BNBUSDT,1671408000000,250.77,252.87,236.46,240.23,4377059.47
BNBUSDT,1671494400000,240.24,253.68,239.03,251.09,3425483.64
BNBUSDT,1671580800000,251.1,251.35,245.0,246.07,1713273.14
BNBUSDT,1671667200000,246.07,248.27,240.0,245.69,2368418.48
BNBUSDT,1671753600000,245.7,248.74,243.33,245.95,1547434.48
BNBUSDT,1671840000000,245.95,246.15,243.0,244.31,738879.96
BNBUSDT,1671926400000,244.31,245.74,241.0,243.11,1155002.07
BNBUSDT,1672012800000,243.11,244.9,241.71,244.26,865906.28
BNBUSDT,1672099200000,244.26,250.0,242.0,246.52,1613541.3
BNBUSDT,1672185600000,246.53,247.37,241.28,244.42,1708713.93
BNBUSDT,1672272000000,244.42,246.81,243.14,246.12,1328638.57
BNBUSDT,1672358400000,246.13,246.54,242.53,245.74,1108524.46
BNBUSDT,1672444800000,245.73,248.0,244.73,246.11,821800.63
TRXUSDT,1651363200000,0.06255,0.07171,0.0615,0.07078,9410157962.0
TRXUSDT,1651449600000,0.07077,0.07367,0.06444,0.06893,10024482951.0
TRXUSDT,1651536000000,0.06892,0.07528,0.06808,0.07254,9979823534.0
TRXUSDT,1651622400000,0.07255,0.08707,0.06988,0.08627,18788812691.0
TRXUSDT,1651708800000,0.08627,0.09,0.0715,0.07445,17446016554.0
TRXUSDT,1651795200000,0.07445,0.08845,0.0726,0.08624,20827905607.0
TRXUSDT,1651881600000,0.08625,0.089,0.07971,0.08346,22064723018.0
TRXUSDT,1651968000000,0.08346,0.09285,0.0801,0.08796,19933124033.0
TRXUSDT,1652054400000,0.08795,0.0882,0.07188,0.07258,21049836762.0
TRXUSDT,1652140800000,0.07257,0.08248,0.07127,0.07688,14217259407.0
TRXUSDT,1652227200000,0.07687,0.08662,0.06106,0.0748,25129714926.0
TRXUSDT,1652313600000,0.0748,0.08222,0.06543,0.06719,13314188455.0
TRXUSDT,1652400000000,0.06718,0.07654,0.0663,0.07424,7220088608.0
TRXUSDT,1652486400000,0.07424,0.07608,0.0705,0.07237,4766494013.0
TRXUSDT,1652572800000,0.07237,0.07281,0.0675,0.07234,4905036382.0
TRXUSDT,1652659200000,0.07235,0.07243,0.06681,0.06909,3811974851.0
TRXUSDT,1652745600000,0.06909,0.07402,0.06878,0.07222,3225219960.0
TRXUSDT,1652832000000,0.07221,0.07283,0.06927,0.07095,2962487096.0
TRXUSDT,1652918400000,0.07095,0.07509,0.06989,0.07355,4699268917.0
TRXUSDT,1653004800000,0.07355,0.07507,0.0698,0.07114,3860331787.0
TRXUSDT,1653091200000,0.07114,0.07586,0.07029,0.07397,2815265595.0
TRXUSDT,1653177600000,0.07396,0.07866,0.07353,0.07813,2435454605.0
TRXUSDT,1653264000000,0.07812,0.08264,0.07571,0.0761,4991970580.0
TRXUSDT,1653350400000,0.07608,0.08315,0.07588,0.08059,8149982596.0
TRXUSDT,1653436800000,0.08059,0.08863,0.07966,0.08467,6540492413.0
TRXUSDT,1653523200000,0.08467,0.0866,0.07856,0.08219,9444248579.0
TRXUSDT,1653609600000,0.0822,0.08397,0.07827,0.08082,6220584767.0
TRXUSDT,1653696000000,0.08081,0.08276,0.07891,0.08114,3009110581.0
TRXUSDT,1653782400000,0.08114,0.08232,0.07806,0.08052,2923376797.0
TRXUSDT,1653868800000,0.08051,0.08446,0.08012,0.08321,3481252785.0
TRXUSDT,1653955200000,0.08321,0.08456,0.07923,0.08443,3673985788.0
TRXUSDT,1654041600000,0.08441,0.09242,0.08204,0.08352,11826182652.0
TRXUSDT,1654128000000,0.08351,0.08567,0.08101,0.08425,4750932240.0
TRXUSDT,1654214400000,0.08425,0.08644,0.08026,0.08104,3115601146.0
TRXUSDT,1654300800000,0.08105,0.08131,0.07605,0.08037,4127218638.0
TRXUSDT,1654387200000,0.08037,0.08269,0.07909,0.08143,2132701899.0
TRXUSDT,1654473600000,0.08144,0.08487,0.081,0.08155,2600935659.0
TRXUSDT,1654560000000,0.08155,0.0831,0.07876,0.08179,3044582574.0
TRXUSDT,1654646400000,0.08178,0.08264,0.07951,0.08057,1923500978.0
TRXUSDT,1654732800000,0.08057,0.08193,0.07995,0.08097,1428582206.0
TRXUSDT,1654819200000,0.08096,0.08159,0.07866,0.07884,1966745870.0
TRXUSDT,1654905600000,0.07884,0.08035,0.07457,0.07615,2666235124.0
TRXUSDT,1654992000000,0.07615,0.0786,0.0739,0.07605,3892150505.0
TRXUSDT,1655078400000,0.07604,0.07665,0.05952,0.06381,25188990435.0
TRXUSDT,1655164800000,0.06382,0.06498,0.05147,0.05555,22583015889.0
TRXUSDT,1655251200000,0.05553,0.064,0.04567,0.06295,45724912085.0
TRXUSDT,1655337600000,0.06294,0.06575,0.05807,0.05919,14902512106.0
TRXUSDT,1655424000000,0.0592,0.06333,0.05853,0.05982,6958373281.0
TRXUSDT,1655510400000,0.05983,0.06391,0.05683,0.06082,10701457001.0
TRXUSDT,1655596800000,0.06083,0.06299,0.05812,0.06125,7588529776.0
TRXUSDT,1655683200000,0.06125,0.06223,0.05932,0.06108,4259838394.0
TRXUSDT,1655769600000,0.06108,0.06683,0.0609,0.06487,4335676318.0
TRXUSDT,1655856000000,0.06487,0.06578,0.06283,0.06301,2761201619.0
TRXUSDT,1655942400000,0.06302,0.06464,0.06157,0.06372,2107324710.0
TRXUSDT,1656028800000,0.06371,0.06678,0.06352,0.06578,2071193625.0
TRXUSDT,1656115200000,0.06577,0.06628,0.06351,0.06473,1247695945.0
TRXUSDT,1656201600000,0.06473,0.06588,0.06388,0.06496,1312151538.0
TRXUSDT,1656288000000,0.06495,0.07043,0.06481,0.06698,4176715401.0
TRXUSDT,1656374400000,0.06698,0.0683,0.06501,0.0658,2756327155.0
TRXUSDT,1656460800000,0.0658,0.06654,0.06388,0.06482,1972063650.0
TRXUSDT,1656547200000,0.06483,0.06597,0.06168,0.06475,2694390381.0
TRXUSDT,1656633600000,0.06474,0.06697,0.06405,0.06505,2063986622.0
TRXUSDT,1656720000000,0.06505,0.06546,0.06421,0.06465,850119163.0
TRXUSDT,1656806400000,0.06466,0.06643,0.06235,0.06622,2015680552.0
TRXUSDT,1656892800000,0.06622,0.06771,0.06538,0.06729,2210015384.0
TRXUSDT,1656979200000,0.06729,0.06977,0.06645,0.06806,1850270896.0
TRXUSDT,1657065600000,0.06807,0.06857,0.06663,0.06749,1225616805.0
TRXUSDT,1657152000000,0.06749,0.06882,0.06602,0.06854,1477687628.0
TRXUSDT,1657238400000,0.06855,0.06983,0.06755,0.06894,1288857269.0
TRXUSDT,1657324800000,0.06893,0.07163,0.06887,0.06973,1212209983.0
TRXUSDT,1657411200000,0.06973,0.07006,0.0671,0.06755,1008055384.0
TRXUSDT,1657497600000,0.06755,0.0677,0.06442,0.06468,1125631170.0
TRXUSDT,1657584000000,0.06468,0.06572,0.06427,0.06453,1055931357.0
TRXUSDT,1657670400000,0.06452,0.0665,0.06352,0.06621,1504354122.0
TRXUSDT,1657756800000,0.0662,0.06753,0.06492,0.06674,990165073.0
TRXUSDT,1657843200000,0.06674,0.06795,0.06643,0.06698,660323236.0
TRXUSDT,1657929600000,0.06699,0.06947,0.06602,0.06889,861489202.0
TRXUSDT,1658016000000,0.06889,0.06935,0.06726,0.06738,654257053.0
TRXUSDT,1658102400000,0.06739,0.07078,0.0672,0.06876,1461312174.0
TRXUSDT,1658188800000,0.06875,0.06983,0.06754,0.06901,1432983950.0
TRXUSDT,1658275200000,0.06902,0.07032,0.06703,0.06744,1370449936.0
TRXUSDT,1658361600000,0.06745,0.0682,0.06631,0.06795,880456707.0
TRXUSDT,1658448000000,0.06795,0.06904,0.06647,0.06692,801763832.0
TRXUSDT,1658534400000,0.06691,0.06785,0.06585,0.0669,612913647.0
TRXUSDT,1658620800000,0.0669,0.06777,0.06659,0.06677,561297974.0
TRXUSDT,1658707200000,0.06676,0.06694,0.06354,0.06359,1049985356.0
TRXUSDT,1658793600000,0.0636,0.06538,0.06283,0.0653,1104353816.0
TRXUSDT,1658880000000,0.0653,0.06874,0.06496,0.06862,1296211023.0
TRXUSDT,1658966400000,0.06863,0.07044,0.06743,0.06962,1170598887.0
TRXUSDT,1659052800000,0.06963,0.07208,0.06811,0.06918,1318351970.0
TRXUSDT,1659139200000,0.06917,0.07132,0.06886,0.06907,908262355.0
TRXUSDT,1659225600000,0.06907,0.07081,0.0685,0.06878,685570213.0
TRXUSDT,1659312000000,0.06877,0.07154,0.0682,0.06979,1076533483.0
TRXUSDT,1659398400000,0.06979,0.07045,0.06767,0.06823,1209514515.0
TRXUSDT,1659484800000,0.06824,0.06923,0.06717,0.06773,764243947.0
TRXUSDT,1659571200000,0.06773,0.06957,0.06749,0.06884,911463759.0
TRXUSDT,1659657600000,0.06885,0.0701,0.06805,0.06983,773770560.0
TRXUSDT,1659744000000,0.06984,0.07059,0.06919,0.06939,533398732.0
TRXUSDT,1659830400000,0.0694,0.07034,0.06903,0.06955,504203077.0
TRXUSDT,1659916800000,0.06954,0.07108,0.06947,0.07004,668460952.0
TRXUSDT,1660003200000,0.07003,0.07099,0.06815,0.06832,906846926.0
TRXUSDT,1660089600000,0.06832,0.07044,0.06771,0.07032,754998826.0
TRXUSDT,1660176000000,0.07033,0.07114,0.06991,0.0703,824798816.0
TRXUSDT,1660262400000,0.07031,0.07072,0.06921,0.07038,739831189.0
TRXUSDT,1660348800000,0.07038,0.07122,0.0695,0.0699,740624205.0
TRXUSDT,1660435200000,0.0699,0.07241,0.06935,0.07032,1314299429.0
TRXUSDT,1660521600000,0.07032,0.07116,0.06815,0.06881,1260095023.0
TRXUSDT,1660608000000,0.06882,0.0705,0.06826,0.06968,1046705343.0
TRXUSDT,1660694400000,0.06968,0.07102,0.06782,0.06825,1156104026.0
TRXUSDT,1660780800000,0.06826,0.06861,0.06722,0.06733,788366524.0
TRXUSDT,1660867200000,0.06734,0.06734,0.06378,0.06398,1376563612.0
TRXUSDT,1660953600000,0.06398,0.06586,0.06384,0.06575,942514093.0
TRXUSDT,1661040000000,0.06574,0.06634,0.06452,0.06584,802871139.0
TRXUSDT,1661126400000,0.06585,0.06624,0.06446,0.0656,858741055.0
TRXUSDT,1661212800000,0.06559,0.06679,0.06478,0.0663,1153809206.0
TRXUSDT,1661299200000,0.0663,0.0664,0.06463,0.06473,855435310.0
TRXUSDT,1661385600000,0.06474,0.06574,0.06461,0.06543,580977201.0
TRXUSDT,1661472000000,0.06544,0.06561,0.06127,0.06148,1478584306.0
TRXUSDT,1661558400000,0.06148,0.063,0.06102,0.06283,845383036.0
TRXUSDT,1661644800000,0.06283,0.06314,0.06127,0.06135,617110114.0
TRXUSDT,1661731200000,0.06135,0.06345,0.06083,0.06333,833603688.0
TRXUSDT,1661817600000,0.06334,0.06704,0.06281,0.06466,3213304411.0
TRXUSDT,1661904000000,0.06466,0.06588,0.063,0.06332,1084919352.0
TRXUSDT,1661990400000,0.06332,0.06367,0.062,0.06325,844947938.0
TRXUSDT,1662076800000,0.06325,0.0636,0.06221,0.06254,608596673.0
TRXUSDT,1662163200000,0.06254,0.06315,0.06229,0.06308,331914323.0
TRXUSDT,1662249600000,0.06308,0.06366,0.06247,0.06347,562301309.0
TRXUSDT,1662336000000,0.06348,0.06366,0.06234,0.0629,656278072.0
TRXUSDT,1662422400000,0.0629,0.06404,0.06034,0.06062,1165016545.0
TRXUSDT,1662508800000,0.06062,0.06191,0.05994,0.06175,693137712.0
TRXUSDT,1662595200000,0.06176,0.0619,0.06,0.06121,1119048785.0
TRXUSDT,1662681600000,0.06121,0.06371,0.0611,0.06338,939507604.0
TRXUSDT,1662768000000,0.06338,0.06477,0.06292,0.06474,733858610.0
TRXUSDT,1662854400000,0.06473,0.06499,0.0634,0.06416,581935616.0
TRXUSDT,1662940800000,0.06415,0.06476,0.06301,0.06382,851769193.0
TRXUSDT,1663027200000,0.06382,0.06392,0.06053,0.06057,893713127.0
TRXUSDT,1663113600000,0.06057,0.06172,0.06044,0.06158,619578482.0
TRXUSDT,1663200000000,0.06157,0.06196,0.06045,0.06124,816148998.0
TRXUSDT,1663286400000,0.06123,0.06158,0.06047,0.06128,764112143.0
TRXUSDT,1663372800000,0.06129,0.06235,0.06126,0.06224,468478148.0
TRXUSDT,1663459200000,0.06224,0.06261,0.06068,0.06068,731576632.0
TRXUSDT,1663545600000,0.06069,0.06118,0.05912,0.06025,1064895364.0
TRXUSDT,1663632000000,0.06025,0.06064,0.05932,0.05974,708545325.0
TRXUSDT,1663718400000,0.05973,0.0616,0.05856,0.05897,1113673406.0
TRXUSDT,1663804800000,0.05897,0.06044,0.05862,0.06015,626248979.0
TRXUSDT,1663891200000,0.06015,0.06115,0.05911,0.06038,731032671.0
TRXUSDT,1663977600000,0.06038,0.06095,0.0595,0.05978,491515720.0
TRXUSDT,1664064000000,0.05978,0.06027,0.05937,0.05966,369225988.0
TRXUSDT,1664150400000,0.05965,0.05987,0.05887,0.05955,644985636.0
TRXUSDT,1664236800000,0.05956,0.06086,0.05891,0.05933,733869136.0
TRXUSDT,1664323200000,0.05932,0.05988,0.05829,0.05949,702405816.0
TRXUSDT,1664409600000,0.05949,0.062,0.05927,0.06097,1142103920.0
TRXUSDT,1664496000000,0.06097,0.0623,0.06018,0.06097,1240278242.0
TRXUSDT,1664582400000,0.06096,0.06146,0.05997,0.06045,552772800.0
TRXUSDT,1664668800000,0.06046,0.06196,0.06032,0.06086,1295801903.0
TRXUSDT,1664755200000,0.06086,0.06147,0.06062,0.06131,717692836.0
TRXUSDT,1664841600000,0.06132,0.06246,0.061,0.06231,767726338.0
TRXUSDT,1664928000000,0.06232,0.06273,0.06185,0.0624,684851125.0
TRXUSDT,1665014400000,0.0624,0.06319,0.06186,0.06275,858830431.0
TRXUSDT,1665100800000,0.06275,0.06329,0.06189,0.06248,781994441.0
TRXUSDT,1665187200000,0.06247,0.06272,0.06161,0.06202,443175966.0
TRXUSDT,1665273600000,0.06201,0.06277,0.06188,0.06233,342888163.0
TRXUSDT,1665360000000,0.06233,0.06527,0.06223,0.06269,3173421407.0
TRXUSDT,1665446400000,0.06268,0.06269,0.06113,0.06163,1050372878.0
TRXUSDT,1665532800000,0.06163,0.06448,0.06109,0.06167,2330481513.0
TRXUSDT,1665619200000,0.06167,0.06224,0.0588,0.06096,1579921329.0
TRXUSDT,1665705600000,0.06095,0.06601,0.06065,0.06389,3098704324.0
TRXUSDT,1665792000000,0.0639,0.06511,0.06164,0.06172,2214889271.0
TRXUSDT,1665878400000,0.06171,0.06202,0.06112,0.06181,939364667.0
TRXUSDT,1665964800000,0.06181,0.06304,0.06158,0.06262,1019226974.0
TRXUSDT,1666051200000,0.06262,0.06297,0.06162,0.06215,879298339.0
TRXUSDT,1666137600000,0.06214,0.06318,0.06161,0.06168,1158174305.0
TRXUSDT,1666224000000,0.06168,0.06265,0.06138,0.0621,752421305.0
TRXUSDT,1666310400000,0.0621,0.06293,0.0606,0.06162,1109590888.0
TRXUSDT,1666396800000,0.06162,0.06196,0.06109,0.06155,525444567.0
TRXUSDT,1666483200000,0.06155,0.06199,0.061,0.06182,603864646.0
TRXUSDT,1666569600000,0.06182,0.062,0.06116,0.06127,664060105.0
TRXUSDT,1666656000000,0.06127,0.06286,0.06109,0.06229,957469950.0
TRXUSDT,1666742400000,0.0623,0.06376,0.0622,0.06338,1021979544.0
TRXUSDT,1666828800000,0.06338,0.06414,0.06259,0.06292,923344627.0
TRXUSDT,1666915200000,0.06291,0.06375,0.06253,0.06351,676841753.0
TRXUSDT,1667001600000,0.0635,0.06451,0.06341,0.06423,876431732.0
TRXUSDT,1667088000000,0.06423,0.0648,0.06285,0.06307,661802764.0
TRXUSDT,1667174400000,0.06306,0.06338,0.06223,0.06321,843255467.0
TRXUSDT,1667260800000,0.06322,0.06339,0.06246,0.06272,539887109.0
TRXUSDT,1667347200000,0.06272,0.06325,0.06133,0.06151,1049080225.0
TRXUSDT,1667433600000,0.0615,0.06245,0.06136,0.06165,766075903.0
TRXUSDT,1667520000000,0.06166,0.0638,0.06146,0.0638,932710567.0
TRXUSDT,1667606400000,0.0638,0.06477,0.06307,0.06358,858138553.0
TRXUSDT,1667692800000,0.06358,0.06536,0.06247,0.06263,1201346423.0
TRXUSDT,1667779200000,0.06263,0.06298,0.06172,0.06222,781782085.0
TRXUSDT,1667865600000,0.06222,0.06311,0.05555,0.05869,2613856311.0
TRXUSDT,1667952000000,0.05868,0.06568,0.05272,0.0534,8227697736.0
TRXUSDT,1668038400000,0.0534,0.0627,0.05224,0.05774,7372737421.0
TRXUSDT,1668124800000,0.05774,0.05833,0.05408,0.05597,2006194057.0
TRXUSDT,1668211200000,0.05597,0.05606,0.05278,0.05497,1341287841.0
TRXUSDT,1668297600000,0.05498,0.05631,0.0502,0.05078,3566435148.0
TRXUSDT,1668384000000,0.05078,0.0532,0.04461,0.05007,8443860725.0
TRXUSDT,1668470400000,0.05008,0.05183,0.04914,0.0507,2133551485.0
TRXUSDT,1668556800000,0.0507,0.05174,0.04936,0.0501,1919309200.0
TRXUSDT,1668643200000,0.05011,0.0504,0.04868,0.05002,1508266380.0
TRXUSDT,1668729600000,0.05002,0.05105,0.04999,0.05065,1071511868.0
TRXUSDT,1668816000000,0.05065,0.05268,0.05043,0.0521,1633792274.0
TRXUSDT,1668902400000,0.0521,0.0524,0.04967,0.05004,1106744815.0
TRXUSDT,1668988800000,0.05004,0.05171,0.04908,0.05151,2204863738.0
TRXUSDT,1669075200000,0.05151,0.05262,0.04869,0.05067,4148206223.0
TRXUSDT,1669161600000,0.05067,0.05188,0.05011,0.05177,1462582549.0
TRXUSDT,1669248000000,0.05176,0.05381,0.05131,0.05278,2283843363.0
TRXUSDT,1669334400000,0.05278,0.05341,0.0519,0.05293,1497284097.0
TRXUSDT,1669420800000,0.05293,0.05365,0.05236,0.05274,764168327.0
TRXUSDT,1669507200000,0.05274,0.05426,0.05272,0.05324,1004885517.0
TRXUSDT,1669593600000,0.05324,0.05398,0.05181,0.05293,1611823953.0
TRXUSDT,1669680000000,0.05293,0.05456,0.05265,0.05323,1208974373.0
TRXUSDT,1669766400000,0.05322,0.05477,0.05322,0.05456,991432834.0
TRXUSDT,1669852800000,0.05457,0.0551,0.05391,0.05413,852129833.0
TRXUSDT,1669939200000,0.05414,0.05448,0.05374,0.05441,580588358.0
TRXUSDT,1670025600000,0.0544,0.05465,0.05346,0.05353,497267885.0
TRXUSDT,1670112000000,0.05353,0.05413,0.05287,0.05303,843483491.0
TRXUSDT,1670198400000,0.05303,0.05369,0.05288,0.0533,896749729.0
TRXUSDT,1670284800000,0.05331,0.05373,0.0525,0.05358,1032649109.0
TRXUSDT,1670371200000,0.05359,0.05363,0.05232,0.0531,962137446.0
TRXUSDT,1670457600000,0.0531,0.05491,0.0529,0.05446,910595094.0
TRXUSDT,1670544000000,0.05445,0.05515,0.05425,0.05462,836152864.0
TRXUSDT,1670630400000,0.05461,0.05586,0.05459,0.05478,828657682.0
TRXUSDT,1670716800000,0.05479,0.05495,0.05369,0.05393,546831633.0
TRXUSDT,1670803200000,0.05393,0.05395,0.05183,0.05348,1882635546.0
TRXUSDT,1670889600000,0.05349,0.05452,0.05236,0.05445,1388730698.0
TRXUSDT,1670976000000,0.05445,0.05766,0.05441,0.05554,1942277842.0
TRXUSDT,1671062400000,0.05554,0.05613,0.05505,0.05575,1120409584.0
TRXUSDT,1671148800000,0.05575,0.05618,0.05247,0.0529,1732651887.0
TRXUSDT,1671235200000,0.05289,0.055,0.05176,0.05482,1792689840.0
TRXUSDT,1671321600000,0.05482,0.05522,0.05314,0.05373,1478577570.0
TRXUSDT,1671408000000,0.05373,0.05429,0.05293,0.05352,1234245634.0
TRXUSDT,1671494400000,0.05352,0.05532,0.05343,0.05494,1116969517.0
TRXUSDT,1671580800000,0.05494,0.05548,0.05449,0.05489,849765441.0
TRXUSDT,1671667200000,0.05487,0.05587,0.05457,0.05548,1044074395.0
TRXUSDT,1671753600000,0.05548,0.05567,0.05402,0.05418,1072819329.0
TRXUSDT,1671840000000,0.05417,0.05479,0.05394,0.05468,689019992.0
TRXUSDT,1671926400000,0.05469,0.05494,0.05407,0.05477,740254727.0
TRXUSDT,1672012800000,0.05478,0.05499,0.0542,0.05456,541785719.0
TRXUSDT,1672099200000,0.05456,0.05469,0.05357,0.05412,886504610.0
TRXUSDT,1672185600000,0.05412,0.05469,0.05316,0.05412,1393159345.0
TRXUSDT,1672272000000,0.05411,0.05447,0.05309,0.05397,1068172291.0
TRXUSDT,1672358400000,0.05398,0.0545,0.05347,0.05434,1033827044.0
TRXUSDT,1672444800000,0.05434,0.05525,0.05429,0.05448,791000812.0
XMRUSDT,1651363200000,213.94,227.89,207.87,211.72,698227.635
XMRUSDT,1651449600000,211.72,216.53,195.67,199.28,929299.057
XMRUSDT,1651536000000,199.22,215.86,198.35,206.9,1076179.922
XMRUSDT,1651622400000,206.91,225.63,205.72,225.01,565596.744
XMRUSDT,1651708800000,225.07,229.63,197.09,206.41,648233.41
XMRUSDT,1651795200000,206.38,218.84,200.0,218.78,621990.471
XMRUSDT,1651881600000,218.78,223.46,198.6,204.61,730518.136
XMRUSDT,1651968000000,204.64,222.15,199.38,216.86,803449.824
XMRUSDT,1652054400000,216.88,221.0,172.0,173.13,1225729.781
XMRUSDT,1652140800000,173.1,189.57,150.0,162.46,1220102.108
XMRUSDT,1652227200000,162.46,173.41,137.63,140.59,1730825.752
XMRUSDT,1652313600000,140.59,156.38,117.92,137.5,1473488.154
XMRUSDT,1652400000000,137.5,155.42,134.86,143.74,516858.136
XMRUSDT,1652486400000,143.76,155.17,135.35,153.24,352919.635
XMRUSDT,1652572800000,153.24,173.0,150.51,172.0,533739.902
XMRUSDT,1652659200000,171.97,175.89,159.77,162.38,571270.611
XMRUSDT,1652745600000,162.42,177.57,161.73,172.56,433713.332
XMRUSDT,1652832000000,172.53,175.88,154.09,155.02,407729.507
XMRUSDT,1652918400000,155.08,170.26,150.27,165.75,484107.813
XMRUSDT,1653004800000,165.77,181.75,162.93,173.77,887523.809
XMRUSDT,1653091200000,173.78,181.01,169.94,175.66,488561.99
XMRUSDT,1653177600000,175.65,188.43,172.25,186.79,385395.337
XMRUSDT,1653264000000,186.78,199.98,181.23,185.1,728967.447
XMRUSDT,1653350400000,185.11,196.5,183.3,192.76,637079.418
XMRUSDT,1653436800000,192.75,205.5,191.04,203.86,855158.502
XMRUSDT,1653523200000,203.87,207.35,184.13,189.17,950756.517
XMRUSDT,1653609600000,189.07,190.65,175.75,180.8,660475.206
XMRUSDT,1653696000000,180.79,184.32,173.83,175.76,366540.932
XMRUSDT,1653782400000,175.77,188.2,167.28,185.84,418979.049
XMRUSDT,1653868800000,185.86,209.41,182.52,203.8,464872.237
XMRUSDT,1653955200000,203.78,208.39,191.42,198.48,460309.221
XMRUSDT,1654041600000,198.48,203.7,192.78,198.51,621853.454
XMRUSDT,1654128000000,198.56,204.22,191.71,201.07,721668.354
XMRUSDT,1654214400000,201.0,202.76,187.01,193.58,466665.875
XMRUSDT,1654300800000,193.52,195.64,188.12,188.93,284323.442
XMRUSDT,1654387200000,188.92,191.79,184.8,187.62,312847.731
XMRUSDT,1654473600000,187.59,195.53,187.24,189.02,334701.405
XMRUSDT,1654560000000,189.03,195.27,179.4,187.11,424221.697
XMRUSDT,1654646400000,187.09,189.41,181.75,186.16,229468.673
XMRUSDT,1654732800000,186.19,189.61,182.0,185.41,196123.215
XMRUSDT,1654819200000,185.41,186.34,171.13,173.93,331361.323
XMRUSDT,1654905600000,173.91,178.35,160.25,166.11,319709.632
XMRUSDT,1654992000000,166.16,166.9,152.02,157.61,375619.786
XMRUSDT,1655078400000,157.63,160.64,128.0,132.56,784069.573
XMRUSDT,1655164800000,132.57,134.16,115.75,118.24,1093494.901
XMRUSDT,1655251200000,118.24,119.4,103.71,118.45,1266945.006
XMRUSDT,1655337600000,118.47,120.99,104.02,106.55,768384.004
XMRUSDT,1655424000000,106.57,116.34,105.71,114.28,821789.724
XMRUSDT,1655510400000,114.28,115.6,96.37,104.15,726932.0
XMRUSDT,1655596800000,104.15,115.13,99.84,114.37,540728.159
XMRUSDT,1655683200000,114.36,117.95,108.25,117.21,443833.193
XMRUSDT,1655769600000,117.18,125.19,115.53,118.79,433845.197
XMRUSDT,1655856000000,118.82,118.88,110.8,111.07,339344.427
XMRUSDT,1655942400000,111.04,122.93,110.52,122.59,335374.253
XMRUSDT,1656028800000,122.56,128.8,122.45,126.5,344612.323
XMRUSDT,1656115200000,126.48,128.2,120.87,127.29,248483.632
XMRUSDT,1656201600000,127.25,134.15,124.31,125.15,393785.127
XMRUSDT,1656288000000,125.2,130.61,119.43,120.39,403044.813
XMRUSDT,1656374400000,120.38,123.09,115.79,117.47,361604.967
XMRUSDT,1656460800000,117.48,124.96,116.52,118.86,502725.562
XMRUSDT,1656547200000,118.9,119.63,107.86,112.95,440268.066
XMRUSDT,1656633600000,112.93,117.51,110.62,115.23,379588.636
XMRUSDT,1656720000000,115.28,119.13,113.2,116.0,511514.078
XMRUSDT,1656806400000,116.0,117.99,113.82,116.46,243854.861
XMRUSDT,1656892800000,116.45,124.5,114.85,123.89,395125.096
XMRUSDT,1656979200000,123.87,125.3,118.57,122.4,337201.648
XMRUSDT,1657065600000,122.41,126.78,120.86,125.44,322795.744
XMRUSDT,1657152000000,125.46,131.5,125.09,130.26,335480.373
XMRUSDT,1657238400000,130.3,133.8,125.08,125.28,332738.36
XMRUSDT,1657324800000,125.29,129.24,124.7,127.01,253904.147
XMRUSDT,1657411200000,127.02,129.5,120.47,129.45,314620.945
XMRUSDT,1657497600000,129.44,133.0,125.57,126.86,1697275.694
XMRUSDT,1657584000000,126.85,129.38,122.74,122.98,568162.771
XMRUSDT,1657670400000,122.98,126.0,117.37,124.14,418781.256
XMRUSDT,1657756800000,124.11,134.98,123.04,133.99,422930.753
XMRUSDT,1657843200000,133.99,141.38,132.52,138.7,431317.022
XMRUSDT,1657929600000,138.7,145.84,135.26,138.78,459142.675
XMRUSDT,1658016000000,138.81,142.15,134.04,135.95,243442.282
XMRUSDT,1658102400000,135.97,149.13,135.76,146.71,344299.928
XMRUSDT,1658188800000,146.7,148.97,139.69,146.24,372459.816
XMRUSDT,1658275200000,146.26,153.54,142.85,151.39,476405.342
XMRUSDT,1658361600000,151.44,153.5,146.42,150.93,770432.693
XMRUSDT,1658448000000,150.93,153.77,148.0,148.86,435844.563
XMRUSDT,1658534400000,148.85,151.24,142.29,146.27,293045.173
XMRUSDT,1658620800000,146.28,154.0,146.28,151.21,287463.292
XMRUSDT,1658707200000,151.23,152.24,143.02,143.37,336228.085
XMRUSDT,1658793600000,143.38,151.34,137.76,150.99,582082.165
XMRUSDT,1658880000000,150.98,163.07,149.57,161.55,757500.812
XMRUSDT,1658966400000,161.5,166.64,156.35,162.19,397282.905
XMRUSDT,1659052800000,162.23,166.56,158.27,159.7,326441.396
XMRUSDT,1659139200000,159.71,163.71,154.31,155.76,299282.685
XMRUSDT,1659225600000,155.75,159.58,153.38,154.56,192885.087
XMRUSDT,1659312000000,154.56,161.33,151.9,160.46,252882.936
XMRUSDT,1659398400000,160.47,161.61,153.57,156.66,378125.939
XMRUSDT,1659484800000,156.64,164.28,154.88,156.49,345369.233
XMRUSDT,1659571200000,156.5,163.0,156.02,159.24,290358.514
XMRUSDT,1659657600000,159.24,162.32,156.23,161.47,244492.551
XMRUSDT,1659744000000,161.48,165.08,160.11,160.56,191260.225
XMRUSDT,1659830400000,160.56,171.02,158.0,164.65,525296.391
XMRUSDT,1659916800000,164.64,170.08,162.03,166.79,397374.904
XMRUSDT,1660003200000,166.79,172.1,155.18,157.98,441782.715
XMRUSDT,1660089600000,157.98,169.66,154.16,167.55,393097.388
XMRUSDT,1660176000000,167.54,168.85,156.5,158.85,400164.898
XMRUSDT,1660262400000,158.87,166.76,156.46,165.5,402949.564
XMRUSDT,1660348800000,165.49,167.89,163.82,165.53,273845.535
XMRUSDT,1660435200000,165.47,168.89,162.54,164.55,228040.998
XMRUSDT,1660521600000,164.55,169.0,161.25,163.39,320920.57
XMRUSDT,1660608000000,163.39,174.48,161.85,169.37,613306.903
XMRUSDT,1660694400000,169.37,170.75,158.32,168.69,605281.595
XMRUSDT,1660780800000,168.71,170.75,158.08,160.99,604019.614
XMRUSDT,1660867200000,161.02,161.08,141.64,142.11,582132.23
XMRUSDT,1660953600000,142.08,149.8,141.85,148.72,298326.704
XMRUSDT,1661040000000,148.73,157.9,148.61,154.2,497421.918
XMRUSDT,1661126400000,154.18,154.86,150.17,153.64,315109.533
XMRUSDT,1661212800000,153.64,155.88,150.0,154.31,248062.96
XMRUSDT,1661299200000,154.37,154.9,150.02,150.45,210776.726
XMRUSDT,1661385600000,150.45,155.34,150.05,153.88,208445.789
XMRUSDT,1661472000000,153.85,155.39,141.06,142.58,333517.641
XMRUSDT,1661558400000,142.55,145.98,141.48,145.06,241548.22
XMRUSDT,1661644800000,145.06,149.17,143.92,146.4,236935.109
XMRUSDT,1661731200000,146.39,153.0,144.57,152.48,349462.728
XMRUSDT,1661817600000,152.47,152.91,147.0,148.78,293443.577
XMRUSDT,1661904000000,148.77,152.57,148.2,149.18,248239.268
XMRUSDT,1661990400000,149.16,154.67,148.16,154.5,355583.312
XMRUSDT,1662076800000,154.49,154.72,150.05,153.15,280110.842
XMRUSDT,1662163200000,153.14,154.99,151.2,154.41,190518.118
XMRUSDT,1662249600000,154.4,156.2,153.5,155.42,230331.408
XMRUSDT,1662336000000,155.42,157.99,154.61,157.51,345744.1
XMRUSDT,1662422400000,157.51,159.94,144.23,144.85,426331.617
XMRUSDT,1662508800000,144.84,152.32,141.47,149.19,317603.085
XMRUSDT,1662595200000,149.2,152.55,147.42,152.02,235154.118
XMRUSDT,1662681600000,152.0,161.46,151.53,161.29,220217.844
XMRUSDT,1662768000000,161.32,161.8,156.91,157.61,146038.77
XMRUSDT,1662854400000,157.6,159.5,154.23,158.96,130101.691
XMRUSDT,1662940800000,158.96,167.18,157.81,164.28,312341.057
XMRUSDT,1663027200000,164.27,165.62,145.24,145.31,355559.783
XMRUSDT,1663113600000,145.32,151.67,144.41,149.68,272618.821
XMRUSDT,1663200000000,149.68,151.73,143.68,145.59,233180.895
XMRUSDT,1663286400000,145.58,149.34,143.83,149.09,200797.454
XMRUSDT,1663372800000,149.09,151.96,147.11,147.41,185834.762
XMRUSDT,1663459200000,147.39,149.01,137.63,140.48,273795.801
XMRUSDT,1663545600000,140.47,141.76,135.0,140.38,207832.207
XMRUSDT,1663632000000,140.39,143.29,139.35,142.17,212917.451
XMRUSDT,1663718400000,142.18,145.67,134.02,134.94,322305.244
XMRUSDT,1663804800000,134.91,144.29,133.85,144.16,226636.491
XMRUSDT,1663891200000,144.17,146.35,137.4,141.36,196279.667
XMRUSDT,1663977600000,141.37,143.85,140.41,141.61,122287.381
XMRUSDT,1664064000000,141.61,144.59,139.71,140.97,128847.612
XMRUSDT,1664150400000,140.93,146.09,139.38,145.58,216974.29
XMRUSDT,1664236800000,145.57,153.0,142.9,144.19,277831.603
XMRUSDT,1664323200000,144.2,148.0,139.96,147.04,269692.223
XMRUSDT,1664409600000,147.05,149.31,146.06,148.33,210867.51
XMRUSDT,1664496000000,148.34,150.75,146.1,147.2,165371.702
XMRUSDT,1664582400000,147.2,150.25,140.56,141.06,212875.664
XMRUSDT,1664668800000,141.06,141.89,136.1,136.87,335638.599
XMRUSDT,1664755200000,136.87,141.72,136.17,141.53,210707.937
XMRUSDT,1664841600000,141.52,147.76,141.52,146.65,233437.001
XMRUSDT,1664928000000,146.66,148.24,143.44,146.16,177588.037
XMRUSDT,1665014400000,146.17,152.25,143.34,149.06,406740.671
XMRUSDT,1665100800000,149.05,149.56,143.68,146.41,321836.531
XMRUSDT,1665187200000,146.41,148.22,144.87,147.52,159971.147
XMRUSDT,1665273600000,147.53,148.98,145.02,145.65,168165.915
XMRUSDT,1665360000000,145.65,147.77,141.56,142.09,256055.72
XMRUSDT,1665446400000,142.08,145.12,139.71,144.74,221872.562
XMRUSDT,1665532800000,144.73,146.72,142.5,144.64,210616.999
XMRUSDT,1665619200000,144.65,145.3,134.56,142.62,372708.824
XMRUSDT,1665705600000,142.62,145.99,139.59,140.43,174077.242
XMRUSDT,1665792000000,140.43,141.95,139.04,139.6,146470.264
XMRUSDT,1665878400000,139.6,143.41,139.5,143.01,106033.93
XMRUSDT,1665964800000,143.02,145.08,142.34,143.58,175496.482
XMRUSDT,1666051200000,143.58,148.05,142.28,146.03,355359.505
XMRUSDT,1666137600000,146.03,148.53,144.25,144.74,311045.083
XMRUSDT,1666224000000,144.76,148.5,139.92,140.94,392516.055
XMRUSDT,1666310400000,140.94,143.26,136.78,140.62,281710.288
XMRUSDT,1666396800000,140.61,142.94,139.47,142.69,159989.471
XMRUSDT,1666483200000,142.69,144.87,142.0,144.43,172509.525
XMRUSDT,1666569600000,144.42,144.77,141.29,143.13,176964.991
XMRUSDT,1666656000000,143.14,146.44,142.58,143.71,261850.434
XMRUSDT,1666742400000,143.74,148.05,143.58,146.71,207101.306
XMRUSDT,1666828800000,146.7,149.92,144.76,145.59,255580.8
XMRUSDT,1666915200000,145.6,148.22,143.56,146.6,241345.94
XMRUSDT,1667001600000,146.61,149.29,145.7,148.83,208932.464
XMRUSDT,1667088000000,148.84,150.63,145.72,147.34,184790.003
XMRUSDT,1667174400000,147.35,150.78,145.91,149.48,271472.718
XMRUSDT,1667260800000,149.47,151.01,148.24,149.58,221989.587
XMRUSDT,1667347200000,149.57,151.39,144.75,146.76,321804.745
XMRUSDT,1667433600000,146.76,150.33,146.5,149.21,196626.356
XMRUSDT,1667520000000,149.2,158.46,148.58,158.46,277112.104
XMRUSDT,1667606400000,158.46,161.96,156.18,157.2,215196.029
XMRUSDT,1667692800000,157.2,160.5,153.97,154.6,182144.905
XMRUSDT,1667779200000,154.59,159.41,153.0,154.99,267302.41
XMRUSDT,1667865600000,155.0,157.18,126.0,138.02,662825.455
XMRUSDT,1667952000000,138.01,139.55,115.13,119.18,628829.63
XMRUSDT,1668038400000,119.18,134.8,117.58,133.15,391136.45
XMRUSDT,1668124800000,133.14,134.7,121.98,128.22,319131.939
XMRUSDT,1668211200000,128.28,129.95,124.72,128.48,209403.805
XMRUSDT,1668297600000,128.49,131.19,126.11,126.98,283798.027
XMRUSDT,1668384000000,127.0,130.63,121.75,129.81,275026.067
XMRUSDT,1668470400000,129.82,132.84,127.48,128.87,230864.046
XMRUSDT,1668556800000,128.88,132.8,126.58,131.91,218468.963
XMRUSDT,1668643200000,131.89,133.38,130.29,133.04,252813.552
XMRUSDT,1668729600000,133.05,134.87,130.88,133.02,190188.179
XMRUSDT,1668816000000,133.04,134.49,131.81,134.37,206129.447
XMRUSDT,1668902400000,134.37,134.44,128.54,129.62,211238.339
XMRUSDT,1668988800000,129.6,135.6,125.78,126.03,573253.81
XMRUSDT,1669075200000,126.01,134.16,125.16,134.06,281387.522
XMRUSDT,1669161600000,134.07,136.96,133.0,134.96,339302.401
XMRUSDT,1669248000000,134.95,137.39,133.11,136.58,241841.76
XMRUSDT,1669334400000,136.59,138.08,133.65,136.33,222629.373
XMRUSDT,1669420800000,136.35,139.4,135.43,138.67,176131.61
XMRUSDT,1669507200000,138.67,139.55,136.07,136.33,147262.631
XMRUSDT,1669593600000,136.33,137.06,132.66,134.78,205698.219
XMRUSDT,1669680000000,134.76,140.0,133.97,137.26,235890.025
XMRUSDT,1669766400000,137.27,143.78,137.26,141.98,237063.966
XMRUSDT,1669852800000,141.98,144.75,141.11,144.34,259769.205
XMRUSDT,1669939200000,144.34,146.65,142.72,145.47,198588.843
XMRUSDT,1670025600000,145.47,148.08,143.53,145.21,257801.289
XMRUSDT,1670112000000,145.21,147.33,142.13,142.19,236079.507
XMRUSDT,1670198400000,142.19,145.9,141.35,144.99,251721.375
XMRUSDT,1670284800000,144.97,146.0,141.87,143.34,225637.905
XMRUSDT,1670371200000,143.35,144.45,140.95,143.77,222446.437
XMRUSDT,1670457600000,143.77,148.89,142.81,147.48,377037.562
XMRUSDT,1670544000000,147.48,149.28,146.15,148.98,216276.37
XMRUSDT,1670630400000,148.99,151.29,148.2,149.48,184063.904
XMRUSDT,1670716800000,149.47,151.9,149.07,150.51,231153.325
XMRUSDT,1670803200000,150.51,151.9,147.88,150.44,420575.617
XMRUSDT,1670889600000,150.45,153.42,148.18,151.43,336247.135
XMRUSDT,1670976000000,151.43,152.3,146.4,148.66,395880.356
XMRUSDT,1671062400000,148.67,149.8,146.15,149.05,250656.082
XMRUSDT,1671148800000,149.03,149.49,140.3,141.98,331702.361
XMRUSDT,1671235200000,141.97,144.28,138.38,143.32,312601.702
XMRUSDT,1671321600000,143.31,146.0,142.63,143.97,191050.56
XMRUSDT,1671408000000,143.97,145.59,142.75,143.87,244272.045
XMRUSDT,1671494400000,143.86,147.7,143.68,146.8,295039.02
XMRUSDT,1671580800000,146.79,148.8,146.22,147.14,296110.876
XMRUSDT,1671667200000,147.14,148.28,143.41,145.36,302032.573
XMRUSDT,1671753600000,145.37,146.78,139.76,142.84,426108.066
XMRUSDT,1671840000000,142.84,144.15,141.52,143.2,154098.892
XMRUSDT,1671926400000,143.2,145.49,143.04,144.99,188627.51
XMRUSDT,1672012800000,145.0,147.28,144.15,146.66,212100.193
XMRUSDT,1672099200000,146.67,147.43,143.66,145.42,259304.319
XMRUSDT,1672185600000,145.42,147.0,143.5,146.67,245913.163
XMRUSDT,1672272000000,146.67,146.85,144.7,145.5,239806.192
XMRUSDT,1672358400000,145.49,146.38,144.01,145.94,188759.835
XMRUSDT,1672444800000,145.94,148.5,145.22,147.24,174030.61
