token,timestamp,funding_rate
BTCUSDT,1651363200000,2.403e-05
BTCUSDT,1651392000000,9.5e-07
BTCUSDT,1651420800010,0.0001
BTCUSDT,1651449600018,0.0001
BTCUSDT,1651478400007,9e-05
BTCUSDT,1651507200000,0.0001
BTCUSDT,1651536000006,0.0001
BTCUSDT,1651564800000,0.0001
BTCUSDT,1651593600021,0.0001
BTCUSDT,1651622400007,0.0001
BTCUSDT,1651651200011,2.504e-05
BTCUSDT,1651680000000,0.0001
BTCUSDT,1651708800005,0.0001
BTCUSDT,1651737600019,0.0001
BTCUSDT,1651766400005,0.0001
BTCUSDT,1651795200005,-0.0001346
BTCUSDT,1651824000001,-5.734e-05
BTCUSDT,1651852800010,4.197e-05
BTCUSDT,1651881600004,-5.273e-05
BTCUSDT,1651910400016,5.998e-05
BTCUSDT,1651939200011,7.13e-06
BTCUSDT,1651968000000,-2.659e-05
BTCUSDT,1651996800007,0.0001
BTCUSDT,1652025600015,0.0001
BTCUSDT,1652054400000,0.0001
BTCUSDT,1652083200001,0.0001
BTCUSDT,1652112000000,0.0001
BTCUSDT,1652140800000,0.0001
BTCUSDT,1652169600007,0.0001
BTCUSDT,1652198400008,0.0001
BTCUSDT,1652227200004,7.58e-05
BTCUSDT,1652256000007,6.939e-05
BTCUSDT,1652284800008,-3.512e-05
BTCUSDT,1652313600014,-0.00018773
BTCUSDT,1652342400000,-0.00041995
BTCUSDT,1652371200007,-0.00014678
BTCUSDT,1652400000014,-7.127e-05
BTCUSDT,1652428800001,-6.05e-06
BTCUSDT,1652457600000,6.045e-05
BTCUSDT,1652486400000,0.0001
BTCUSDT,1652515200000,0.0001
BTCUSDT,1652544000001,0.0001
BTCUSDT,1652572800000,8.29e-05
BTCUSDT,1652601600000,0.0001
BTCUSDT,1652630400000,9.053e-05
BTCUSDT,1652659200021,0.0001
BTCUSDT,1652688000013,8.883e-05
BTCUSDT,1652716800006,4.94e-05
BTCUSDT,1652745600000,0.0001
BTCUSDT,1652774400010,-7.1e-06
BTCUSDT,1652803200023,4.705e-05
BTCUSDT,1652832000003,-6.956e-05
BTCUSDT,1652860800024,-5.753e-05
BTCUSDT,1652889600014,2.893e-05
BTCUSDT,1652918400000,-3.41e-06
BTCUSDT,1652947200008,5.624e-05
BTCUSDT,1652976000015,7.465e-05
BTCUSDT,1653004800001,0.0001
BTCUSDT,1653033600003,0.0001
BTCUSDT,1653062400012,0.0001
BTCUSDT,1653091200008,-2.02e-06
BTCUSDT,1653120000001,-2.146e-05
BTCUSDT,1653148800007,2.549e-05
BTCUSDT,1653177600003,2.41e-05
BTCUSDT,1653206400016,-3.063e-05
BTCUSDT,1653235200000,0.0001
BTCUSDT,1653264000011,0.0001
BTCUSDT,1653292800000,0.0001
BTCUSDT,1653321600023,0.0001
BTCUSDT,1653350400011,-0.00012372
BTCUSDT,1653379200000,-6.76e-06
BTCUSDT,1653408000009,2.892e-05
BTCUSDT,1653436800001,3.679e-05
BTCUSDT,1653465600000,0.0001
BTCUSDT,1653494400015,0.0001
BTCUSDT,1653523200005,7.516e-05
BTCUSDT,1653552000001,0.0001
BTCUSDT,1653580800000,7.21e-06
BTCUSDT,1653609600007,0.0001
BTCUSDT,1653638400008,0.0001
BTCUSDT,1653667200000,0.0001
BTCUSDT,1653696000018,0.0001
BTCUSDT,1653724800016,8.712e-05
BTCUSDT,1653753600013,0.0001
BTCUSDT,1653782400000,0.0001
BTCUSDT,1653811200025,0.0001
BTCUSDT,1653840000002,0.0001
BTCUSDT,1653868800000,0.0001
BTCUSDT,1653897600013,0.0001
BTCUSDT,1653926400005,0.0001
BTCUSDT,1653955200016,0.0001
BTCUSDT,1653984000000,0.0001
BTCUSDT,1654012800000,0.0001
BTCUSDT,1654041600000,0.0001
BTCUSDT,1654070400011,0.0001
BTCUSDT,1654099200000,0.0001
BTCUSDT,1654128000000,-1.452e-05
BTCUSDT,1654156800006,2.265e-05
BTCUSDT,1654185600021,2.107e-05
BTCUSDT,1654214400016,-3.378e-05
BTCUSDT,1654243200016,-1.456e-05
BTCUSDT,1654272000012,6.937e-05
BTCUSDT,1654300800005,2.7e-06
BTCUSDT,1654329600000,4.795e-05
BTCUSDT,1654358400007,5.506e-05
BTCUSDT,1654387200005,4.358e-05
BTCUSDT,1654416000015,2.828e-05
BTCUSDT,1654444800000,4.753e-05
BTCUSDT,1654473600000,6.036e-05
BTCUSDT,1654502400017,9.656e-05
BTCUSDT,1654531200000,0.0001
BTCUSDT,1654560000000,0.0001
BTCUSDT,1654588800011,-0.00010234
BTCUSDT,1654617600000,-3.705e-05
BTCUSDT,1654646400008,0.0001
BTCUSDT,1654675200020,0.0001
BTCUSDT,1654704000012,0.0001
BTCUSDT,1654732800000,0.0001
BTCUSDT,1654761600000,9.106e-05
BTCUSDT,1654790400000,0.0001
BTCUSDT,1654819200009,0.0001
BTCUSDT,1654848000000,9.289e-05
BTCUSDT,1654876800006,3.503e-05
BTCUSDT,1654905600018,1.762e-05
BTCUSDT,1654934400014,3.79e-06
BTCUSDT,1654963200000,6.606e-05
BTCUSDT,1654992000015,0.0001
BTCUSDT,1655020800019,5.63e-06
BTCUSDT,1655049600010,4.39e-06
BTCUSDT,1655078400009,5.616e-05
BTCUSDT,1655107200000,-3.182e-05
BTCUSDT,1655136000007,-5.8e-06
BTCUSDT,1655164800013,4.088e-05
BTCUSDT,1655193600008,-0.00010037
BTCUSDT,1655222400006,-5.186e-05
BTCUSDT,1655251200000,-2.077e-05
BTCUSDT,1655280000016,-7.24e-05
BTCUSDT,1655308800008,-6.66e-06
BTCUSDT,1655337600009,-4.114e-05
BTCUSDT,1655366400016,4.475e-05
BTCUSDT,1655395200000,-5.277e-05
BTCUSDT,1655424000008,-2.222e-05
BTCUSDT,1655452800003,-9.486e-05
BTCUSDT,1655481600000,5.092e-05
BTCUSDT,1655510400020,7.356e-05
BTCUSDT,1655539200025,4.575e-05
BTCUSDT,1655568000014,5.227e-05
BTCUSDT,1655596800012,4.243e-05
BTCUSDT,1655625600012,-4.559e-05
BTCUSDT,1655654400008,7.239e-05
BTCUSDT,1655683200016,8.73e-06
BTCUSDT,1655712000000,-5.4e-06
BTCUSDT,1655740800013,6.08e-05
BTCUSDT,1655769600012,0.0001
BTCUSDT,1655798400018,4.967e-05
BTCUSDT,1655827200010,2.028e-05
BTCUSDT,1655856000000,1.78e-06
BTCUSDT,1655884800001,-2.982e-05
BTCUSDT,1655913600012,-1.64e-05
BTCUSDT,1655942400000,-8.72e-06
BTCUSDT,1655971200000,-1.577e-05
BTCUSDT,1656000000016,-2.656e-05
BTCUSDT,1656028800005,6.006e-05
BTCUSDT,1656057600004,0.0001
BTCUSDT,1656086400018,0.0001
BTCUSDT,1656115200001,2.621e-05
BTCUSDT,1656144000010,0.0001
BTCUSDT,1656172800000,0.0001
BTCUSDT,1656201600002,0.0001
BTCUSDT,1656230400016,0.0001
BTCUSDT,1656259200006,6.69e-06
BTCUSDT,1656288000008,7.82e-05
BTCUSDT,1656316800000,3.533e-05
BTCUSDT,1656345600016,6.102e-05
BTCUSDT,1656374400016,-2.586e-05
BTCUSDT,1656403200001,-5.613e-05
BTCUSDT,1656432000005,2.435e-05
BTCUSDT,1656460800000,4.188e-05
BTCUSDT,1656489600013,8.335e-05
BTCUSDT,1656518400000,5.319e-05
BTCUSDT,1656547200000,3.24e-06
BTCUSDT,1656576000000,-5.159e-05
BTCUSDT,1656604800000,-0.00015879
BTCUSDT,1656633600001,-8.786e-05
BTCUSDT,1656662400017,3.106e-05
BTCUSDT,1656691200005,-8.061e-05
BTCUSDT,1656720000000,-2.913e-05
BTCUSDT,1656748800000,5.218e-05
BTCUSDT,1656777600008,2.12e-05
BTCUSDT,1656806400015,3.57e-05
BTCUSDT,1656835200004,4.779e-05
BTCUSDT,1656864000005,7.251e-05
BTCUSDT,1656892800021,7.792e-05
BTCUSDT,1656921600001,4.63e-05
BTCUSDT,1656950400000,2.248e-05
BTCUSDT,1656979200000,5.291e-05
BTCUSDT,1657008000000,0.0001
BTCUSDT,1657036800015,1.2e-06
BTCUSDT,1657065600006,0.0001
BTCUSDT,1657094400000,0.0001
BTCUSDT,1657123200000,8.373e-05
BTCUSDT,1657152000010,5.274e-05
BTCUSDT,1657180800010,0.0001
BTCUSDT,1657209600011,0.0001
BTCUSDT,1657238400008,2.12e-06
BTCUSDT,1657267200009,0.0001
BTCUSDT,1657296000000,0.0001
BTCUSDT,1657324800000,0.0001
BTCUSDT,1657353600000,0.0001
BTCUSDT,1657382400009,6.143e-05
BTCUSDT,1657411200001,9.962e-05
BTCUSDT,1657440000002,0.0001
BTCUSDT,1657468800001,0.0001
BTCUSDT,1657497600000,4.543e-05
BTCUSDT,1657526400003,7.236e-05
BTCUSDT,1657555200001,8.5e-05
BTCUSDT,1657584000000,8.003e-05
BTCUSDT,1657612800021,6.433e-05
BTCUSDT,1657641600000,2.667e-05
BTCUSDT,1657670400012,-1.204e-05
BTCUSDT,1657699200022,6.17e-06
BTCUSDT,1657728000005,-1.218e-05
BTCUSDT,1657756800017,5.7e-07
BTCUSDT,1657785600001,0.0001
BTCUSDT,1657814400000,3.451e-05
BTCUSDT,1657843200004,9.257e-05
BTCUSDT,1657872000019,1.401e-05
BTCUSDT,1657900800017,1.601e-05
BTCUSDT,1657929600021,6.055e-05
BTCUSDT,1657958400014,7.996e-05
BTCUSDT,1657987200005,8e-06
BTCUSDT,1658016000000,8.038e-05
BTCUSDT,1658044800003,0.0001
BTCUSDT,1658073600007,8.709e-05
BTCUSDT,1658102400001,0.0001
BTCUSDT,1658131200004,0.0001
BTCUSDT,1658160000019,0.0001
BTCUSDT,1658188800000,0.0001
BTCUSDT,1658217600000,0.0001
BTCUSDT,1658246400001,0.0001
BTCUSDT,1658275200004,0.0001
BTCUSDT,1658304000000,0.0001
BTCUSDT,1658332800003,8.118e-05
BTCUSDT,1658361600000,0.0001
BTCUSDT,1658390400018,0.0001
BTCUSDT,1658419200011,0.0001
BTCUSDT,1658448000014,0.0001
BTCUSDT,1658476800000,0.0001
BTCUSDT,1658505600000,5.172e-05
BTCUSDT,1658534400004,9.043e-05
BTCUSDT,1658563200002,1.021e-05
BTCUSDT,1658592000001,0.0001
BTCUSDT,1658620800000,3.77e-05
BTCUSDT,1658649600011,0.0001
BTCUSDT,1658678400000,8.293e-05
BTCUSDT,1658707200000,0.0001
BTCUSDT,1658736000014,1.238e-05
BTCUSDT,1658764800006,2.319e-05
BTCUSDT,1658793600010,0.0001
BTCUSDT,1658822400000,3.654e-05
BTCUSDT,1658851200000,8.659e-05
BTCUSDT,1658880000008,4.591e-05
BTCUSDT,1658908800000,5.085e-05
BTCUSDT,1658937600003,2.951e-05
BTCUSDT,1658966400009,9.229e-05
BTCUSDT,1658995200008,0.0001
BTCUSDT,1659024000013,0.0001
BTCUSDT,1659052800000,0.0001
BTCUSDT,1659081600000,0.0001
BTCUSDT,1659110400000,0.0001
BTCUSDT,1659139200005,0.0001
BTCUSDT,1659168000009,0.0001
BTCUSDT,1659196800000,0.0001
BTCUSDT,1659225600022,0.0001
BTCUSDT,1659254400011,0.0001
BTCUSDT,1659283200019,6.281e-05
BTCUSDT,1659312000010,0.0001
BTCUSDT,1659340800019,0.0001
BTCUSDT,1659369600017,6.449e-05
BTCUSDT,1659398400000,0.0001
BTCUSDT,1659427200007,9.733e-05
BTCUSDT,1659456000014,5.885e-05
BTCUSDT,1659484800001,3.28e-06
BTCUSDT,1659513600020,-3.96e-05
BTCUSDT,1659542400008,4.382e-05
BTCUSDT,1659571200001,-1.91e-06
BTCUSDT,1659600000009,1.778e-05
BTCUSDT,1659628800015,1.436e-05
BTCUSDT,1659657600005,1.692e-05
BTCUSDT,1659686400000,6.774e-05
BTCUSDT,1659715200000,2.115e-05
BTCUSDT,1659744000021,6.888e-05
BTCUSDT,1659772800000,8.589e-05
BTCUSDT,1659801600015,0.0001
BTCUSDT,1659830400013,0.0001
BTCUSDT,1659859200000,-7.37e-06
BTCUSDT,1659888000014,2.401e-05
BTCUSDT,1659916800009,0.0001
BTCUSDT,1659945600006,2.79e-05
BTCUSDT,1659974400000,0.0001
BTCUSDT,1660003200020,0.0001
BTCUSDT,1660032000000,7.92e-05
BTCUSDT,1660060800000,0.0001
BTCUSDT,1660089600000,-1.314e-05
BTCUSDT,1660118400016,5.81e-06
BTCUSDT,1660147200018,9.44e-05
BTCUSDT,1660176000012,7.206e-05
BTCUSDT,1660204800000,0.0001
BTCUSDT,1660233600000,4.911e-05
BTCUSDT,1660262400006,9.024e-05
BTCUSDT,1660291200000,1.412e-05
BTCUSDT,1660320000005,-3.384e-05
BTCUSDT,1660348800012,-3.559e-05
BTCUSDT,1660377600006,8.455e-05
BTCUSDT,1660406400018,2.154e-05
BTCUSDT,1660435200000,2.396e-05
BTCUSDT,1660464000000,-3.33e-06
BTCUSDT,1660492800000,1.239e-05
BTCUSDT,1660521600010,-3.766e-05
BTCUSDT,1660550400002,1.077e-05
BTCUSDT,1660579200010,-1.339e-05
BTCUSDT,1660608000010,3.243e-05
BTCUSDT,1660636800002,1.56e-06
BTCUSDT,1660665600000,2.87e-05
BTCUSDT,1660694400020,4.66e-06
BTCUSDT,1660723200016,2.62e-06
BTCUSDT,1660752000001,9.364e-05
BTCUSDT,1660780800005,8.391e-05
BTCUSDT,1660809600012,0.0001
BTCUSDT,1660838400013,7.171e-05
BTCUSDT,1660867200000,0.0001
BTCUSDT,1660896000000,2.108e-05
BTCUSDT,1660924800009,-6.746e-05
BTCUSDT,1660953600000,1.07e-05
BTCUSDT,1660982400005,-6.722e-05
BTCUSDT,1661011200000,-4.567e-05
BTCUSDT,1661040000010,-1.957e-05
BTCUSDT,1661068800013,-3.589e-05
BTCUSDT,1661097600000,-3.234e-05
BTCUSDT,1661126400011,-8.092e-05
BTCUSDT,1661155200005,-3.215e-05
BTCUSDT,1661184000005,4.021e-05
BTCUSDT,1661212800000,-3.345e-05
BTCUSDT,1661241600021,-4.031e-05
BTCUSDT,1661270400005,8.46e-06
BTCUSDT,1661299200017,2.509e-05
BTCUSDT,1661328000021,-4.353e-05
BTCUSDT,1661356800000,-3.538e-05
BTCUSDT,1661385600003,1.28e-06
BTCUSDT,1661414400000,1.547e-05
BTCUSDT,1661443200004,4.481e-05
BTCUSDT,1661472000001,-1.707e-05
BTCUSDT,1661500800004,3.207e-05
BTCUSDT,1661529600000,2.599e-05
BTCUSDT,1661558400010,-2.808e-05
BTCUSDT,1661587200007,-6.29e-05
BTCUSDT,1661616000008,-4.396e-05
BTCUSDT,1661644800019,-1.396e-05
BTCUSDT,1661673600000,-8.758e-05
BTCUSDT,1661702400000,-2.443e-05
BTCUSDT,1661731200000,-0.00013623
BTCUSDT,1661760000000,-0.00010056
BTCUSDT,1661788800001,-6.193e-05
BTCUSDT,1661817600001,1.123e-05
BTCUSDT,1661846400005,-3.356e-05
BTCUSDT,1661875200010,-5.903e-05
BTCUSDT,1661904000000,-2.089e-05
BTCUSDT,1661932800005,5.779e-05
BTCUSDT,1661961600013,4.95e-05
BTCUSDT,1661990400012,9.39e-05
BTCUSDT,1662019200000,2.266e-05
BTCUSDT,1662048000013,3.63e-05
BTCUSDT,1662076800002,2.498e-05
BTCUSDT,1662105600013,4.905e-05
BTCUSDT,1662134400000,4.443e-05
BTCUSDT,1662163200000,-1.99e-06
BTCUSDT,1662192000002,9.442e-05
BTCUSDT,1662220800007,1.115e-05
BTCUSDT,1662249600008,5.88e-06
BTCUSDT,1662278400009,5.463e-05
BTCUSDT,1662307200000,2.119e-05
BTCUSDT,1662336000015,8.292e-05
BTCUSDT,1662364800013,-7.37e-06
BTCUSDT,1662393600007,4.712e-05
BTCUSDT,1662422400018,-2.45e-06
BTCUSDT,1662451200020,3.43e-06
BTCUSDT,1662480000028,3.473e-05
BTCUSDT,1662508800013,-8.601e-05
BTCUSDT,1662537600022,2.729e-05
BTCUSDT,1662566400021,-3.48e-05
BTCUSDT,1662595200010,6.2e-06
BTCUSDT,1662624000000,3.327e-05
BTCUSDT,1662652800003,5.667e-05
BTCUSDT,1662681600011,1.312e-05
BTCUSDT,1662710400000,0.0001
BTCUSDT,1662739200000,0.0001
BTCUSDT,1662768000003,0.0001
BTCUSDT,1662796800000,9.764e-05
BTCUSDT,1662825600012,0.0001
BTCUSDT,1662854400009,7.115e-05
BTCUSDT,1662883200012,0.0001
BTCUSDT,1662912000005,6.712e-05
BTCUSDT,1662940800007,0.0001
BTCUSDT,1662969600013,8.246e-05
BTCUSDT,1662998400000,0.0001
BTCUSDT,1663027200004,9.965e-05
BTCUSDT,1663056000000,0.0001
BTCUSDT,1663084800000,0.0001
BTCUSDT,1663113600000,-3.953e-05
BTCUSDT,1663142400000,7.27e-06
BTCUSDT,1663171200000,1.004e-05
BTCUSDT,1663200000019,3.24e-06
BTCUSDT,1663228800012,0.0001
BTCUSDT,1663257600007,8.13e-06
BTCUSDT,1663286400000,8.055e-05
BTCUSDT,1663315200000,4.349e-05
BTCUSDT,1663344000000,2.919e-05
BTCUSDT,1663372800000,3.024e-05
BTCUSDT,1663401600012,4.336e-05
BTCUSDT,1663430400017,1.467e-05
BTCUSDT,1663459200000,6.428e-05
BTCUSDT,1663488000004,7.82e-05
BTCUSDT,1663516800000,3.564e-05
BTCUSDT,1663545600018,3.581e-05
BTCUSDT,1663574400006,-9.289e-05
BTCUSDT,1663603200010,6e-06
BTCUSDT,1663632000007,7.813e-05
BTCUSDT,1663660800001,5.855e-05
BTCUSDT,1663689600000,1.721e-05
BTCUSDT,1663718400001,5.185e-05
BTCUSDT,1663747200005,1.478e-05
BTCUSDT,1663776000000,2.732e-05
BTCUSDT,1663804800000,-0.00011779
BTCUSDT,1663833600000,-6.911e-05
BTCUSDT,1663862400011,7.743e-05
BTCUSDT,1663891200023,7.261e-05
BTCUSDT,1663920000004,2.959e-05
BTCUSDT,1663948800005,-5.008e-05
BTCUSDT,1663977600000,2.947e-05
BTCUSDT,1664006400005,1.676e-05
BTCUSDT,1664035200000,5.345e-05
BTCUSDT,1664064000010,9.99e-06
BTCUSDT,1664092800000,3.653e-05
BTCUSDT,1664121600003,2.593e-05
BTCUSDT,1664150400001,-6.6e-06
BTCUSDT,1664179200006,3.696e-05
BTCUSDT,1664208000000,4.497e-05
BTCUSDT,1664236800026,2.244e-05
BTCUSDT,1664265600004,0.0001
BTCUSDT,1664294400006,8.538e-05
BTCUSDT,1664323200011,1.141e-05
BTCUSDT,1664352000000,-1.071e-05
BTCUSDT,1664380800000,5.332e-05
BTCUSDT,1664409600010,5.681e-05
BTCUSDT,1664438400000,7.641e-05
BTCUSDT,1664467200000,6.685e-05
BTCUSDT,1664496000006,0.0001
BTCUSDT,1664524800002,0.0001
BTCUSDT,1664553600007,0.0001
BTCUSDT,1664582400008,3.198e-05
BTCUSDT,1664611200011,0.0001
BTCUSDT,1664640000000,7.005e-05
BTCUSDT,1664668800000,4.262e-05
BTCUSDT,1664697600000,5.816e-05
BTCUSDT,1664726400006,5.384e-05
BTCUSDT,1664755200000,3.996e-05
BTCUSDT,1664784000014,8.316e-05
BTCUSDT,1664812800010,0.0001
BTCUSDT,1664841600006,0.0001
BTCUSDT,1664870400004,0.0001
BTCUSDT,1664899200013,0.0001
BTCUSDT,1664928000000,0.0001
BTCUSDT,1664956800000,0.0001
BTCUSDT,1664985600012,0.0001
BTCUSDT,1665014400008,0.0001
BTCUSDT,1665043200002,0.0001
BTCUSDT,1665072000006,0.0001
BTCUSDT,1665100800000,0.0001
BTCUSDT,1665129600000,0.0001
BTCUSDT,1665158400007,7.513e-05
BTCUSDT,1665187200010,3.85e-05
BTCUSDT,1665216000004,7.345e-05
BTCUSDT,1665244800018,4.149e-05
BTCUSDT,1665273600000,3.246e-05
BTCUSDT,1665302400007,1.776e-05
BTCUSDT,1665331200011,1.951e-05
BTCUSDT,1665360000018,6.241e-05
BTCUSDT,1665388800000,6.069e-05
BTCUSDT,1665417600026,0.0001
BTCUSDT,1665446400020,0.0001
BTCUSDT,1665475200027,0.0001
BTCUSDT,1665504000000,0.0001
BTCUSDT,1665532800014,0.0001
BTCUSDT,1665561600000,0.0001
BTCUSDT,1665590400000,0.0001
BTCUSDT,1665619200013,7.466e-05
BTCUSDT,1665648000016,0.0001
BTCUSDT,1665676800009,3.936e-05
BTCUSDT,1665705600020,3.235e-05
BTCUSDT,1665734400000,0.0001
BTCUSDT,1665763200009,8.395e-05
BTCUSDT,1665792000001,4.317e-05
BTCUSDT,1665820800005,3.772e-05
BTCUSDT,1665849600004,4.563e-05
BTCUSDT,1665878400012,2.735e-05
BTCUSDT,1665907200000,4.61e-06
BTCUSDT,1665936000010,3.394e-05
BTCUSDT,1665964800012,3.31e-06
BTCUSDT,1665993600010,4.84e-05
BTCUSDT,1666022400017,6.458e-05
BTCUSDT,1666051200010,0.0001
BTCUSDT,1666080000008,0.0001
BTCUSDT,1666108800000,0.0001
BTCUSDT,1666137600007,7.598e-05
BTCUSDT,1666166400022,0.0001
BTCUSDT,1666195200016,0.0001
BTCUSDT,1666224000000,0.0001
BTCUSDT,1666252800013,6.021e-05
BTCUSDT,1666281600000,2.095e-05
BTCUSDT,1666310400005,4.708e-05
BTCUSDT,1666339200018,4.483e-05
BTCUSDT,1666368000000,-8.9e-06
BTCUSDT,1666396800000,3.721e-05
BTCUSDT,1666425600015,8.36e-05
BTCUSDT,1666454400000,-3.19e-06
BTCUSDT,1666483200025,4.152e-05
BTCUSDT,1666512000000,1.171e-05
BTCUSDT,1666540800004,5.174e-05
BTCUSDT,1666569600009,0.0001
BTCUSDT,1666598400012,0.0001
BTCUSDT,1666627200002,2.328e-05
BTCUSDT,1666656000013,4.327e-05
BTCUSDT,1666684800013,9.019e-05
BTCUSDT,1666713600000,-1.66e-06
BTCUSDT,1666742400006,2.243e-05
BTCUSDT,1666771200013,5.665e-05
BTCUSDT,1666800000000,6.122e-05
BTCUSDT,1666828800009,1.3e-07
BTCUSDT,1666857600006,-2.276e-05
BTCUSDT,1666886400009,1.376e-05
BTCUSDT,1666915200000,-1.228e-05
BTCUSDT,1666944000000,3.541e-05
BTCUSDT,1666972800007,-2.629e-05
BTCUSDT,1667001600000,2.484e-05
BTCUSDT,1667030400003,4.755e-05
BTCUSDT,1667059200010,4.205e-05
BTCUSDT,1667088000000,-2.515e-05
BTCUSDT,1667116800013,3.212e-05
BTCUSDT,1667145600009,5.135e-05
BTCUSDT,1667174400012,1.504e-05
BTCUSDT,1667203200000,3.842e-05
BTCUSDT,1667232000010,-4.34e-06
BTCUSDT,1667260800000,7.22e-06
BTCUSDT,1667289600000,-1.088e-05
BTCUSDT,1667318400000,1.302e-05
BTCUSDT,1667347200000,4.787e-05
BTCUSDT,1667376000000,1.203e-05
BTCUSDT,1667404800019,6.046e-05
BTCUSDT,1667433600011,2.68e-05
BTCUSDT,1667462400016,4.4e-06
BTCUSDT,1667491200005,6.94e-05
BTCUSDT,1667520000000,4.429e-05
BTCUSDT,1667548800004,1.148e-05
BTCUSDT,1667577600020,6.899e-05
BTCUSDT,1667606400009,4.409e-05
BTCUSDT,1667635200007,4.541e-05
BTCUSDT,1667664000018,0.0001
BTCUSDT,1667692800009,6.491e-05
BTCUSDT,1667721600000,9.732e-05
BTCUSDT,1667750400010,6.866e-05
BTCUSDT,1667779200012,7.813e-05
BTCUSDT,1667808000014,0.0001
BTCUSDT,1667836800006,0.0001
BTCUSDT,1667865600000,6.515e-05
BTCUSDT,1667894400001,-7.88e-06
BTCUSDT,1667923200005,9.446e-05
BTCUSDT,1667952000000,-0.00013884
BTCUSDT,1667980800013,7.305e-05
BTCUSDT,1668009600004,-0.00032976
BTCUSDT,1668038400006,-0.00119172
BTCUSDT,1668067200000,-0.00111953
BTCUSDT,1668096000015,-0.00023833
BTCUSDT,1668124800000,-0.00019452
BTCUSDT,1668153600015,-7.277e-05
BTCUSDT,1668182400027,-5.802e-05
BTCUSDT,1668211200007,5.3e-05
BTCUSDT,1668240000016,-2.406e-05
BTCUSDT,1668268800000,6.521e-05
BTCUSDT,1668297600004,3.33e-06
BTCUSDT,1668326400000,-7.357e-05
BTCUSDT,1668355200017,2.816e-05
BTCUSDT,1668384000000,-3.809e-05
BTCUSDT,1668412800000,-7.645e-05
BTCUSDT,1668441600000,-1.132e-05
BTCUSDT,1668470400014,-0.00010925
BTCUSDT,1668499200009,-0.00017664
BTCUSDT,1668528000010,2.275e-05
BTCUSDT,1668556800011,-0.00013216
BTCUSDT,1668585600004,1.121e-05
BTCUSDT,1668614400008,-6.617e-05
BTCUSDT,1668643200000,-4.542e-05
BTCUSDT,1668672000000,-5.138e-05
BTCUSDT,1668700800006,-2.701e-05
BTCUSDT,1668729600004,-2.836e-05
BTCUSDT,1668758400016,2.398e-05
BTCUSDT,1668787200000,9.55e-06
BTCUSDT,1668816000000,5.556e-05
BTCUSDT,1668844800004,7.897e-05
BTCUSDT,1668873600024,-1.169e-05
BTCUSDT,1668902400015,-7.79e-06
BTCUSDT,1668931200004,3.552e-05
BTCUSDT,1668960000000,-9.79e-06
BTCUSDT,1668988800006,7.898e-05
BTCUSDT,1669017600015,-1.218e-05
BTCUSDT,1669046400000,2.302e-05
BTCUSDT,1669075200000,-7.485e-05
BTCUSDT,1669104000000,2.033e-05
BTCUSDT,1669132800000,7.881e-05
BTCUSDT,1669161600000,9.406e-05
BTCUSDT,1669190400011,0.0001
BTCUSDT,1669219200014,-3.9e-06
BTCUSDT,1669248000007,5.42e-05
BTCUSDT,1669276800014,2.012e-05
BTCUSDT,1669305600013,6.272e-05
BTCUSDT,1669334400004,2.058e-05
BTCUSDT,1669363200015,4.61e-06
BTCUSDT,1669392000000,1.329e-05
BTCUSDT,1669420800011,3.859e-05
BTCUSDT,1669449600000,-2.455e-05
BTCUSDT,1669478400000,3.523e-05
BTCUSDT,1669507200012,1.063e-05
BTCUSDT,1669536000000,-3.066e-05
BTCUSDT,1669564800003,3.784e-05
BTCUSDT,1669593600015,2.303e-05
BTCUSDT,1669622400004,5.36e-06
BTCUSDT,1669651200011,2.1e-07
BTCUSDT,1669680000000,4.76e-05
BTCUSDT,1669708800015,-3.85e-06
BTCUSDT,1669737600000,4.171e-05
BTCUSDT,1669766400007,3.404e-05
BTCUSDT,1669795200000,4.038e-05
BTCUSDT,1669824000015,9.511e-05
BTCUSDT,1669852800001,1.029e-05
BTCUSDT,1669881600006,-5.001e-05
BTCUSDT,1669910400000,0.0001
BTCUSDT,1669939200001,8.203e-05
BTCUSDT,1669968000016,2.825e-05
BTCUSDT,1669996800017,-3.753e-05
BTCUSDT,1670025600006,3.302e-05
BTCUSDT,1670054400000,5.123e-05
BTCUSDT,1670083200011,0.0001
BTCUSDT,1670112000006,6.174e-05
BTCUSDT,1670140800000,6.437e-05
BTCUSDT,1670169600006,4.581e-05
BTCUSDT,1670198400002,5.4e-07
BTCUSDT,1670227200011,-4.218e-05
BTCUSDT,1670256000008,4.603e-05
BTCUSDT,1670284800014,2.206e-05
BTCUSDT,1670313600027,4.118e-05
BTCUSDT,1670342400009,2.305e-05
BTCUSDT,1670371200000,7.887e-05
BTCUSDT,1670400000000,6.58e-06
BTCUSDT,1670428800000,-1.492e-05
BTCUSDT,1670457600006,1.183e-05
BTCUSDT,1670486400000,2.152e-05
BTCUSDT,1670515200014,1.67e-06
BTCUSDT,1670544000017,1.178e-05
BTCUSDT,1670572800005,4.007e-05
BTCUSDT,1670601600000,3.198e-05
BTCUSDT,1670630400009,-1.669e-05
BTCUSDT,1670659200010,-6.87e-06
BTCUSDT,1670688000001,1.711e-05
BTCUSDT,1670716800011,9.29e-06
BTCUSDT,1670745600007,8.73e-06
BTCUSDT,1670774400011,6.92e-06
BTCUSDT,1670803200000,2.406e-05
BTCUSDT,1670832000004,2.638e-05
BTCUSDT,1670860800000,-1.67e-05
BTCUSDT,1670889600000,3.003e-05
BTCUSDT,1670918400018,1.971e-05
BTCUSDT,1670947200011,0.0001
BTCUSDT,1670976000010,0.0001
BTCUSDT,1671004800015,0.0001
BTCUSDT,1671033600004,0.0001
BTCUSDT,1671062400000,0.0001
BTCUSDT,1671091200023,0.0001
BTCUSDT,1671120000010,5.18e-05
BTCUSDT,1671148800016,4.842e-05
BTCUSDT,1671177600011,5.706e-05
BTCUSDT,1671206400001,-1.987e-05
BTCUSDT,1671235200001,2.013e-05
BTCUSDT,1671264000011,7.81e-05
BTCUSDT,1671292800011,9.707e-05
BTCUSDT,1671321600008,6.274e-05
BTCUSDT,1671350400001,6.828e-05
BTCUSDT,1671379200012,-6.47e-06
BTCUSDT,1671408000000,6.468e-05
BTCUSDT,1671436800000,3.493e-05
BTCUSDT,1671465600000,4.496e-05
BTCUSDT,1671494400005,5.611e-05
BTCUSDT,1671523200016,-1.2e-07
BTCUSDT,1671552000000,3.401e-05
BTCUSDT,1671580800007,3.778e-05
BTCUSDT,1671609600012,7.742e-05
BTCUSDT,1671638400017,7.582e-05
BTCUSDT,1671667200004,2.918e-05
BTCUSDT,1671696000000,8.167e-05
BTCUSDT,1671724800001,7.198e-05
BTCUSDT,1671753600018,0.0001
BTCUSDT,1671782400000,0.0001
BTCUSDT,1671811200000,8.903e-05
BTCUSDT,1671840000001,0.0001
BTCUSDT,1671868800007,4.748e-05
BTCUSDT,1671897600008,6.222e-05
BTCUSDT,1671926400000,5.21e-06
BTCUSDT,1671955200013,1.855e-05
BTCUSDT,1671984000000,3.06e-05
BTCUSDT,1672012800001,3.319e-05
BTCUSDT,1672041600000,-5.064e-05
BTCUSDT,1672070400005,2.871e-05
BTCUSDT,1672099200005,8.655e-05
BTCUSDT,1672128000010,1.102e-05
BTCUSDT,1672156800006,1.951e-05
BTCUSDT,1672185600010,4.252e-05
BTCUSDT,1672214400010,9.764e-05
BTCUSDT,1672243200010,2.111e-05
BTCUSDT,1672272000011,9.985e-05
BTCUSDT,1672300800000,8.532e-05
BTCUSDT,1672329600008,0.0001
BTCUSDT,1672358400000,0.0001
BTCUSDT,1672387200000,7.132e-05
BTCUSDT,1672416000000,0.0001
ETHUSDT,1651363200000,-7.153e-05
ETHUSDT,1651392000000,-0.00016213
ETHUSDT,1651420800010,-4.432e-05
ETHUSDT,1651449600018,4.92e-05
ETHUSDT,1651478400007,-7.704e-05
ETHUSDT,1651507200000,-2.36e-06
ETHUSDT,1651536000006,8.762e-05
ETHUSDT,1651564800000,6.446e-05
ETHUSDT,1651593600021,8.725e-05
ETHUSDT,1651622400007,9.221e-05
ETHUSDT,1651651200011,0.0001
ETHUSDT,1651680000000,0.0001
ETHUSDT,1651708800005,0.0001
ETHUSDT,1651737600019,0.0001
ETHUSDT,1651766400005,0.0001
ETHUSDT,1651795200005,-5.032e-05
ETHUSDT,1651824000001,-4.64e-05
ETHUSDT,1651852800010,-2.46e-06
ETHUSDT,1651881600004,5.836e-05
ETHUSDT,1651910400016,0.0001
ETHUSDT,1651939200011,7.282e-05
ETHUSDT,1651968000000,9.867e-05
ETHUSDT,1651996800007,0.0001
ETHUSDT,1652025600015,0.0001
ETHUSDT,1652054400000,0.0001
ETHUSDT,1652083200001,9.424e-05
ETHUSDT,1652112000000,9.769e-05
ETHUSDT,1652140800000,9.833e-05
ETHUSDT,1652169600007,6.098e-05
ETHUSDT,1652198400008,0.0001
ETHUSDT,1652227200004,7.598e-05
ETHUSDT,1652256000007,0.0001
ETHUSDT,1652284800008,7.639e-05
ETHUSDT,1652313600014,-0.00018602
ETHUSDT,1652342400000,-0.00079682
ETHUSDT,1652371200007,-0.00028645
ETHUSDT,1652400000014,-9.107e-05
ETHUSDT,1652428800001,-0.00016008
ETHUSDT,1652457600000,-2.742e-05
ETHUSDT,1652486400000,5.029e-05
ETHUSDT,1652515200000,9.124e-05
ETHUSDT,1652544000001,6.884e-05
ETHUSDT,1652572800000,0.0001
ETHUSDT,1652601600000,7.136e-05
ETHUSDT,1652630400000,7.168e-05
ETHUSDT,1652659200021,0.0001
ETHUSDT,1652688000013,0.0001
ETHUSDT,1652716800006,-3.34e-06
ETHUSDT,1652745600000,1.965e-05
ETHUSDT,1652774400010,-0.00010278
ETHUSDT,1652803200023,8.48e-06
ETHUSDT,1652832000003,7.107e-05
ETHUSDT,1652860800024,-1.537e-05
ETHUSDT,1652889600014,-7.218e-05
ETHUSDT,1652918400000,-5.373e-05
ETHUSDT,1652947200008,4.9e-06
ETHUSDT,1652976000015,3.757e-05
ETHUSDT,1653004800001,0.0001
ETHUSDT,1653033600003,0.0001
ETHUSDT,1653062400012,6.647e-05
ETHUSDT,1653091200008,9.991e-05
ETHUSDT,1653120000001,-2.669e-05
ETHUSDT,1653148800007,-3.6e-06
ETHUSDT,1653177600003,4.308e-05
ETHUSDT,1653206400016,5.296e-05
ETHUSDT,1653235200000,0.0001
ETHUSDT,1653264000011,0.0001
ETHUSDT,1653292800000,0.0001
ETHUSDT,1653321600023,0.0001
ETHUSDT,1653350400011,-7.86e-05
ETHUSDT,1653379200000,-4.871e-05
ETHUSDT,1653408000009,-4.04e-05
ETHUSDT,1653436800001,1.228e-05
ETHUSDT,1653465600000,0.0001
ETHUSDT,1653494400015,6.424e-05
ETHUSDT,1653523200005,0.0001
ETHUSDT,1653552000001,3.287e-05
ETHUSDT,1653580800000,-0.00014343
ETHUSDT,1653609600007,0.0001
ETHUSDT,1653638400008,-1.53e-06
ETHUSDT,1653667200000,5.35e-05
ETHUSDT,1653696000018,0.0001
ETHUSDT,1653724800016,6.376e-05
ETHUSDT,1653753600013,3.132e-05
ETHUSDT,1653782400000,0.0001
ETHUSDT,1653811200025,1.764e-05
ETHUSDT,1653840000002,1.83e-05
ETHUSDT,1653868800000,6.492e-05
ETHUSDT,1653897600013,1.622e-05
ETHUSDT,1653926400005,0.0001
ETHUSDT,1653955200016,7.761e-05
ETHUSDT,1653984000000,0.0001
ETHUSDT,1654012800000,0.0001
ETHUSDT,1654041600000,0.0001
ETHUSDT,1654070400011,0.0001
ETHUSDT,1654099200000,0.0001
ETHUSDT,1654128000000,-8.505e-05
ETHUSDT,1654156800006,4.628e-05
ETHUSDT,1654185600021,3.599e-05
ETHUSDT,1654214400016,5.262e-05
ETHUSDT,1654243200016,0.0001
ETHUSDT,1654272000012,2.737e-05
ETHUSDT,1654300800005,0.0001
ETHUSDT,1654329600000,0.0001
ETHUSDT,1654358400007,3e-05
ETHUSDT,1654387200005,3.407e-05
ETHUSDT,1654416000015,5.246e-05
ETHUSDT,1654444800000,5.865e-05
ETHUSDT,1654473600000,0.0001
ETHUSDT,1654502400017,9.597e-05
ETHUSDT,1654531200000,0.0001
ETHUSDT,1654560000000,0.0001
ETHUSDT,1654588800011,-3.071e-05
ETHUSDT,1654617600000,1.156e-05
ETHUSDT,1654646400008,0.0001
ETHUSDT,1654675200020,7.041e-05
ETHUSDT,1654704000012,0.0001
ETHUSDT,1654732800000,0.0001
ETHUSDT,1654761600000,5.421e-05
ETHUSDT,1654790400000,0.0001
ETHUSDT,1654819200009,0.0001
ETHUSDT,1654848000000,0.0001
ETHUSDT,1654876800006,-0.00010846
ETHUSDT,1654905600018,-0.00013495
ETHUSDT,1654934400014,-0.00018605
ETHUSDT,1654963200000,-9.29e-05
ETHUSDT,1654992000015,-6.025e-05
ETHUSDT,1655020800019,-9.914e-05
ETHUSDT,1655049600010,-6.827e-05
ETHUSDT,1655078400009,1.579e-05
ETHUSDT,1655107200000,-2.19e-06
ETHUSDT,1655136000007,-5.144e-05
ETHUSDT,1655164800013,-4.066e-05
ETHUSDT,1655193600008,-5.061e-05
ETHUSDT,1655222400006,-2.999e-05
ETHUSDT,1655251200000,-5.37e-05
ETHUSDT,1655280000016,-0.0001643
ETHUSDT,1655308800008,-9.52e-06
ETHUSDT,1655337600009,-1.444e-05
ETHUSDT,1655366400016,6.616e-05
ETHUSDT,1655395200000,-0.00010424
ETHUSDT,1655424000008,-0.00012406
ETHUSDT,1655452800003,-5.634e-05
ETHUSDT,1655481600000,-0.00014982
ETHUSDT,1655510400020,-7.277e-05
ETHUSDT,1655539200025,-0.00029164
ETHUSDT,1655568000014,-7.606e-05
ETHUSDT,1655596800012,-0.00018722
ETHUSDT,1655625600012,-0.0001769
ETHUSDT,1655654400008,0.0001
ETHUSDT,1655683200016,0.0001
ETHUSDT,1655712000000,-2.176e-05
ETHUSDT,1655740800013,8.444e-05
ETHUSDT,1655769600012,6.015e-05
ETHUSDT,1655798400018,4.698e-05
ETHUSDT,1655827200010,5.33e-05
ETHUSDT,1655856000000,-4.89e-05
ETHUSDT,1655884800001,-2.551e-05
ETHUSDT,1655913600012,-8.679e-05
ETHUSDT,1655942400000,-4.408e-05
ETHUSDT,1655971200000,-6.496e-05
ETHUSDT,1656000000016,-0.00010151
ETHUSDT,1656028800005,4.046e-05
ETHUSDT,1656057600004,8.003e-05
ETHUSDT,1656086400018,0.0001
ETHUSDT,1656115200001,-3.928e-05
ETHUSDT,1656144000010,3.156e-05
ETHUSDT,1656172800000,6.42e-06
ETHUSDT,1656201600002,0.0001
ETHUSDT,1656230400016,2.837e-05
ETHUSDT,1656259200006,-8.522e-05
ETHUSDT,1656288000008,-0.00010252
ETHUSDT,1656316800000,-4.323e-05
ETHUSDT,1656345600016,-3.606e-05
ETHUSDT,1656374400016,9.02e-06
ETHUSDT,1656403200001,-2.707e-05
ETHUSDT,1656432000005,6.622e-05
ETHUSDT,1656460800000,3.172e-05
ETHUSDT,1656489600013,1.728e-05
ETHUSDT,1656518400000,1.147e-05
ETHUSDT,1656547200000,3.467e-05
ETHUSDT,1656576000000,-6.766e-05
ETHUSDT,1656604800000,-0.00021692
ETHUSDT,1656633600001,-0.00013323
ETHUSDT,1656662400017,4.122e-05
ETHUSDT,1656691200005,-9.037e-05
ETHUSDT,1656720000000,-4.5e-06
ETHUSDT,1656748800000,-4.376e-05
ETHUSDT,1656777600008,-4.429e-05
ETHUSDT,1656806400015,8.102e-05
ETHUSDT,1656835200004,2.344e-05
ETHUSDT,1656864000005,-9.636e-05
ETHUSDT,1656892800021,8.487e-05
ETHUSDT,1656921600001,-0.00014236
ETHUSDT,1656950400000,6.349e-05
ETHUSDT,1656979200000,8.23e-06
ETHUSDT,1657008000000,1.762e-05
ETHUSDT,1657036800015,4.28e-05
ETHUSDT,1657065600006,0.0001
ETHUSDT,1657094400000,0.0001
ETHUSDT,1657123200000,4.373e-05
ETHUSDT,1657152000010,0.0001
ETHUSDT,1657180800010,0.0001
ETHUSDT,1657209600011,6.891e-05
ETHUSDT,1657238400008,0.0001
ETHUSDT,1657267200009,0.0001
ETHUSDT,1657296000000,5.505e-05
ETHUSDT,1657324800000,5.118e-05
ETHUSDT,1657353600000,2.685e-05
ETHUSDT,1657382400009,3.206e-05
ETHUSDT,1657411200001,4.544e-05
ETHUSDT,1657440000002,0.0001
ETHUSDT,1657468800001,6.604e-05
ETHUSDT,1657497600000,1.102e-05
ETHUSDT,1657526400003,4.204e-05
ETHUSDT,1657555200001,5.881e-05
ETHUSDT,1657584000000,6.653e-05
ETHUSDT,1657612800021,-2.208e-05
ETHUSDT,1657641600000,-0.00010622
ETHUSDT,1657670400012,-0.00017917
ETHUSDT,1657699200022,-0.00019746
ETHUSDT,1657728000005,-0.00012686
ETHUSDT,1657756800017,-0.00012921
ETHUSDT,1657785600001,1.264e-05
ETHUSDT,1657814400000,-5.017e-05
ETHUSDT,1657843200004,0.0001
ETHUSDT,1657872000019,4.667e-05
ETHUSDT,1657900800017,-4.53e-06
ETHUSDT,1657929600021,5.458e-05
ETHUSDT,1657958400014,7.053e-05
ETHUSDT,1657987200005,3.638e-05
ETHUSDT,1658016000000,0.0001
ETHUSDT,1658044800003,8e-08
ETHUSDT,1658073600007,-6.39e-06
ETHUSDT,1658102400001,-2.025e-05
ETHUSDT,1658131200004,-8.57e-06
ETHUSDT,1658160000019,7.25e-05
ETHUSDT,1658188800000,0.0001
ETHUSDT,1658217600000,0.0001
ETHUSDT,1658246400001,4.242e-05
ETHUSDT,1658275200004,5.437e-05
ETHUSDT,1658304000000,-4.179e-05
ETHUSDT,1658332800003,2.871e-05
ETHUSDT,1658361600000,0.0001
ETHUSDT,1658390400018,0.0001
ETHUSDT,1658419200011,0.0001
ETHUSDT,1658448000014,0.0001
ETHUSDT,1658476800000,0.0001
ETHUSDT,1658505600000,9.317e-05
ETHUSDT,1658534400004,5.463e-05
ETHUSDT,1658563200002,6.541e-05
ETHUSDT,1658592000001,0.0001
ETHUSDT,1658620800000,0.0001
ETHUSDT,1658649600011,0.0001
ETHUSDT,1658678400000,0.0001
ETHUSDT,1658707200000,0.0001
ETHUSDT,1658736000014,-1.134e-05
ETHUSDT,1658764800006,7.434e-05
ETHUSDT,1658793600010,6.69e-05
ETHUSDT,1658822400000,7.151e-05
ETHUSDT,1658851200000,0.0001
ETHUSDT,1658880000008,7.41e-06
ETHUSDT,1658908800000,8.204e-05
ETHUSDT,1658937600003,3.325e-05
ETHUSDT,1658966400009,0.0001
ETHUSDT,1658995200008,0.0001
ETHUSDT,1659024000013,0.0001
ETHUSDT,1659052800000,0.0001
ETHUSDT,1659081600000,0.0001
ETHUSDT,1659110400000,0.0001
ETHUSDT,1659139200005,0.0001
ETHUSDT,1659168000009,0.0001
ETHUSDT,1659196800000,5.049e-05
ETHUSDT,1659225600022,4.431e-05
ETHUSDT,1659254400011,0.0001
ETHUSDT,1659283200019,5.528e-05
ETHUSDT,1659312000010,9.823e-05
ETHUSDT,1659340800019,0.0001
ETHUSDT,1659369600017,6.285e-05
ETHUSDT,1659398400000,0.0001
ETHUSDT,1659427200007,1.617e-05
ETHUSDT,1659456000014,1.593e-05
ETHUSDT,1659484800001,6.888e-05
ETHUSDT,1659513600020,3.68e-06
ETHUSDT,1659542400008,-3.047e-05
ETHUSDT,1659571200001,1.183e-05
ETHUSDT,1659600000009,7.702e-05
ETHUSDT,1659628800015,7.119e-05
ETHUSDT,1659657600005,7.649e-05
ETHUSDT,1659686400000,0.0001
ETHUSDT,1659715200000,0.0001
ETHUSDT,1659744000021,0.0001
ETHUSDT,1659772800000,0.0001
ETHUSDT,1659801600015,0.0001
ETHUSDT,1659830400013,0.0001
ETHUSDT,1659859200000,-2.278e-05
ETHUSDT,1659888000014,2.801e-05
ETHUSDT,1659916800009,-1.33e-05
ETHUSDT,1659945600006,2.805e-05
ETHUSDT,1659974400000,0.0001
ETHUSDT,1660003200020,5.993e-05
ETHUSDT,1660032000000,-3.21e-06
ETHUSDT,1660060800000,-0.00014349
ETHUSDT,1660089600000,-0.00010375
ETHUSDT,1660118400016,-3.238e-05
ETHUSDT,1660147200018,0.0001
ETHUSDT,1660176000012,0.0001
ETHUSDT,1660204800000,4.392e-05
ETHUSDT,1660233600000,1.783e-05
ETHUSDT,1660262400006,2.566e-05
ETHUSDT,1660291200000,5.216e-05
ETHUSDT,1660320000005,8.336e-05
ETHUSDT,1660348800012,7.636e-05
ETHUSDT,1660377600006,4.086e-05
ETHUSDT,1660406400018,2.735e-05
ETHUSDT,1660435200000,3.144e-05
ETHUSDT,1660464000000,8.292e-05
ETHUSDT,1660492800000,2.19e-06
ETHUSDT,1660521600010,-6.757e-05
ETHUSDT,1660550400002,3.991e-05
ETHUSDT,1660579200010,-4.854e-05
ETHUSDT,1660608000010,-6.945e-05
ETHUSDT,1660636800002,3.333e-05
ETHUSDT,1660665600000,3.842e-05
ETHUSDT,1660694400020,5.927e-05
ETHUSDT,1660723200016,6.626e-05
ETHUSDT,1660752000001,4.034e-05
ETHUSDT,1660780800005,2.314e-05
ETHUSDT,1660809600012,9.463e-05
ETHUSDT,1660838400013,3.449e-05
ETHUSDT,1660867200000,5.275e-05
ETHUSDT,1660896000000,0.0001
ETHUSDT,1660924800009,1.435e-05
ETHUSDT,1660953600000,4.557e-05
ETHUSDT,1660982400005,-3.743e-05
ETHUSDT,1661011200000,9.91e-06
ETHUSDT,1661040000010,-1.408e-05
ETHUSDT,1661068800013,1.912e-05
ETHUSDT,1661097600000,-5.859e-05
ETHUSDT,1661126400011,-5.605e-05
ETHUSDT,1661155200005,6.886e-05
ETHUSDT,1661184000005,7.481e-05
ETHUSDT,1661212800000,6.559e-05
ETHUSDT,1661241600021,-1.8e-05
ETHUSDT,1661270400005,-9.315e-05
ETHUSDT,1661299200017,-8.879e-05
ETHUSDT,1661328000021,-2.313e-05
ETHUSDT,1661356800000,5.38e-06
ETHUSDT,1661385600003,-9.281e-05
ETHUSDT,1661414400000,-1.814e-05
ETHUSDT,1661443200004,2.635e-05
ETHUSDT,1661472000001,4.613e-05
ETHUSDT,1661500800004,2.49e-05
ETHUSDT,1661529600000,8.902e-05
ETHUSDT,1661558400010,-0.0002075
ETHUSDT,1661587200007,-7.754e-05
ETHUSDT,1661616000008,-0.000272
ETHUSDT,1661644800019,-0.0002537
ETHUSDT,1661673600000,-0.0002688
ETHUSDT,1661702400000,1.893e-05
ETHUSDT,1661731200000,-0.00024797
ETHUSDT,1661760000000,-0.00017053
ETHUSDT,1661788800001,-6.657e-05
ETHUSDT,1661817600001,-9.478e-05
ETHUSDT,1661846400005,-6.689e-05
ETHUSDT,1661875200010,-5.782e-05
ETHUSDT,1661904000000,-0.00011151
ETHUSDT,1661932800005,-2.5e-07
ETHUSDT,1661961600013,7.105e-05
ETHUSDT,1661990400012,-1.273e-05
ETHUSDT,1662019200000,9.18e-06
ETHUSDT,1662048000013,-7.998e-05
ETHUSDT,1662076800002,5.469e-05
ETHUSDT,1662105600013,3.291e-05
ETHUSDT,1662134400000,-1.84e-05
ETHUSDT,1662163200000,-0.00012553
ETHUSDT,1662192000002,-0.00010187
ETHUSDT,1662220800007,-9.441e-05
ETHUSDT,1662249600008,1.789e-05
ETHUSDT,1662278400009,-4.425e-05
ETHUSDT,1662307200000,-9.236e-05
ETHUSDT,1662336000015,8.77e-06
ETHUSDT,1662364800013,-0.00010286
ETHUSDT,1662393600007,-5.01e-05
ETHUSDT,1662422400018,-0.00016568
ETHUSDT,1662451200020,-0.00013291
ETHUSDT,1662480000028,-2.352e-05
ETHUSDT,1662508800013,-0.0001677
ETHUSDT,1662537600022,-0.00027449
ETHUSDT,1662566400021,-0.00018414
ETHUSDT,1662595200010,1.215e-05
ETHUSDT,1662624000000,-1.24e-05
ETHUSDT,1662652800003,-6.039e-05
ETHUSDT,1662681600011,-8.28e-05
ETHUSDT,1662710400000,-3.837e-05
ETHUSDT,1662739200000,-0.00012468
ETHUSDT,1662768000003,-7.115e-05
ETHUSDT,1662796800000,-0.00020439
ETHUSDT,1662825600012,-0.00014116
ETHUSDT,1662854400009,-0.00011556
ETHUSDT,1662883200012,-0.00016606
ETHUSDT,1662912000005,-0.00031696
ETHUSDT,1662940800007,-0.00034442
ETHUSDT,1662969600013,-0.0002761
ETHUSDT,1662998400000,-0.00038902
ETHUSDT,1663027200004,-0.00028397
ETHUSDT,1663056000000,-0.00047985
ETHUSDT,1663084800000,-0.0004662
ETHUSDT,1663113600000,-0.00111142
ETHUSDT,1663142400000,-0.00182506
ETHUSDT,1663171200000,-0.00172134
ETHUSDT,1663200000019,-0.00301937
ETHUSDT,1663228800012,-0.00216987
ETHUSDT,1663257600007,-0.00010393
ETHUSDT,1663286400000,-7.76e-06
ETHUSDT,1663315200000,-2.35e-06
ETHUSDT,1663344000000,0.0001
ETHUSDT,1663372800000,7.4e-05
ETHUSDT,1663401600012,7.913e-05
ETHUSDT,1663430400017,4.111e-05
ETHUSDT,1663459200000,8.41e-06
ETHUSDT,1663488000004,8.234e-05
ETHUSDT,1663516800000,6.342e-05
ETHUSDT,1663545600018,-0.00010281
ETHUSDT,1663574400006,-4.91e-06
ETHUSDT,1663603200010,-9.737e-05
ETHUSDT,1663632000007,-0.00010865
ETHUSDT,1663660800001,-0.00012011
ETHUSDT,1663689600000,2.77e-06
ETHUSDT,1663718400001,-3.849e-05
ETHUSDT,1663747200005,-2.285e-05
ETHUSDT,1663776000000,-7.656e-05
ETHUSDT,1663804800000,-0.00024234
ETHUSDT,1663833600000,-0.00023437
ETHUSDT,1663862400011,-0.00013047
ETHUSDT,1663891200023,-1.456e-05
ETHUSDT,1663920000004,-4.759e-05
ETHUSDT,1663948800005,-5.042e-05
ETHUSDT,1663977600000,1.491e-05
ETHUSDT,1664006400005,4.468e-05
ETHUSDT,1664035200000,-8.115e-05
ETHUSDT,1664064000010,1.22e-06
ETHUSDT,1664092800000,-4.292e-05
ETHUSDT,1664121600003,4.49e-06
ETHUSDT,1664150400001,4.23e-06
ETHUSDT,1664179200006,0.0001
ETHUSDT,1664208000000,-1.379e-05
ETHUSDT,1664236800026,2.194e-05
ETHUSDT,1664265600004,1.777e-05
ETHUSDT,1664294400006,1.303e-05
ETHUSDT,1664323200011,-1.018e-05
ETHUSDT,1664352000000,-2.348e-05
ETHUSDT,1664380800000,-7.573e-05
ETHUSDT,1664409600010,6.004e-05
ETHUSDT,1664438400000,0.0001
ETHUSDT,1664467200000,2.149e-05
ETHUSDT,1664496000006,1.17e-05
ETHUSDT,1664524800002,7.176e-05
ETHUSDT,1664553600007,0.0001
ETHUSDT,1664582400008,8.185e-05
ETHUSDT,1664611200011,6.857e-05
ETHUSDT,1664640000000,5.117e-05
ETHUSDT,1664668800000,1.239e-05
ETHUSDT,1664697600000,4.395e-05
ETHUSDT,1664726400006,-2.183e-05
ETHUSDT,1664755200000,-2.23e-05
ETHUSDT,1664784000014,2.229e-05
ETHUSDT,1664812800010,-9.98e-06
ETHUSDT,1664841600006,7.858e-05
ETHUSDT,1664870400004,0.0001
ETHUSDT,1664899200013,3.575e-05
ETHUSDT,1664928000000,1.819e-05
ETHUSDT,1664956800000,3.45e-06
ETHUSDT,1664985600012,-3.017e-05
ETHUSDT,1665014400008,2.418e-05
ETHUSDT,1665043200002,5.188e-05
ETHUSDT,1665072000006,-1.15e-05
ETHUSDT,1665100800000,2.157e-05
ETHUSDT,1665129600000,3.248e-05
ETHUSDT,1665158400007,3.9e-06
ETHUSDT,1665187200010,5.904e-05
ETHUSDT,1665216000004,6.993e-05
ETHUSDT,1665244800018,8.939e-05
ETHUSDT,1665273600000,3.902e-05
ETHUSDT,1665302400007,1.819e-05
ETHUSDT,1665331200011,-5.165e-05
ETHUSDT,1665360000018,4.749e-05
ETHUSDT,1665388800000,2.784e-05
ETHUSDT,1665417600026,2.352e-05
ETHUSDT,1665446400020,7.133e-05
ETHUSDT,1665475200027,3.552e-05
ETHUSDT,1665504000000,4.405e-05
ETHUSDT,1665532800014,8.85e-05
ETHUSDT,1665561600000,-1.598e-05
ETHUSDT,1665590400000,7.18e-06
ETHUSDT,1665619200013,-0.00018211
ETHUSDT,1665648000016,8.18e-05
ETHUSDT,1665676800009,-0.00010154
ETHUSDT,1665705600020,2e-06
ETHUSDT,1665734400000,0.0001
ETHUSDT,1665763200009,0.0001
ETHUSDT,1665792000001,5.95e-05
ETHUSDT,1665820800005,-5.48e-06
ETHUSDT,1665849600004,-8.01e-06
ETHUSDT,1665878400012,2.73e-06
ETHUSDT,1665907200000,-1.934e-05
ETHUSDT,1665936000010,1.261e-05
ETHUSDT,1665964800012,7.5e-06
ETHUSDT,1665993600010,3.595e-05
ETHUSDT,1666022400017,5.61e-05
ETHUSDT,1666051200010,6.43e-05
ETHUSDT,1666080000008,5.818e-05
ETHUSDT,1666108800000,8.2e-05
ETHUSDT,1666137600007,6.911e-05
ETHUSDT,1666166400022,0.0001
ETHUSDT,1666195200016,3.885e-05
ETHUSDT,1666224000000,1.115e-05
ETHUSDT,1666252800013,6.032e-05
ETHUSDT,1666281600000,-5.194e-05
ETHUSDT,1666310400005,0.0001
ETHUSDT,1666339200018,1.939e-05
ETHUSDT,1666368000000,2.595e-05
ETHUSDT,1666396800000,2.568e-05
ETHUSDT,1666425600015,-7.96e-06
ETHUSDT,1666454400000,-3.726e-05
ETHUSDT,1666483200025,1.025e-05
ETHUSDT,1666512000000,2.352e-05
ETHUSDT,1666540800004,0.0001
ETHUSDT,1666569600009,9.274e-05
ETHUSDT,1666598400012,0.0001
ETHUSDT,1666627200002,-2.685e-05
ETHUSDT,1666656000013,-5.643e-05
ETHUSDT,1666684800013,3.537e-05
ETHUSDT,1666713600000,1.973e-05
ETHUSDT,1666742400006,0.0001
ETHUSDT,1666771200013,-2.452e-05
ETHUSDT,1666800000000,0.0001
ETHUSDT,1666828800009,8.299e-05
ETHUSDT,1666857600006,5.005e-05
ETHUSDT,1666886400009,-3.37e-05
ETHUSDT,1666915200000,2.272e-05
ETHUSDT,1666944000000,4.042e-05
ETHUSDT,1666972800007,1.87e-05
ETHUSDT,1667001600000,6.207e-05
ETHUSDT,1667030400003,8.203e-05
ETHUSDT,1667059200010,0.0001
ETHUSDT,1667088000000,7.735e-05
ETHUSDT,1667116800013,9.296e-05
ETHUSDT,1667145600009,0.0001
ETHUSDT,1667174400012,6.308e-05
ETHUSDT,1667203200000,0.0001
ETHUSDT,1667232000010,-2.88e-06
ETHUSDT,1667260800000,7.95e-06
ETHUSDT,1667289600000,-5.701e-05
ETHUSDT,1667318400000,1.321e-05
ETHUSDT,1667347200000,7.678e-05
ETHUSDT,1667376000000,2.913e-05
ETHUSDT,1667404800019,5.813e-05
ETHUSDT,1667433600011,-8.892e-05
ETHUSDT,1667462400016,-7.732e-05
ETHUSDT,1667491200005,2.55e-06
ETHUSDT,1667520000000,1.398e-05
ETHUSDT,1667548800004,9.293e-05
ETHUSDT,1667577600020,0.0001
ETHUSDT,1667606400009,9.19e-05
ETHUSDT,1667635200007,1.474e-05
ETHUSDT,1667664000018,5.826e-05
ETHUSDT,1667692800009,8.014e-05
ETHUSDT,1667721600000,0.0001
ETHUSDT,1667750400010,4.026e-05
ETHUSDT,1667779200012,2.594e-05
ETHUSDT,1667808000014,-2.72e-06
ETHUSDT,1667836800006,0.0001
ETHUSDT,1667865600000,-5.728e-05
ETHUSDT,1667894400001,-0.00011539
ETHUSDT,1667923200005,7.883e-05
ETHUSDT,1667952000000,-0.00038496
ETHUSDT,1667980800013,-0.00012169
ETHUSDT,1668009600004,-0.00054682
ETHUSDT,1668038400006,-0.00060149
ETHUSDT,1668067200000,-0.000543
ETHUSDT,1668096000015,-0.00015464
ETHUSDT,1668124800000,-0.00016788
ETHUSDT,1668153600015,-0.00013634
ETHUSDT,1668182400027,2.873e-05
ETHUSDT,1668211200007,9.985e-05
ETHUSDT,1668240000016,4.863e-05
ETHUSDT,1668268800000,9.984e-05
ETHUSDT,1668297600004,-9.28e-06
ETHUSDT,1668326400000,-8.449e-05
ETHUSDT,1668355200017,-1.748e-05
ETHUSDT,1668384000000,2.81e-05
ETHUSDT,1668412800000,2.254e-05
ETHUSDT,1668441600000,5.237e-05
ETHUSDT,1668470400014,-8.644e-05
ETHUSDT,1668499200009,4.951e-05
ETHUSDT,1668528000010,-4.197e-05
ETHUSDT,1668556800011,-9.137e-05
ETHUSDT,1668585600004,1.19e-06
ETHUSDT,1668614400008,-4.556e-05
ETHUSDT,1668643200000,-9.394e-05
ETHUSDT,1668672000000,2.558e-05
ETHUSDT,1668700800006,-0.00010849
ETHUSDT,1668729600004,-8.46e-05
ETHUSDT,1668758400016,-6.951e-05
ETHUSDT,1668787200000,-5.327e-05
ETHUSDT,1668816000000,6.481e-05
ETHUSDT,1668844800004,4.413e-05
ETHUSDT,1668873600024,5.99e-05
ETHUSDT,1668902400015,3.77e-06
ETHUSDT,1668931200004,5.73e-05
ETHUSDT,1668960000000,-2.008e-05
ETHUSDT,1668988800006,-0.00020459
ETHUSDT,1669017600015,-2.17e-05
ETHUSDT,1669046400000,4.666e-05
ETHUSDT,1669075200000,-6.623e-05
ETHUSDT,1669104000000,-2.821e-05
ETHUSDT,1669132800000,6.368e-05
ETHUSDT,1669161600000,6.088e-05
ETHUSDT,1669190400011,-4.079e-05
ETHUSDT,1669219200014,-9.414e-05
ETHUSDT,1669248000007,4.96e-05
ETHUSDT,1669276800014,-6.135e-05
ETHUSDT,1669305600013,3.796e-05
ETHUSDT,1669334400004,5.572e-05
ETHUSDT,1669363200015,5.499e-05
ETHUSDT,1669392000000,-3.074e-05
ETHUSDT,1669420800011,-4.472e-05
ETHUSDT,1669449600000,-5.666e-05
ETHUSDT,1669478400000,-6.554e-05
ETHUSDT,1669507200012,-4.687e-05
ETHUSDT,1669536000000,-0.00011497
ETHUSDT,1669564800003,3.854e-05
ETHUSDT,1669593600015,3.42e-06
ETHUSDT,1669622400004,-2.557e-05
ETHUSDT,1669651200011,-0.00012317
ETHUSDT,1669680000000,3.832e-05
ETHUSDT,1669708800015,2.946e-05
ETHUSDT,1669737600000,0.0001
ETHUSDT,1669766400007,9.218e-05
ETHUSDT,1669795200000,0.0001
ETHUSDT,1669824000015,0.0001
ETHUSDT,1669852800001,-1.967e-05
ETHUSDT,1669881600006,3.623e-05
ETHUSDT,1669910400000,0.0001
ETHUSDT,1669939200001,0.0001
ETHUSDT,1669968000016,-2.44e-06
ETHUSDT,1669996800017,4.87e-05
ETHUSDT,1670025600006,-4.81e-06
ETHUSDT,1670054400000,-2.779e-05
ETHUSDT,1670083200011,-2.251e-05
ETHUSDT,1670112000006,-4.991e-05
ETHUSDT,1670140800000,-1.49e-06
ETHUSDT,1670169600006,3.593e-05
ETHUSDT,1670198400002,5.566e-05
ETHUSDT,1670227200011,-2.459e-05
ETHUSDT,1670256000008,5.578e-05
ETHUSDT,1670284800014,4.181e-05
ETHUSDT,1670313600027,1.389e-05
ETHUSDT,1670342400009,4.364e-05
ETHUSDT,1670371200000,8.029e-05
ETHUSDT,1670400000000,5.95e-06
ETHUSDT,1670428800000,-2.33e-06
ETHUSDT,1670457600006,6.3e-07
ETHUSDT,1670486400000,1.744e-05
ETHUSDT,1670515200014,-9.2e-07
ETHUSDT,1670544000017,0.0001
ETHUSDT,1670572800005,6.855e-05
ETHUSDT,1670601600000,4.9e-05
ETHUSDT,1670630400009,-1.674e-05
ETHUSDT,1670659200010,6.407e-05
ETHUSDT,1670688000001,6.841e-05
ETHUSDT,1670716800011,-2.288e-05
ETHUSDT,1670745600007,1.946e-05
ETHUSDT,1670774400011,1.359e-05
ETHUSDT,1670803200000,3.843e-05
ETHUSDT,1670832000004,-2.359e-05
ETHUSDT,1670860800000,-2.692e-05
ETHUSDT,1670889600000,8.949e-05
ETHUSDT,1670918400018,0.0001
ETHUSDT,1670947200011,0.0001
ETHUSDT,1670976000010,0.0001
ETHUSDT,1671004800015,0.0001
ETHUSDT,1671033600004,0.0001
ETHUSDT,1671062400000,0.0001
ETHUSDT,1671091200023,0.0001
ETHUSDT,1671120000010,0.0001
ETHUSDT,1671148800016,0.0001
ETHUSDT,1671177600011,0.0001
ETHUSDT,1671206400001,-3.78e-05
ETHUSDT,1671235200001,8.697e-05
ETHUSDT,1671264000011,-6.429e-05
ETHUSDT,1671292800011,3.413e-05
ETHUSDT,1671321600008,5.955e-05
ETHUSDT,1671350400001,7.9e-05
ETHUSDT,1671379200012,4.105e-05
ETHUSDT,1671408000000,-3.395e-05
ETHUSDT,1671436800000,5.7e-06
ETHUSDT,1671465600000,-6.01e-06
ETHUSDT,1671494400005,8.479e-05
ETHUSDT,1671523200016,4.111e-05
ETHUSDT,1671552000000,9.832e-05
ETHUSDT,1671580800007,4.626e-05
ETHUSDT,1671609600012,8.575e-05
ETHUSDT,1671638400017,6.565e-05
ETHUSDT,1671667200004,8.923e-05
ETHUSDT,1671696000000,9.813e-05
ETHUSDT,1671724800001,7.887e-05
ETHUSDT,1671753600018,7.468e-05
ETHUSDT,1671782400000,0.0001
ETHUSDT,1671811200000,-7.28e-06
ETHUSDT,1671840000001,6.767e-05
ETHUSDT,1671868800007,0.0001
ETHUSDT,1671897600008,5.27e-06
ETHUSDT,1671926400000,-3.84e-06
ETHUSDT,1671955200013,4.1e-07
ETHUSDT,1671984000000,1.343e-05
ETHUSDT,1672012800001,6.962e-05
ETHUSDT,1672041600000,1.023e-05
ETHUSDT,1672070400005,2.594e-05
ETHUSDT,1672099200005,0.0001
ETHUSDT,1672128000010,2.226e-05
ETHUSDT,1672156800006,7.546e-05
ETHUSDT,1672185600010,0.0001
ETHUSDT,1672214400010,6.253e-05
ETHUSDT,1672243200010,-2.352e-05
ETHUSDT,1672272000011,0.0001
ETHUSDT,1672300800000,5.835e-05
ETHUSDT,1672329600008,0.0001
ETHUSDT,1672358400000,0.0001
ETHUSDT,1672387200000,0.0001
ETHUSDT,1672416000000,0.0001
LINKUSDT,1651363200000,0.0001
LINKUSDT,1651392000000,-1.635e-05
LINKUSDT,1651420800010,2.66e-05
LINKUSDT,1651449600018,7.298e-05
LINKUSDT,1651478400007,9.4e-05
LINKUSDT,1651507200000,7.01e-06
LINKUSDT,1651536000006,7.543e-05
LINKUSDT,1651564800000,8.448e-05
LINKUSDT,1651593600021,4.274e-05
LINKUSDT,1651622400007,-1.486e-05
LINKUSDT,1651651200011,8.343e-05
LINKUSDT,1651680000000,2.146e-05
LINKUSDT,1651708800005,0.0001
LINKUSDT,1651737600019,0.0001
LINKUSDT,1651766400005,0.0001
LINKUSDT,1651795200005,-1.573e-05
LINKUSDT,1651824000001,-0.00011204
LINKUSDT,1651852800010,9.546e-05
LINKUSDT,1651881600004,9.931e-05
LINKUSDT,1651910400016,8.266e-05
LINKUSDT,1651939200011,8.008e-05
LINKUSDT,1651968000000,8.625e-05
LINKUSDT,1651996800007,7.8e-05
LINKUSDT,1652025600015,0.0001
LINKUSDT,1652054400000,0.0001
LINKUSDT,1652083200001,-5.07e-06
LINKUSDT,1652112000000,3.202e-05
LINKUSDT,1652140800000,-7.675e-05
LINKUSDT,1652169600007,4.156e-05
LINKUSDT,1652198400008,-8.416e-05
LINKUSDT,1652227200004,4.476e-05
LINKUSDT,1652256000007,-7.227e-05
LINKUSDT,1652284800008,-0.00039891
LINKUSDT,1652313600014,-0.00021635
LINKUSDT,1652342400000,-0.0009275
LINKUSDT,1652371200007,-0.00021351
LINKUSDT,1652400000014,-0.00022603
LINKUSDT,1652428800001,-0.00034229
LINKUSDT,1652457600000,-0.00016435
LINKUSDT,1652486400000,-0.00014281
LINKUSDT,1652515200000,8.37e-06
LINKUSDT,1652544000001,-0.00022604
LINKUSDT,1652572800000,-4.445e-05
LINKUSDT,1652601600000,-7.886e-05
LINKUSDT,1652630400000,-2.436e-05
LINKUSDT,1652659200021,6.929e-05
LINKUSDT,1652688000013,1.315e-05
LINKUSDT,1652716800006,2.532e-05
LINKUSDT,1652745600000,3.558e-05
LINKUSDT,1652774400010,4.485e-05
LINKUSDT,1652803200023,7.395e-05
LINKUSDT,1652832000003,5.872e-05
LINKUSDT,1652860800024,0.0001
LINKUSDT,1652889600014,1.53e-05
LINKUSDT,1652918400000,4.081e-05
LINKUSDT,1652947200008,7.132e-05
LINKUSDT,1652976000015,-6.97e-06
LINKUSDT,1653004800001,0.0001
LINKUSDT,1653033600003,0.0001
LINKUSDT,1653062400012,1.135e-05
LINKUSDT,1653091200008,-2.8e-06
LINKUSDT,1653120000001,-8.265e-05
LINKUSDT,1653148800007,0.0001
LINKUSDT,1653177600003,6.081e-05
LINKUSDT,1653206400016,7.613e-05
LINKUSDT,1653235200000,0.0001
LINKUSDT,1653264000011,0.0001
LINKUSDT,1653292800000,0.0001
LINKUSDT,1653321600023,0.0001
LINKUSDT,1653350400011,-3.596e-05
LINKUSDT,1653379200000,5e-07
LINKUSDT,1653408000009,-6.136e-05
LINKUSDT,1653436800001,-2.562e-05
LINKUSDT,1653465600000,2.571e-05
LINKUSDT,1653494400015,4.32e-05
LINKUSDT,1653523200005,0.0001
LINKUSDT,1653552000001,-3.255e-05
LINKUSDT,1653580800000,-0.00024844
LINKUSDT,1653609600007,-0.00011896
LINKUSDT,1653638400008,5.3e-06
LINKUSDT,1653667200000,3.25e-06
LINKUSDT,1653696000018,4.129e-05
LINKUSDT,1653724800016,-2.343e-05
LINKUSDT,1653753600013,1.348e-05
LINKUSDT,1653782400000,6.339e-05
LINKUSDT,1653811200025,2.126e-05
LINKUSDT,1653840000002,-1.78e-06
LINKUSDT,1653868800000,4.453e-05
LINKUSDT,1653897600013,0.0001
LINKUSDT,1653926400005,0.0001
LINKUSDT,1653955200016,0.0001
LINKUSDT,1653984000000,0.0001
LINKUSDT,1654012800000,0.0001
LINKUSDT,1654041600000,0.0001
LINKUSDT,1654070400011,0.0001
LINKUSDT,1654099200000,0.0001
LINKUSDT,1654128000000,-5.373e-05
LINKUSDT,1654156800006,2.004e-05
LINKUSDT,1654185600021,8.502e-05
LINKUSDT,1654214400016,-2.749e-05
LINKUSDT,1654243200016,0.0001
LINKUSDT,1654272000012,2.558e-05
LINKUSDT,1654300800005,0.0001
LINKUSDT,1654329600000,7.276e-05
LINKUSDT,1654358400007,2.777e-05
LINKUSDT,1654387200005,7.908e-05
LINKUSDT,1654416000015,0.0001
LINKUSDT,1654444800000,3.093e-05
LINKUSDT,1654473600000,0.0001
LINKUSDT,1654502400017,6.475e-05
LINKUSDT,1654531200000,7.477e-05
LINKUSDT,1654560000000,8.532e-05
LINKUSDT,1654588800011,0.0001
LINKUSDT,1654617600000,7.839e-05
LINKUSDT,1654646400008,0.0001
LINKUSDT,1654675200020,0.0001
LINKUSDT,1654704000012,7.517e-05
LINKUSDT,1654732800000,-1.709e-05
LINKUSDT,1654761600000,0.0001
LINKUSDT,1654790400000,-0.00026051
LINKUSDT,1654819200009,-8.657e-05
LINKUSDT,1654848000000,0.0001
LINKUSDT,1654876800006,0.0001
LINKUSDT,1654905600018,7.39e-05
LINKUSDT,1654934400014,3.2e-05
LINKUSDT,1654963200000,-0.00017222
LINKUSDT,1654992000015,-0.00024178
LINKUSDT,1655020800019,-0.00035251
LINKUSDT,1655049600010,-0.00033983
LINKUSDT,1655078400009,-0.00026192
LINKUSDT,1655107200000,-0.00033484
LINKUSDT,1655136000007,-0.00036214
LINKUSDT,1655164800013,-0.00028214
LINKUSDT,1655193600008,-0.00018773
LINKUSDT,1655222400006,-0.00025451
LINKUSDT,1655251200000,-4.509e-05
LINKUSDT,1655280000016,-1.18e-06
LINKUSDT,1655308800008,-3.731e-05
LINKUSDT,1655337600009,-3.238e-05
LINKUSDT,1655366400016,0.0001
LINKUSDT,1655395200000,-4.47e-05
LINKUSDT,1655424000008,-2.2e-05
LINKUSDT,1655452800003,7.15e-06
LINKUSDT,1655481600000,-0.00013623
LINKUSDT,1655510400020,1.896e-05
LINKUSDT,1655539200025,-2.322e-05
LINKUSDT,1655568000014,0.0001
LINKUSDT,1655596800012,-0.00013293
LINKUSDT,1655625600012,-7.38e-06
LINKUSDT,1655654400008,0.0001
LINKUSDT,1655683200016,9.322e-05
LINKUSDT,1655712000000,0.0001
LINKUSDT,1655740800013,0.0001
LINKUSDT,1655769600012,0.0001
LINKUSDT,1655798400018,0.0001
LINKUSDT,1655827200010,0.0001
LINKUSDT,1655856000000,6.877e-05
LINKUSDT,1655884800001,5.754e-05
LINKUSDT,1655913600012,0.0001
LINKUSDT,1655942400000,6.229e-05
LINKUSDT,1655971200000,8.187e-05
LINKUSDT,1656000000016,3.834e-05
LINKUSDT,1656028800005,4.858e-05
LINKUSDT,1656057600004,7.472e-05
LINKUSDT,1656086400018,2.128e-05
LINKUSDT,1656115200001,0.0001
LINKUSDT,1656144000010,0.0001
LINKUSDT,1656172800000,7.003e-05
LINKUSDT,1656201600002,-1.066e-05
LINKUSDT,1656230400016,9.778e-05
LINKUSDT,1656259200006,0.0001
LINKUSDT,1656288000008,-0.0001285
LINKUSDT,1656316800000,-6.248e-05
LINKUSDT,1656345600016,-4.184e-05
LINKUSDT,1656374400016,-1.879e-05
LINKUSDT,1656403200001,-0.00018867
LINKUSDT,1656432000005,1.567e-05
LINKUSDT,1656460800000,-0.00019965
LINKUSDT,1656489600013,-9.219e-05
LINKUSDT,1656518400000,4.08e-06
LINKUSDT,1656547200000,5.77e-05
LINKUSDT,1656576000000,-4.75e-06
LINKUSDT,1656604800000,-7.899e-05
LINKUSDT,1656633600001,-8.603e-05
LINKUSDT,1656662400017,-4.029e-05
LINKUSDT,1656691200005,-1.981e-05
LINKUSDT,1656720000000,4.8e-05
LINKUSDT,1656748800000,-8.4e-06
LINKUSDT,1656777600008,1.986e-05
LINKUSDT,1656806400015,0.0001
LINKUSDT,1656835200004,5.751e-05
LINKUSDT,1656864000005,-2.126e-05
LINKUSDT,1656892800021,0.0001
LINKUSDT,1656921600001,2.2e-06
LINKUSDT,1656950400000,0.0001
LINKUSDT,1656979200000,0.0001
LINKUSDT,1657008000000,0.0001
LINKUSDT,1657036800015,0.0001
LINKUSDT,1657065600006,0.0001
LINKUSDT,1657094400000,0.0001
LINKUSDT,1657123200000,0.0001
LINKUSDT,1657152000010,0.0001
LINKUSDT,1657180800010,0.0001
LINKUSDT,1657209600011,0.0001
LINKUSDT,1657238400008,0.0001
LINKUSDT,1657267200009,0.0001
LINKUSDT,1657296000000,0.0001
LINKUSDT,1657324800000,0.0001
LINKUSDT,1657353600000,0.0001
LINKUSDT,1657382400009,0.0001
LINKUSDT,1657411200001,0.0001
LINKUSDT,1657440000002,0.0001
LINKUSDT,1657468800001,0.0001
LINKUSDT,1657497600000,4.937e-05
LINKUSDT,1657526400003,3.24e-06
LINKUSDT,1657555200001,0.0001
LINKUSDT,1657584000000,-1.589e-05
LINKUSDT,1657612800021,0.0001
LINKUSDT,1657641600000,6.634e-05
LINKUSDT,1657670400012,0.0001
LINKUSDT,1657699200022,-2.82e-06
LINKUSDT,1657728000005,1.008e-05
LINKUSDT,1657756800017,4.066e-05
LINKUSDT,1657785600001,0.0001
LINKUSDT,1657814400000,0.0001
LINKUSDT,1657843200004,0.0001
LINKUSDT,1657872000019,0.0001
LINKUSDT,1657900800017,0.0001
LINKUSDT,1657929600021,0.0001
LINKUSDT,1657958400014,0.0001
LINKUSDT,1657987200005,0.0001
LINKUSDT,1658016000000,0.0001
LINKUSDT,1658044800003,0.0001
LINKUSDT,1658073600007,0.0001
LINKUSDT,1658102400001,0.0001
LINKUSDT,1658131200004,0.0001
LINKUSDT,1658160000019,0.0001
LINKUSDT,1658188800000,0.0001
LINKUSDT,1658217600000,0.0001
LINKUSDT,1658246400001,0.0001
LINKUSDT,1658275200004,0.0001
LINKUSDT,1658304000000,0.0001
LINKUSDT,1658332800003,0.0001
LINKUSDT,1658361600000,0.0001
LINKUSDT,1658390400018,0.0001
LINKUSDT,1658419200011,0.0001
LINKUSDT,1658448000014,0.0001
LINKUSDT,1658476800000,0.0001
LINKUSDT,1658505600000,0.0001
LINKUSDT,1658534400004,0.0001
LINKUSDT,1658563200002,-2.097e-05
LINKUSDT,1658592000001,0.0001
LINKUSDT,1658620800000,6.631e-05
LINKUSDT,1658649600011,0.0001
LINKUSDT,1658678400000,0.0001
LINKUSDT,1658707200000,0.0001
LINKUSDT,1658736000014,6.888e-05
LINKUSDT,1658764800006,0.0001
LINKUSDT,1658793600010,8.151e-05
LINKUSDT,1658822400000,0.0001
LINKUSDT,1658851200000,6.356e-05
LINKUSDT,1658880000008,9.183e-05
LINKUSDT,1658908800000,3.92e-05
LINKUSDT,1658937600003,-2.502e-05
LINKUSDT,1658966400009,0.0001
LINKUSDT,1658995200008,0.0001
LINKUSDT,1659024000013,0.0001
LINKUSDT,1659052800000,0.0001
LINKUSDT,1659081600000,0.0001
LINKUSDT,1659110400000,0.0001
LINKUSDT,1659139200005,0.0001
LINKUSDT,1659168000009,0.0001
LINKUSDT,1659196800000,0.0001
LINKUSDT,1659225600022,0.0001
LINKUSDT,1659254400011,0.0001
LINKUSDT,1659283200019,0.0001
LINKUSDT,1659312000010,0.0001
LINKUSDT,1659340800019,0.0001
LINKUSDT,1659369600017,0.0001
LINKUSDT,1659398400000,0.0001
LINKUSDT,1659427200007,0.0001
LINKUSDT,1659456000014,0.0001
LINKUSDT,1659484800001,0.0001
LINKUSDT,1659513600020,0.0001
LINKUSDT,1659542400008,9.891e-05
LINKUSDT,1659571200001,0.0001
LINKUSDT,1659600000009,6.667e-05
LINKUSDT,1659628800015,0.0001
LINKUSDT,1659657600005,0.0001
LINKUSDT,1659686400000,0.0001
LINKUSDT,1659715200000,0.0001
LINKUSDT,1659744000021,0.0001
LINKUSDT,1659772800000,0.0001
LINKUSDT,1659801600015,0.0001
LINKUSDT,1659830400013,0.0001
LINKUSDT,1659859200000,0.0001
LINKUSDT,1659888000014,0.0001
LINKUSDT,1659916800009,0.0001
LINKUSDT,1659945600006,0.0001
LINKUSDT,1659974400000,0.0001
LINKUSDT,1660003200020,0.0001
LINKUSDT,1660032000000,0.0001
LINKUSDT,1660060800000,0.0001
LINKUSDT,1660089600000,0.0001
LINKUSDT,1660118400016,0.0001
LINKUSDT,1660147200018,0.0001
LINKUSDT,1660176000012,0.0001
LINKUSDT,1660204800000,4.787e-05
LINKUSDT,1660233600000,0.0001
LINKUSDT,1660262400006,0.0001
LINKUSDT,1660291200000,0.0001
LINKUSDT,1660320000005,0.0001
LINKUSDT,1660348800012,0.0001
LINKUSDT,1660377600006,5.58e-05
LINKUSDT,1660406400018,4.16e-05
LINKUSDT,1660435200000,0.0001
LINKUSDT,1660464000000,0.0001
LINKUSDT,1660492800000,-5.44e-05
LINKUSDT,1660521600010,-7.54e-06
LINKUSDT,1660550400002,-7.82e-06
LINKUSDT,1660579200010,7.074e-05
LINKUSDT,1660608000010,0.0001
LINKUSDT,1660636800002,0.0001
LINKUSDT,1660665600000,8.012e-05
LINKUSDT,1660694400020,0.0001
LINKUSDT,1660723200016,-0.00011202
LINKUSDT,1660752000001,0.0001
LINKUSDT,1660780800005,0.0001
LINKUSDT,1660809600012,0.0001
LINKUSDT,1660838400013,0.0001
LINKUSDT,1660867200000,0.0001
LINKUSDT,1660896000000,8.5e-06
LINKUSDT,1660924800009,-0.00011715
LINKUSDT,1660953600000,-0.00010419
LINKUSDT,1660982400005,-5.73e-05
LINKUSDT,1661011200000,-1.3e-06
LINKUSDT,1661040000010,-0.00016005
LINKUSDT,1661068800013,-0.00021975
LINKUSDT,1661097600000,-0.00011022
LINKUSDT,1661126400011,-0.00013084
LINKUSDT,1661155200005,-0.00012716
LINKUSDT,1661184000005,0.0001
LINKUSDT,1661212800000,2.493e-05
LINKUSDT,1661241600021,4.78e-06
LINKUSDT,1661270400005,4.542e-05
LINKUSDT,1661299200017,-9.4e-05
LINKUSDT,1661328000021,2.672e-05
LINKUSDT,1661356800000,0.0001
LINKUSDT,1661385600003,-9.9e-07
LINKUSDT,1661414400000,5.934e-05
LINKUSDT,1661443200004,6.283e-05
LINKUSDT,1661472000001,3.361e-05
LINKUSDT,1661500800004,0.0001
LINKUSDT,1661529600000,-3.84e-06
LINKUSDT,1661558400010,-0.00015941
LINKUSDT,1661587200007,-0.00019575
LINKUSDT,1661616000008,-6.02e-05
LINKUSDT,1661644800019,-6.267e-05
LINKUSDT,1661673600000,-6.226e-05
LINKUSDT,1661702400000,-7.852e-05
LINKUSDT,1661731200000,-0.00028254
LINKUSDT,1661760000000,-8.006e-05
LINKUSDT,1661788800001,-2.173e-05
LINKUSDT,1661817600001,-0.00021008
LINKUSDT,1661846400005,-6.628e-05
LINKUSDT,1661875200010,3.498e-05
LINKUSDT,1661904000000,-1.934e-05
LINKUSDT,1661932800005,-1.065e-05
LINKUSDT,1661961600013,3.725e-05
LINKUSDT,1661990400012,-5.019e-05
LINKUSDT,1662019200000,-2.154e-05
LINKUSDT,1662048000013,-2.178e-05
LINKUSDT,1662076800002,4.318e-05
LINKUSDT,1662105600013,5.9e-06
LINKUSDT,1662134400000,6.68e-05
LINKUSDT,1662163200000,8.441e-05
LINKUSDT,1662192000002,7.914e-05
LINKUSDT,1662220800007,9.533e-05
LINKUSDT,1662249600008,7.86e-06
LINKUSDT,1662278400009,0.0001
LINKUSDT,1662307200000,0.0001
LINKUSDT,1662336000015,0.0001
LINKUSDT,1662364800013,4.57e-05
LINKUSDT,1662393600007,8.545e-05
LINKUSDT,1662422400018,9.592e-05
LINKUSDT,1662451200020,0.0001
LINKUSDT,1662480000028,4.408e-05
LINKUSDT,1662508800013,-5.213e-05
LINKUSDT,1662537600022,-5.86e-06
LINKUSDT,1662566400021,-0.00011823
LINKUSDT,1662595200010,-3.139e-05
LINKUSDT,1662624000000,4.293e-05
LINKUSDT,1662652800003,0.0001
LINKUSDT,1662681600011,0.0001
LINKUSDT,1662710400000,0.0001
LINKUSDT,1662739200000,0.0001
LINKUSDT,1662768000003,0.0001
LINKUSDT,1662796800000,4.949e-05
LINKUSDT,1662825600012,7.475e-05
LINKUSDT,1662854400009,2.901e-05
LINKUSDT,1662883200012,3.11e-05
LINKUSDT,1662912000005,0.0001
LINKUSDT,1662940800007,2.11e-05
LINKUSDT,1662969600013,3.235e-05
LINKUSDT,1662998400000,9.577e-05
LINKUSDT,1663027200004,1.396e-05
LINKUSDT,1663056000000,-2.087e-05
LINKUSDT,1663084800000,6.085e-05
LINKUSDT,1663113600000,-0.00016282
LINKUSDT,1663142400000,-0.00011634
LINKUSDT,1663171200000,3.265e-05
LINKUSDT,1663200000019,8.44e-06
LINKUSDT,1663228800012,-3.501e-05
LINKUSDT,1663257600007,-4.271e-05
LINKUSDT,1663286400000,5.4e-05
LINKUSDT,1663315200000,0.0001
LINKUSDT,1663344000000,0.0001
LINKUSDT,1663372800000,0.0001
LINKUSDT,1663401600012,0.0001
LINKUSDT,1663430400017,0.0001
LINKUSDT,1663459200000,5.658e-05
LINKUSDT,1663488000004,0.0001
LINKUSDT,1663516800000,0.0001
LINKUSDT,1663545600018,0.0001
LINKUSDT,1663574400006,0.0001
LINKUSDT,1663603200010,3.294e-05
LINKUSDT,1663632000007,-7.301e-05
LINKUSDT,1663660800001,1.32e-05
LINKUSDT,1663689600000,9.479e-05
LINKUSDT,1663718400001,2.48e-05
LINKUSDT,1663747200005,5.924e-05
LINKUSDT,1663776000000,-2.328e-05
LINKUSDT,1663804800000,-5.033e-05
LINKUSDT,1663833600000,-6.46e-05
LINKUSDT,1663862400011,-5.25e-06
LINKUSDT,1663891200023,6.87e-05
LINKUSDT,1663920000004,6.628e-05
LINKUSDT,1663948800005,9.546e-05
LINKUSDT,1663977600000,0.0001
LINKUSDT,1664006400005,0.0001
LINKUSDT,1664035200000,0.0001
LINKUSDT,1664064000010,0.0001
LINKUSDT,1664092800000,0.0001
LINKUSDT,1664121600003,0.0001
LINKUSDT,1664150400001,0.0001
LINKUSDT,1664179200006,0.0001
LINKUSDT,1664208000000,0.0001
LINKUSDT,1664236800026,6.75e-05
LINKUSDT,1664265600004,0.0001
LINKUSDT,1664294400006,0.0001
LINKUSDT,1664323200011,3.636e-05
LINKUSDT,1664352000000,8.115e-05
LINKUSDT,1664380800000,6.849e-05
LINKUSDT,1664409600010,3.004e-05
LINKUSDT,1664438400000,9.49e-06
LINKUSDT,1664467200000,8.64e-06
LINKUSDT,1664496000006,5.997e-05
LINKUSDT,1664524800002,0.0001
LINKUSDT,1664553600007,6.621e-05
LINKUSDT,1664582400008,0.0001
LINKUSDT,1664611200011,0.0001
LINKUSDT,1664640000000,0.0001
LINKUSDT,1664668800000,0.0001
LINKUSDT,1664697600000,0.0001
LINKUSDT,1664726400006,8.432e-05
LINKUSDT,1664755200000,8.784e-05
LINKUSDT,1664784000014,1.692e-05
LINKUSDT,1664812800010,-0.00010317
LINKUSDT,1664841600006,2.11e-06
LINKUSDT,1664870400004,-7.338e-05
LINKUSDT,1664899200013,7.98e-06
LINKUSDT,1664928000000,0.0001
LINKUSDT,1664956800000,-3.245e-05
LINKUSDT,1664985600012,9.18e-05
LINKUSDT,1665014400008,-3.976e-05
LINKUSDT,1665043200002,5.395e-05
LINKUSDT,1665072000006,3.094e-05
LINKUSDT,1665100800000,3.409e-05
LINKUSDT,1665129600000,6.034e-05
LINKUSDT,1665158400007,3.67e-05
LINKUSDT,1665187200010,0.0001
LINKUSDT,1665216000004,0.0001
LINKUSDT,1665244800018,0.0001
LINKUSDT,1665273600000,5.649e-05
LINKUSDT,1665302400007,5.077e-05
LINKUSDT,1665331200011,-4.391e-05
LINKUSDT,1665360000018,0.0001
LINKUSDT,1665388800000,0.0001
LINKUSDT,1665417600026,9.036e-05
LINKUSDT,1665446400020,0.0001
LINKUSDT,1665475200027,0.0001
LINKUSDT,1665504000000,-2.813e-05
LINKUSDT,1665532800014,-3.48e-06
LINKUSDT,1665561600000,6.307e-05
LINKUSDT,1665590400000,0.0001
LINKUSDT,1665619200013,8.345e-05
LINKUSDT,1665648000016,-4.702e-05
LINKUSDT,1665676800009,-0.00010558
LINKUSDT,1665705600020,-7.495e-05
LINKUSDT,1665734400000,3.24e-05
LINKUSDT,1665763200009,2.847e-05
LINKUSDT,1665792000001,9.364e-05
LINKUSDT,1665820800005,2.513e-05
LINKUSDT,1665849600004,-3.992e-05
LINKUSDT,1665878400012,1.509e-05
LINKUSDT,1665907200000,1.255e-05
LINKUSDT,1665936000010,9.607e-05
LINKUSDT,1665964800012,8.33e-06
LINKUSDT,1665993600010,4.031e-05
LINKUSDT,1666022400017,2.183e-05
LINKUSDT,1666051200010,5.924e-05
LINKUSDT,1666080000008,5.71e-05
LINKUSDT,1666108800000,0.0001
LINKUSDT,1666137600007,7.528e-05
LINKUSDT,1666166400022,9.893e-05
LINKUSDT,1666195200016,0.0001
LINKUSDT,1666224000000,9.355e-05
LINKUSDT,1666252800013,2.673e-05
LINKUSDT,1666281600000,-8.72e-06
LINKUSDT,1666310400005,0.0001
LINKUSDT,1666339200018,5.578e-05
LINKUSDT,1666368000000,2.08e-05
LINKUSDT,1666396800000,-4.484e-05
LINKUSDT,1666425600015,-2.02e-06
LINKUSDT,1666454400000,-8.015e-05
LINKUSDT,1666483200025,-2.31e-06
LINKUSDT,1666512000000,-8.1e-06
LINKUSDT,1666540800004,0.0001
LINKUSDT,1666569600009,2.013e-05
LINKUSDT,1666598400012,0.0001
LINKUSDT,1666627200002,0.0001
LINKUSDT,1666656000013,8.889e-05
LINKUSDT,1666684800013,8.346e-05
LINKUSDT,1666713600000,3.758e-05
LINKUSDT,1666742400006,0.0001
LINKUSDT,1666771200013,8.594e-05
LINKUSDT,1666800000000,9.667e-05
LINKUSDT,1666828800009,8.353e-05
LINKUSDT,1666857600006,0.0001
LINKUSDT,1666886400009,0.0001
LINKUSDT,1666915200000,0.0001
LINKUSDT,1666944000000,-2.504e-05
LINKUSDT,1666972800007,-4.124e-05
LINKUSDT,1667001600000,0.0001
LINKUSDT,1667030400003,0.0001
LINKUSDT,1667059200010,0.0001
LINKUSDT,1667088000000,0.0001
LINKUSDT,1667116800013,0.0001
LINKUSDT,1667145600009,0.0001
LINKUSDT,1667174400012,0.0001
LINKUSDT,1667203200000,0.0001
LINKUSDT,1667232000010,0.0001
LINKUSDT,1667260800000,0.0001
LINKUSDT,1667289600000,0.0001
LINKUSDT,1667318400000,9.74e-05
LINKUSDT,1667347200000,0.0001
LINKUSDT,1667376000000,9.297e-05
LINKUSDT,1667404800019,0.0001
LINKUSDT,1667433600011,2.442e-05
LINKUSDT,1667462400016,0.0001
LINKUSDT,1667491200005,0.0001
LINKUSDT,1667520000000,0.0001
LINKUSDT,1667548800004,0.0001
LINKUSDT,1667577600020,4.821e-05
LINKUSDT,1667606400009,0.0001
LINKUSDT,1667635200007,0.0001
LINKUSDT,1667664000018,0.0001
LINKUSDT,1667692800009,0.0001
LINKUSDT,1667721600000,0.0001
LINKUSDT,1667750400010,0.0001
LINKUSDT,1667779200012,0.0001
LINKUSDT,1667808000014,0.0001
LINKUSDT,1667836800006,5.167e-05
LINKUSDT,1667865600000,0.0001
LINKUSDT,1667894400001,3.46e-05
LINKUSDT,1667923200005,0.0001
LINKUSDT,1667952000000,-0.00019809
LINKUSDT,1667980800013,6.955e-05
LINKUSDT,1668009600004,-0.00035979
LINKUSDT,1668038400006,-0.00023755
LINKUSDT,1668067200000,1.44e-05
LINKUSDT,1668096000015,3.316e-05
LINKUSDT,1668124800000,0.0001
LINKUSDT,1668153600015,0.0001
LINKUSDT,1668182400027,0.0001
LINKUSDT,1668211200007,0.0001
LINKUSDT,1668240000016,0.0001
LINKUSDT,1668268800000,0.0001
LINKUSDT,1668297600004,2.799e-05
LINKUSDT,1668326400000,0.0001
LINKUSDT,1668355200017,0.0001
LINKUSDT,1668384000000,0.0001
LINKUSDT,1668412800000,-3.77e-06
LINKUSDT,1668441600000,0.0001
LINKUSDT,1668470400014,0.0001
LINKUSDT,1668499200009,0.0001
LINKUSDT,1668528000010,8.633e-05
LINKUSDT,1668556800011,0.0001
LINKUSDT,1668585600004,7.46e-05
LINKUSDT,1668614400008,4.846e-05
LINKUSDT,1668643200000,6.266e-05
LINKUSDT,1668672000000,4.869e-05
LINKUSDT,1668700800006,7.459e-05
LINKUSDT,1668729600004,9.308e-05
LINKUSDT,1668758400016,0.0001
LINKUSDT,1668787200000,4.193e-05
LINKUSDT,1668816000000,1.905e-05
LINKUSDT,1668844800004,4.269e-05
LINKUSDT,1668873600024,7.73e-06
LINKUSDT,1668902400015,0.0001
LINKUSDT,1668931200004,3.618e-05
LINKUSDT,1668960000000,-6.96e-06
LINKUSDT,1668988800006,-0.00012073
LINKUSDT,1669017600015,4.864e-05
LINKUSDT,1669046400000,0.0001
LINKUSDT,1669075200000,0.0001
LINKUSDT,1669104000000,0.0001
LINKUSDT,1669132800000,0.0001
LINKUSDT,1669161600000,0.0001
LINKUSDT,1669190400011,6.985e-05
LINKUSDT,1669219200014,0.0001
LINKUSDT,1669248000007,0.0001
LINKUSDT,1669276800014,2.561e-05
LINKUSDT,1669305600013,0.0001
LINKUSDT,1669334400004,0.0001
LINKUSDT,1669363200015,0.0001
LINKUSDT,1669392000000,7.077e-05
LINKUSDT,1669420800011,0.0001
LINKUSDT,1669449600000,4.74e-06
LINKUSDT,1669478400000,8.937e-05
LINKUSDT,1669507200012,7.993e-05
LINKUSDT,1669536000000,0.0001
LINKUSDT,1669564800003,5.567e-05
LINKUSDT,1669593600015,1.782e-05
LINKUSDT,1669622400004,-1.241e-05
LINKUSDT,1669651200011,8.373e-05
LINKUSDT,1669680000000,0.0001
LINKUSDT,1669708800015,8.191e-05
LINKUSDT,1669737600000,0.0001
LINKUSDT,1669766400007,5.71e-06
LINKUSDT,1669795200000,1.64e-06
LINKUSDT,1669824000015,7.388e-05
LINKUSDT,1669852800001,-1.216e-05
LINKUSDT,1669881600006,2.477e-05
LINKUSDT,1669910400000,9.597e-05
LINKUSDT,1669939200001,0.0001
LINKUSDT,1669968000016,4.986e-05
LINKUSDT,1669996800017,5.004e-05
LINKUSDT,1670025600006,3.454e-05
LINKUSDT,1670054400000,4.937e-05
LINKUSDT,1670083200011,0.0001
LINKUSDT,1670112000006,8.324e-05
LINKUSDT,1670140800000,-5.624e-05
LINKUSDT,1670169600006,6.551e-05
LINKUSDT,1670198400002,-7.886e-05
LINKUSDT,1670227200011,-7.9e-06
LINKUSDT,1670256000008,0.0001
LINKUSDT,1670284800014,8.491e-05
LINKUSDT,1670313600027,0.0001
LINKUSDT,1670342400009,4.139e-05
LINKUSDT,1670371200000,-7.182e-05
LINKUSDT,1670400000000,-5.502e-05
LINKUSDT,1670428800000,-8.627e-05
LINKUSDT,1670457600006,-0.00010789
LINKUSDT,1670486400000,2.97e-05
LINKUSDT,1670515200014,7.424e-05
LINKUSDT,1670544000017,-8.7e-06
LINKUSDT,1670572800005,-0.00014823
LINKUSDT,1670601600000,2.289e-05
LINKUSDT,1670630400009,2.154e-05
LINKUSDT,1670659200010,0.0001
LINKUSDT,1670688000001,2.179e-05
LINKUSDT,1670716800011,9.457e-05
LINKUSDT,1670745600007,3.653e-05
LINKUSDT,1670774400011,8.065e-05
LINKUSDT,1670803200000,-4.574e-05
LINKUSDT,1670832000004,-4.722e-05
LINKUSDT,1670860800000,-9.02e-06
LINKUSDT,1670889600000,-1.961e-05
LINKUSDT,1670918400018,9.369e-05
LINKUSDT,1670947200011,0.0001
LINKUSDT,1670976000010,0.0001
LINKUSDT,1671004800015,0.0001
LINKUSDT,1671033600004,0.0001
LINKUSDT,1671062400000,0.0001
LINKUSDT,1671091200023,0.0001
LINKUSDT,1671120000010,0.0001
LINKUSDT,1671148800016,6.641e-05
LINKUSDT,1671177600011,0.0001
LINKUSDT,1671206400001,0.0001
LINKUSDT,1671235200001,8.516e-05
LINKUSDT,1671264000011,2.757e-05
LINKUSDT,1671292800011,0.0001
LINKUSDT,1671321600008,3.887e-05
LINKUSDT,1671350400001,1.612e-05
LINKUSDT,1671379200012,0.0001
LINKUSDT,1671408000000,0.0001
LINKUSDT,1671436800000,4.379e-05
LINKUSDT,1671465600000,0.0001
LINKUSDT,1671494400005,0.0001
LINKUSDT,1671523200016,5.357e-05
LINKUSDT,1671552000000,7.644e-05
LINKUSDT,1671580800007,0.0001
LINKUSDT,1671609600012,8.867e-05
LINKUSDT,1671638400017,7.54e-05
LINKUSDT,1671667200004,0.0001
LINKUSDT,1671696000000,0.0001
LINKUSDT,1671724800001,0.0001
LINKUSDT,1671753600018,0.0001
LINKUSDT,1671782400000,5.169e-05
LINKUSDT,1671811200000,0.0001
LINKUSDT,1671840000001,0.0001
LINKUSDT,1671868800007,3.678e-05
LINKUSDT,1671897600008,-5.112e-05
LINKUSDT,1671926400000,6.602e-05
LINKUSDT,1671955200013,-1.298e-05
LINKUSDT,1671984000000,9.801e-05
LINKUSDT,1672012800001,0.0001
LINKUSDT,1672041600000,8.489e-05
LINKUSDT,1672070400005,5.063e-05
LINKUSDT,1672099200005,-1.419e-05
LINKUSDT,1672128000010,0.0001
LINKUSDT,1672156800006,0.0001
LINKUSDT,1672185600010,6.809e-05
LINKUSDT,1672214400010,7.389e-05
LINKUSDT,1672243200010,3.348e-05
LINKUSDT,1672272000011,0.0001
LINKUSDT,1672300800000,0.0001
LINKUSDT,1672329600008,8.538e-05
LINKUSDT,1672358400000,-3.503e-05
LINKUSDT,1672387200000,-4.69e-06
LINKUSDT,1672416000000,0.0001
MATICUSDT,1651363200000,-0.00037555
MATICUSDT,1651392000000,-0.00080727
MATICUSDT,1651420800010,-0.00057091
MATICUSDT,1651449600018,-0.00032743
MATICUSDT,1651478400007,-0.00016931
MATICUSDT,1651507200000,-0.00013792
MATICUSDT,1651536000006,-0.00012041
MATICUSDT,1651564800000,-0.00013853
MATICUSDT,1651593600021,-0.00012103
MATICUSDT,1651622400007,-0.00014274
MATICUSDT,1651651200011,-0.00014983
MATICUSDT,1651680000000,-5.735e-05
MATICUSDT,1651708800005,-0.0001503
MATICUSDT,1651737600019,-3.23e-06
MATICUSDT,1651766400005,-0.00014873
MATICUSDT,1651795200005,-0.00030869
MATICUSDT,1651824000001,-0.00041652
MATICUSDT,1651852800010,-8.987e-05
MATICUSDT,1651881600004,-0.00016859
MATICUSDT,1651910400016,-0.00026428
MATICUSDT,1651939200011,-7.482e-05
MATICUSDT,1651968000000,-0.00014042
MATICUSDT,1651996800007,-7.59e-06
MATICUSDT,1652025600015,3.544e-05
MATICUSDT,1652054400000,-3.154e-05
MATICUSDT,1652083200001,0.0001
MATICUSDT,1652112000000,9.502e-05
MATICUSDT,1652140800000,-0.00040361
MATICUSDT,1652169600007,-0.00018974
MATICUSDT,1652198400008,-0.00043147
MATICUSDT,1652227200004,-0.00030674
MATICUSDT,1652256000007,-2.289e-05
MATICUSDT,1652284800008,-4.941e-05
MATICUSDT,1652313600014,-0.00068183
MATICUSDT,1652342400000,-0.00057389
MATICUSDT,1652371200007,-0.00026112
MATICUSDT,1652400000014,9.65e-06
MATICUSDT,1652428800001,-0.00029251
MATICUSDT,1652457600000,-0.00010693
MATICUSDT,1652486400000,-3.851e-05
MATICUSDT,1652515200000,-0.00014027
MATICUSDT,1652544000001,-1.637e-05
MATICUSDT,1652572800000,-0.00014318
MATICUSDT,1652601600000,-0.00010006
MATICUSDT,1652630400000,-2.526e-05
MATICUSDT,1652659200021,-1.196e-05
MATICUSDT,1652688000013,-0.00012033
MATICUSDT,1652716800006,-0.00010737
MATICUSDT,1652745600000,2.299e-05
MATICUSDT,1652774400010,-5.947e-05
MATICUSDT,1652803200023,-2.853e-05
MATICUSDT,1652832000003,1.471e-05
MATICUSDT,1652860800024,0.0001
MATICUSDT,1652889600014,1.379e-05
MATICUSDT,1652918400000,-0.00020464
MATICUSDT,1652947200008,-0.00018043
MATICUSDT,1652976000015,-5.75e-06
MATICUSDT,1653004800001,-0.00010444
MATICUSDT,1653033600003,2.023e-05
MATICUSDT,1653062400012,-7.189e-05
MATICUSDT,1653091200008,-0.00010559
MATICUSDT,1653120000001,-3.494e-05
MATICUSDT,1653148800007,5.762e-05
MATICUSDT,1653177600003,6.263e-05
MATICUSDT,1653206400016,0.0001
MATICUSDT,1653235200000,0.0001
MATICUSDT,1653264000011,4.599e-05
MATICUSDT,1653292800000,6.026e-05
MATICUSDT,1653321600023,4.323e-05
MATICUSDT,1653350400011,-0.00012619
MATICUSDT,1653379200000,-0.0001391
MATICUSDT,1653408000009,-0.00017146
MATICUSDT,1653436800001,-8.978e-05
MATICUSDT,1653465600000,2.985e-05
MATICUSDT,1653494400015,-9.487e-05
MATICUSDT,1653523200005,-0.00019248
MATICUSDT,1653552000001,-0.00024761
MATICUSDT,1653580800000,-0.00039398
MATICUSDT,1653609600007,-0.00015772
MATICUSDT,1653638400008,-0.00014968
MATICUSDT,1653667200000,-0.00013131
MATICUSDT,1653696000018,-8.026e-05
MATICUSDT,1653724800016,-0.00019106
MATICUSDT,1653753600013,-0.00011457
MATICUSDT,1653782400000,-7.908e-05
MATICUSDT,1653811200025,-0.00014063
MATICUSDT,1653840000002,-0.00013438
MATICUSDT,1653868800000,-8.35e-06
MATICUSDT,1653897600013,0.0001
MATICUSDT,1653926400005,0.0001
MATICUSDT,1653955200016,7.728e-05
MATICUSDT,1653984000000,0.0001
MATICUSDT,1654012800000,0.0001
MATICUSDT,1654041600000,0.0001
MATICUSDT,1654070400011,-2.222e-05
MATICUSDT,1654099200000,-3.966e-05
MATICUSDT,1654128000000,-0.0003187
MATICUSDT,1654156800006,-0.0001028
MATICUSDT,1654185600021,-0.00019094
MATICUSDT,1654214400016,-0.00017686
MATICUSDT,1654243200016,-0.00012485
MATICUSDT,1654272000012,-0.00010918
MATICUSDT,1654300800005,-0.00026062
MATICUSDT,1654329600000,-7.299e-05
MATICUSDT,1654358400007,-0.00021214
MATICUSDT,1654387200005,-3.124e-05
MATICUSDT,1654416000015,-0.00013955
MATICUSDT,1654444800000,-0.00021303
MATICUSDT,1654473600000,-0.00014351
MATICUSDT,1654502400017,6.799e-05
MATICUSDT,1654531200000,0.0001
MATICUSDT,1654560000000,5.704e-05
MATICUSDT,1654588800011,-0.00019313
MATICUSDT,1654617600000,-0.00024551
MATICUSDT,1654646400008,5.205e-05
MATICUSDT,1654675200020,-8.47e-06
MATICUSDT,1654704000012,2.002e-05
MATICUSDT,1654732800000,-7.052e-05
MATICUSDT,1654761600000,7.93e-06
MATICUSDT,1654790400000,1.185e-05
MATICUSDT,1654819200009,5.238e-05
MATICUSDT,1654848000000,-3.617e-05
MATICUSDT,1654876800006,-0.00013737
MATICUSDT,1654905600018,-0.00019417
MATICUSDT,1654934400014,-0.00014764
MATICUSDT,1654963200000,-0.00032322
MATICUSDT,1654992000015,-0.00056993
MATICUSDT,1655020800019,-0.00047799
MATICUSDT,1655049600010,-0.00034538
MATICUSDT,1655078400009,-0.00042276
MATICUSDT,1655107200000,-0.0002805
MATICUSDT,1655136000007,-0.00025363
MATICUSDT,1655164800013,-0.00024169
MATICUSDT,1655193600008,-2.603e-05
MATICUSDT,1655222400006,-7.813e-05
MATICUSDT,1655251200000,-0.00030361
MATICUSDT,1655280000016,-0.00040244
MATICUSDT,1655308800008,-0.00017034
MATICUSDT,1655337600009,4.03e-06
MATICUSDT,1655366400016,0.0001
MATICUSDT,1655395200000,-0.00023369
MATICUSDT,1655424000008,-0.00071826
MATICUSDT,1655452800003,-0.00022417
MATICUSDT,1655481600000,-0.00013866
MATICUSDT,1655510400020,-3.075e-05
MATICUSDT,1655539200025,-0.00039031
MATICUSDT,1655568000014,-0.00028089
MATICUSDT,1655596800012,-0.00034837
MATICUSDT,1655625600012,-0.00032669
MATICUSDT,1655654400008,-0.00027965
MATICUSDT,1655683200016,-8.82e-05
MATICUSDT,1655712000000,2.515e-05
MATICUSDT,1655740800013,-0.00011185
MATICUSDT,1655769600012,-5.08e-06
MATICUSDT,1655798400018,-0.00012538
MATICUSDT,1655827200010,0.0001
MATICUSDT,1655856000000,0.0001
MATICUSDT,1655884800001,0.0001
MATICUSDT,1655913600012,-1.863e-05
MATICUSDT,1655942400000,0.0001
MATICUSDT,1655971200000,-0.00032681
MATICUSDT,1656000000016,-0.00071592
MATICUSDT,1656028800005,-0.00098491
MATICUSDT,1656057600004,-0.00049759
MATICUSDT,1656086400018,-0.00031
MATICUSDT,1656115200001,-0.0004565
MATICUSDT,1656144000010,-0.00024079
MATICUSDT,1656172800000,-0.00042386
MATICUSDT,1656201600002,-0.00024748
MATICUSDT,1656230400016,-0.00029233
MATICUSDT,1656259200006,-0.00034615
MATICUSDT,1656288000008,-0.00020397
MATICUSDT,1656316800000,-0.00044519
MATICUSDT,1656345600016,-0.00013717
MATICUSDT,1656374400016,-0.00032135
MATICUSDT,1656403200001,-0.00032832
MATICUSDT,1656432000005,-0.00014554
MATICUSDT,1656460800000,0.0001
MATICUSDT,1656489600013,0.0001
MATICUSDT,1656518400000,0.0001
MATICUSDT,1656547200000,0.0001
MATICUSDT,1656576000000,0.0001
MATICUSDT,1656604800000,9.879e-05
MATICUSDT,1656633600001,0.0001
MATICUSDT,1656662400017,7.04e-05
MATICUSDT,1656691200005,0.0001
MATICUSDT,1656720000000,0.0001
MATICUSDT,1656748800000,5.402e-05
MATICUSDT,1656777600008,9.662e-05
MATICUSDT,1656806400015,0.0001
MATICUSDT,1656835200004,0.0001
MATICUSDT,1656864000005,0.0001
MATICUSDT,1656892800021,4.116e-05
MATICUSDT,1656921600001,-5.81e-06
MATICUSDT,1656950400000,0.0001
MATICUSDT,1656979200000,0.0001
MATICUSDT,1657008000000,0.0001
MATICUSDT,1657036800015,0.0001
MATICUSDT,1657065600006,0.0001
MATICUSDT,1657094400000,6.626e-05
MATICUSDT,1657123200000,0.0001
MATICUSDT,1657152000010,0.0001
MATICUSDT,1657180800010,0.0001
MATICUSDT,1657209600011,9.632e-05
MATICUSDT,1657238400008,0.0001
MATICUSDT,1657267200009,0.0001
MATICUSDT,1657296000000,0.0001
MATICUSDT,1657324800000,-3.098e-05
MATICUSDT,1657353600000,5.301e-05
MATICUSDT,1657382400009,3.568e-05
MATICUSDT,1657411200001,4.721e-05
MATICUSDT,1657440000002,0.0001
MATICUSDT,1657468800001,0.0001
MATICUSDT,1657497600000,0.0001
MATICUSDT,1657526400003,3.932e-05
MATICUSDT,1657555200001,7.7e-07
MATICUSDT,1657584000000,0.0001
MATICUSDT,1657612800021,4.553e-05
MATICUSDT,1657641600000,3.186e-05
MATICUSDT,1657670400012,2.824e-05
MATICUSDT,1657699200022,-0.00018163
MATICUSDT,1657728000005,-0.00010479
MATICUSDT,1657756800017,-5.22e-06
MATICUSDT,1657785600001,-8.45e-06
MATICUSDT,1657814400000,-7.988e-05
MATICUSDT,1657843200004,-6.438e-05
MATICUSDT,1657872000019,1.762e-05
MATICUSDT,1657900800017,-0.00021489
MATICUSDT,1657929600021,-0.00010459
MATICUSDT,1657958400014,-1.451e-05
MATICUSDT,1657987200005,-1.936e-05
MATICUSDT,1658016000000,-8.924e-05
MATICUSDT,1658044800003,-0.0002105
MATICUSDT,1658073600007,-0.00031537
MATICUSDT,1658102400001,-0.0001708
MATICUSDT,1658131200004,1.651e-05
MATICUSDT,1658160000019,-3.867e-05
MATICUSDT,1658188800000,0.0001
MATICUSDT,1658217600000,0.0001
MATICUSDT,1658246400001,0.0001
MATICUSDT,1658275200004,-1.12e-06
MATICUSDT,1658304000000,9.58e-05
MATICUSDT,1658332800003,-0.00021102
MATICUSDT,1658361600000,-1.2e-05
MATICUSDT,1658390400018,-6.726e-05
MATICUSDT,1658419200011,-8.182e-05
MATICUSDT,1658448000014,-9.838e-05
MATICUSDT,1658476800000,-0.00018029
MATICUSDT,1658505600000,-0.00028974
MATICUSDT,1658534400004,-0.00030214
MATICUSDT,1658563200002,-0.00015336
MATICUSDT,1658592000001,-5.178e-05
MATICUSDT,1658620800000,-0.00011486
MATICUSDT,1658649600011,-2.53e-05
MATICUSDT,1658678400000,-0.00012378
MATICUSDT,1658707200000,3.948e-05
MATICUSDT,1658736000014,-2.543e-05
MATICUSDT,1658764800006,-6.427e-05
MATICUSDT,1658793600010,-1.476e-05
MATICUSDT,1658822400000,1.712e-05
MATICUSDT,1658851200000,6.978e-05
MATICUSDT,1658880000008,-0.00024529
MATICUSDT,1658908800000,-0.00051802
MATICUSDT,1658937600003,-0.00024661
MATICUSDT,1658966400009,4.846e-05
MATICUSDT,1658995200008,0.0001
MATICUSDT,1659024000013,0.0001
MATICUSDT,1659052800000,0.0001
MATICUSDT,1659081600000,0.0001
MATICUSDT,1659110400000,0.0001
MATICUSDT,1659139200005,0.0001
MATICUSDT,1659168000009,0.0001
MATICUSDT,1659196800000,0.0001
MATICUSDT,1659225600022,0.0001
MATICUSDT,1659254400011,0.0001
MATICUSDT,1659283200019,0.0001
MATICUSDT,1659312000010,0.0001
MATICUSDT,1659340800019,0.0001
MATICUSDT,1659369600017,8.271e-05
MATICUSDT,1659398400000,0.0001
MATICUSDT,1659427200007,7.094e-05
MATICUSDT,1659456000014,5.343e-05
MATICUSDT,1659484800001,-0.00018432
MATICUSDT,1659513600020,-2.209e-05
MATICUSDT,1659542400008,-6.622e-05
MATICUSDT,1659571200001,-1.814e-05
MATICUSDT,1659600000009,-0.00012812
MATICUSDT,1659628800015,-6.069e-05
MATICUSDT,1659657600005,6.327e-05
MATICUSDT,1659686400000,0.0001
MATICUSDT,1659715200000,9.795e-05
MATICUSDT,1659744000021,4.486e-05
MATICUSDT,1659772800000,0.0001
MATICUSDT,1659801600015,0.0001
MATICUSDT,1659830400013,0.0001
MATICUSDT,1659859200000,9.012e-05
MATICUSDT,1659888000014,2.792e-05
MATICUSDT,1659916800009,7.81e-06
MATICUSDT,1659945600006,0.0001
MATICUSDT,1659974400000,0.0001
MATICUSDT,1660003200020,9.387e-05
MATICUSDT,1660032000000,8.499e-05
MATICUSDT,1660060800000,-0.0001177
MATICUSDT,1660089600000,-0.00014742
MATICUSDT,1660118400016,-6.564e-05
MATICUSDT,1660147200018,-5.64e-06
MATICUSDT,1660176000012,0.0001
MATICUSDT,1660204800000,0.0001
MATICUSDT,1660233600000,0.0001
MATICUSDT,1660262400006,0.0001
MATICUSDT,1660291200000,0.0001
MATICUSDT,1660320000005,0.0001
MATICUSDT,1660348800012,0.0001
MATICUSDT,1660377600006,0.0001
MATICUSDT,1660406400018,0.0001
MATICUSDT,1660435200000,0.0001
MATICUSDT,1660464000000,0.0001
MATICUSDT,1660492800000,0.0001
MATICUSDT,1660521600010,0.0001
MATICUSDT,1660550400002,0.0001
MATICUSDT,1660579200010,8.044e-05
MATICUSDT,1660608000010,-3.772e-05
MATICUSDT,1660636800002,7.088e-05
MATICUSDT,1660665600000,-1.1e-07
MATICUSDT,1660694400020,-0.0001227
MATICUSDT,1660723200016,-8.262e-05
MATICUSDT,1660752000001,-3.901e-05
MATICUSDT,1660780800005,-8.594e-05
MATICUSDT,1660809600012,-0.00013389
MATICUSDT,1660838400013,-0.00013723
MATICUSDT,1660867200000,-0.0001678
MATICUSDT,1660896000000,-0.00046558
MATICUSDT,1660924800009,-0.0004995
MATICUSDT,1660953600000,-0.00031563
MATICUSDT,1660982400005,-0.00035041
MATICUSDT,1661011200000,-0.00021613
MATICUSDT,1661040000010,-0.00025
MATICUSDT,1661068800013,-0.0002816
MATICUSDT,1661097600000,-0.00040007
MATICUSDT,1661126400011,-0.00044417
MATICUSDT,1661155200005,-0.00021827
MATICUSDT,1661184000005,-0.00012119
MATICUSDT,1661212800000,-5.041e-05
MATICUSDT,1661241600021,-1.54e-06
MATICUSDT,1661270400005,1.998e-05
MATICUSDT,1661299200017,4.834e-05
MATICUSDT,1661328000021,-0.00020265
MATICUSDT,1661356800000,-4.374e-05
MATICUSDT,1661385600003,-0.00010865
MATICUSDT,1661414400000,-6.594e-05
MATICUSDT,1661443200004,-0.00021632
MATICUSDT,1661472000001,-0.00027744
MATICUSDT,1661500800004,-0.00032934
MATICUSDT,1661529600000,-0.00018321
MATICUSDT,1661558400010,-0.00038498
MATICUSDT,1661587200007,-0.00036489
MATICUSDT,1661616000008,-0.00033641
MATICUSDT,1661644800019,-0.00030222
MATICUSDT,1661673600000,-0.00021057
MATICUSDT,1661702400000,-0.0002384
MATICUSDT,1661731200000,-8.029e-05
MATICUSDT,1661760000000,-0.00047926
MATICUSDT,1661788800001,-0.0001864
MATICUSDT,1661817600001,-3.093e-05
MATICUSDT,1661846400005,1.681e-05
MATICUSDT,1661875200010,1.672e-05
MATICUSDT,1661904000000,-8.34e-06
MATICUSDT,1661932800005,-2.828e-05
MATICUSDT,1661961600013,1.945e-05
MATICUSDT,1661990400012,-1.255e-05
MATICUSDT,1662019200000,1.424e-05
MATICUSDT,1662048000013,4.873e-05
MATICUSDT,1662076800002,-3.013e-05
MATICUSDT,1662105600013,-0.00010908
MATICUSDT,1662134400000,-0.00010862
MATICUSDT,1662163200000,-3.334e-05
MATICUSDT,1662192000002,3.841e-05
MATICUSDT,1662220800007,-1.859e-05
MATICUSDT,1662249600008,4.927e-05
MATICUSDT,1662278400009,-5.23e-06
MATICUSDT,1662307200000,-1.159e-05
MATICUSDT,1662336000015,-2.88e-06
MATICUSDT,1662364800013,2.27e-06
MATICUSDT,1662393600007,-0.00012721
MATICUSDT,1662422400018,-4.885e-05
MATICUSDT,1662451200020,-1.905e-05
MATICUSDT,1662480000028,-3.429e-05
MATICUSDT,1662508800013,-0.00020052
MATICUSDT,1662537600022,-0.00015367
MATICUSDT,1662566400021,-0.00020648
MATICUSDT,1662595200010,-0.00025012
MATICUSDT,1662624000000,-3.337e-05
MATICUSDT,1662652800003,5.051e-05
MATICUSDT,1662681600011,-0.00016115
MATICUSDT,1662710400000,3.27e-06
MATICUSDT,1662739200000,0.0001
MATICUSDT,1662768000003,0.0001
MATICUSDT,1662796800000,3.858e-05
MATICUSDT,1662825600012,0.0001
MATICUSDT,1662854400009,0.0001
MATICUSDT,1662883200012,0.0001
MATICUSDT,1662912000005,2.969e-05
MATICUSDT,1662940800007,-2.468e-05
MATICUSDT,1662969600013,-7.14e-06
MATICUSDT,1662998400000,0.0001
MATICUSDT,1663027200004,6.874e-05
MATICUSDT,1663056000000,8.623e-05
MATICUSDT,1663084800000,-1.145e-05
MATICUSDT,1663113600000,-6.28e-05
MATICUSDT,1663142400000,-8.043e-05
MATICUSDT,1663171200000,-4.084e-05
MATICUSDT,1663200000019,-8.311e-05
MATICUSDT,1663228800012,-4.97e-05
MATICUSDT,1663257600007,-1.265e-05
MATICUSDT,1663286400000,-0.00025187
MATICUSDT,1663315200000,-7.114e-05
MATICUSDT,1663344000000,-0.00010398
MATICUSDT,1663372800000,-0.00014112
MATICUSDT,1663401600012,-0.00012596
MATICUSDT,1663430400017,-4.374e-05
MATICUSDT,1663459200000,-6.543e-05
MATICUSDT,1663488000004,-4.412e-05
MATICUSDT,1663516800000,-0.00010661
MATICUSDT,1663545600018,-0.00019095
MATICUSDT,1663574400006,-0.00022378
MATICUSDT,1663603200010,-0.00027532
MATICUSDT,1663632000007,-0.00011317
MATICUSDT,1663660800001,-0.00017216
MATICUSDT,1663689600000,-9.249e-05
MATICUSDT,1663718400001,-0.00015117
MATICUSDT,1663747200005,-0.0001797
MATICUSDT,1663776000000,-7.211e-05
MATICUSDT,1663804800000,-0.00030033
MATICUSDT,1663833600000,-0.00021413
MATICUSDT,1663862400011,-5.167e-05
MATICUSDT,1663891200023,-8.001e-05
MATICUSDT,1663920000004,1.78e-05
MATICUSDT,1663948800005,-6.853e-05
MATICUSDT,1663977600000,-1.548e-05
MATICUSDT,1664006400005,7.887e-05
MATICUSDT,1664035200000,-7.1e-07
MATICUSDT,1664064000010,-6.157e-05
MATICUSDT,1664092800000,-0.00012142
MATICUSDT,1664121600003,-0.00010557
MATICUSDT,1664150400001,-0.0001464
MATICUSDT,1664179200006,-0.00011395
MATICUSDT,1664208000000,-6.328e-05
MATICUSDT,1664236800026,-5.75e-05
MATICUSDT,1664265600004,-8.45e-05
MATICUSDT,1664294400006,2.347e-05
MATICUSDT,1664323200011,-0.00016886
MATICUSDT,1664352000000,-0.00012955
MATICUSDT,1664380800000,-0.00017956
MATICUSDT,1664409600010,-6.053e-05
MATICUSDT,1664438400000,-2.479e-05
MATICUSDT,1664467200000,-1.885e-05
MATICUSDT,1664496000006,6.168e-05
MATICUSDT,1664524800002,8.888e-05
MATICUSDT,1664553600007,4.547e-05
MATICUSDT,1664582400008,6.789e-05
MATICUSDT,1664611200011,4.127e-05
MATICUSDT,1664640000000,-4.899e-05
MATICUSDT,1664668800000,-2.565e-05
MATICUSDT,1664697600000,2.68e-06
MATICUSDT,1664726400006,7.264e-05
MATICUSDT,1664755200000,6.152e-05
MATICUSDT,1664784000014,5.706e-05
MATICUSDT,1664812800010,4.651e-05
MATICUSDT,1664841600006,-0.00010659
MATICUSDT,1664870400004,-0.0001295
MATICUSDT,1664899200013,-0.00010265
MATICUSDT,1664928000000,1.687e-05
MATICUSDT,1664956800000,-7.52e-05
MATICUSDT,1664985600012,5.151e-05
MATICUSDT,1665014400008,4.01e-05
MATICUSDT,1665043200002,4.214e-05
MATICUSDT,1665072000006,0.0001
MATICUSDT,1665100800000,8.12e-05
MATICUSDT,1665129600000,0.0001
MATICUSDT,1665158400007,0.0001
MATICUSDT,1665187200010,-1.87e-05
MATICUSDT,1665216000004,4.597e-05
MATICUSDT,1665244800018,-1.945e-05
MATICUSDT,1665273600000,1.578e-05
MATICUSDT,1665302400007,7.96e-05
MATICUSDT,1665331200011,-7.758e-05
MATICUSDT,1665360000018,5.488e-05
MATICUSDT,1665388800000,8.059e-05
MATICUSDT,1665417600026,8.069e-05
MATICUSDT,1665446400020,0.0001
MATICUSDT,1665475200027,6.398e-05
MATICUSDT,1665504000000,6.105e-05
MATICUSDT,1665532800014,2.791e-05
MATICUSDT,1665561600000,4.956e-05
MATICUSDT,1665590400000,9.91e-05
MATICUSDT,1665619200013,6.199e-05
MATICUSDT,1665648000016,2.414e-05
MATICUSDT,1665676800009,-0.00012509
MATICUSDT,1665705600020,-5.956e-05
MATICUSDT,1665734400000,5.99e-06
MATICUSDT,1665763200009,8.831e-05
MATICUSDT,1665792000001,9.372e-05
MATICUSDT,1665820800005,9.671e-05
MATICUSDT,1665849600004,8.154e-05
MATICUSDT,1665878400012,8.45e-05
MATICUSDT,1665907200000,1.178e-05
MATICUSDT,1665936000010,7.902e-05
MATICUSDT,1665964800012,-8e-08
MATICUSDT,1665993600010,7.853e-05
MATICUSDT,1666022400017,1.339e-05
MATICUSDT,1666051200010,7.174e-05
MATICUSDT,1666080000008,6.401e-05
MATICUSDT,1666108800000,0.0001
MATICUSDT,1666137600007,4.818e-05
MATICUSDT,1666166400022,0.0001
MATICUSDT,1666195200016,2.775e-05
MATICUSDT,1666224000000,5.855e-05
MATICUSDT,1666252800013,0.0001
MATICUSDT,1666281600000,5.824e-05
MATICUSDT,1666310400005,4.813e-05
MATICUSDT,1666339200018,2.746e-05
MATICUSDT,1666368000000,4.423e-05
MATICUSDT,1666396800000,-0.00012292
MATICUSDT,1666425600015,-4.482e-05
MATICUSDT,1666454400000,-0.000119
MATICUSDT,1666483200025,3.166e-05
MATICUSDT,1666512000000,0.0001
MATICUSDT,1666540800004,6.252e-05
MATICUSDT,1666569600009,9.852e-05
MATICUSDT,1666598400012,0.0001
MATICUSDT,1666627200002,0.0001
MATICUSDT,1666656000013,-1e-07
MATICUSDT,1666684800013,6.479e-05
MATICUSDT,1666713600000,1.854e-05
MATICUSDT,1666742400006,9.491e-05
MATICUSDT,1666771200013,6.276e-05
MATICUSDT,1666800000000,9.171e-05
MATICUSDT,1666828800009,6.107e-05
MATICUSDT,1666857600006,0.0001
MATICUSDT,1666886400009,8.113e-05
MATICUSDT,1666915200000,0.0001
MATICUSDT,1666944000000,0.0001
MATICUSDT,1666972800007,6.083e-05
MATICUSDT,1667001600000,8.966e-05
MATICUSDT,1667030400003,4.817e-05
MATICUSDT,1667059200010,4.699e-05
MATICUSDT,1667088000000,8.562e-05
MATICUSDT,1667116800013,0.0001
MATICUSDT,1667145600009,9.933e-05
MATICUSDT,1667174400012,2.749e-05
MATICUSDT,1667203200000,0.0001
MATICUSDT,1667232000010,-9.5e-07
MATICUSDT,1667260800000,6.459e-05
MATICUSDT,1667289600000,0.0001
MATICUSDT,1667318400000,6.285e-05
MATICUSDT,1667347200000,3.26e-06
MATICUSDT,1667376000000,5.54e-06
MATICUSDT,1667404800019,-3.077e-05
MATICUSDT,1667433600011,-8.605e-05
MATICUSDT,1667462400016,8.639e-05
MATICUSDT,1667491200005,0.0001
MATICUSDT,1667520000000,6.958e-05
MATICUSDT,1667548800004,0.0001
MATICUSDT,1667577600020,0.0001
MATICUSDT,1667606400009,9.394e-05
MATICUSDT,1667635200007,0.0001
MATICUSDT,1667664000018,0.0001
MATICUSDT,1667692800009,0.0001
MATICUSDT,1667721600000,0.0001
MATICUSDT,1667750400010,0.0001
MATICUSDT,1667779200012,0.0001
MATICUSDT,1667808000014,0.0001
MATICUSDT,1667836800006,3.256e-05
MATICUSDT,1667865600000,8.957e-05
MATICUSDT,1667894400001,-7.67e-05
MATICUSDT,1667923200005,0.0001
MATICUSDT,1667952000000,-0.00052452
MATICUSDT,1667980800013,-0.00023477
MATICUSDT,1668009600004,-0.00023202
MATICUSDT,1668038400006,-0.00033748
MATICUSDT,1668067200000,-0.00030813
MATICUSDT,1668096000015,-8.495e-05
MATICUSDT,1668124800000,-1.029e-05
MATICUSDT,1668153600015,-0.00022604
MATICUSDT,1668182400027,-0.00013342
MATICUSDT,1668211200007,-4.105e-05
MATICUSDT,1668240000016,1.742e-05
MATICUSDT,1668268800000,-1.303e-05
MATICUSDT,1668297600004,-2.79e-05
MATICUSDT,1668326400000,-6.171e-05
MATICUSDT,1668355200017,0.0001
MATICUSDT,1668384000000,5.101e-05
MATICUSDT,1668412800000,8.04e-06
MATICUSDT,1668441600000,3.375e-05
MATICUSDT,1668470400014,-5.327e-05
MATICUSDT,1668499200009,-1.07e-05
MATICUSDT,1668528000010,-3.886e-05
MATICUSDT,1668556800011,4.696e-05
MATICUSDT,1668585600004,2.102e-05
MATICUSDT,1668614400008,0.0001
MATICUSDT,1668643200000,2.312e-05
MATICUSDT,1668672000000,-4.895e-05
MATICUSDT,1668700800006,2.094e-05
MATICUSDT,1668729600004,9.306e-05
MATICUSDT,1668758400016,-1.499e-05
MATICUSDT,1668787200000,0.0001
MATICUSDT,1668816000000,0.0001
MATICUSDT,1668844800004,1.3e-05
MATICUSDT,1668873600024,3.314e-05
MATICUSDT,1668902400015,2.259e-05
MATICUSDT,1668931200004,0.0001
MATICUSDT,1668960000000,-9.86e-06
MATICUSDT,1668988800006,-2.79e-05
MATICUSDT,1669017600015,5.87e-06
MATICUSDT,1669046400000,1.514e-05
MATICUSDT,1669075200000,3.323e-05
MATICUSDT,1669104000000,0.0001
MATICUSDT,1669132800000,-7.341e-05
MATICUSDT,1669161600000,0.0001
MATICUSDT,1669190400011,-2.569e-05
MATICUSDT,1669219200014,3.563e-05
MATICUSDT,1669248000007,0.0001
MATICUSDT,1669276800014,4.783e-05
MATICUSDT,1669305600013,5.94e-06
MATICUSDT,1669334400004,4.56e-06
MATICUSDT,1669363200015,5.19e-05
MATICUSDT,1669392000000,-3.064e-05
MATICUSDT,1669420800011,-1.97e-05
MATICUSDT,1669449600000,7.564e-05
MATICUSDT,1669478400000,0.0001
MATICUSDT,1669507200012,9.134e-05
MATICUSDT,1669536000000,3.65e-05
MATICUSDT,1669564800003,8.994e-05
MATICUSDT,1669593600015,4.841e-05
MATICUSDT,1669622400004,-6.608e-05
MATICUSDT,1669651200011,-6.73e-05
MATICUSDT,1669680000000,1.362e-05
MATICUSDT,1669708800015,1.585e-05
MATICUSDT,1669737600000,0.0001
MATICUSDT,1669766400007,-1.944e-05
MATICUSDT,1669795200000,9.531e-05
MATICUSDT,1669824000015,0.0001
MATICUSDT,1669852800001,1.77e-05
MATICUSDT,1669881600006,0.0001
MATICUSDT,1669910400000,0.0001
MATICUSDT,1669939200001,0.0001
MATICUSDT,1669968000016,0.0001
MATICUSDT,1669996800017,9.848e-05
MATICUSDT,1670025600006,-9.1e-06
MATICUSDT,1670054400000,0.0001
MATICUSDT,1670083200011,0.0001
MATICUSDT,1670112000006,3.482e-05
MATICUSDT,1670140800000,-2.14e-05
MATICUSDT,1670169600006,7.5e-06
MATICUSDT,1670198400002,-4.414e-05
MATICUSDT,1670227200011,6.13e-05
MATICUSDT,1670256000008,0.0001
MATICUSDT,1670284800014,3.675e-05
MATICUSDT,1670313600027,3.389e-05
MATICUSDT,1670342400009,7.76e-05
MATICUSDT,1670371200000,2.521e-05
MATICUSDT,1670400000000,-2.501e-05
MATICUSDT,1670428800000,-6.289e-05
MATICUSDT,1670457600006,-0.00014536
MATICUSDT,1670486400000,-8.36e-06
MATICUSDT,1670515200014,-7.724e-05
MATICUSDT,1670544000017,-5.89e-06
MATICUSDT,1670572800005,-1.64e-05
MATICUSDT,1670601600000,7.083e-05
MATICUSDT,1670630400009,0.0001
MATICUSDT,1670659200010,0.0001
MATICUSDT,1670688000001,7.177e-05
MATICUSDT,1670716800011,9.02e-05
MATICUSDT,1670745600007,0.0001
MATICUSDT,1670774400011,7.481e-05
MATICUSDT,1670803200000,3.142e-05
MATICUSDT,1670832000004,-8.54e-06
MATICUSDT,1670860800000,9.24e-06
MATICUSDT,1670889600000,1.009e-05
MATICUSDT,1670918400018,0.0001
MATICUSDT,1670947200011,0.0001
MATICUSDT,1670976000010,0.0001
MATICUSDT,1671004800015,0.0001
MATICUSDT,1671033600004,0.0001
MATICUSDT,1671062400000,0.0001
MATICUSDT,1671091200023,3.617e-05
MATICUSDT,1671120000010,0.0001
MATICUSDT,1671148800016,0.0001
MATICUSDT,1671177600011,1.536e-05
MATICUSDT,1671206400001,6.925e-05
MATICUSDT,1671235200001,-5.41e-06
MATICUSDT,1671264000011,-8.724e-05
MATICUSDT,1671292800011,-0.00014599
MATICUSDT,1671321600008,-0.00013342
MATICUSDT,1671350400001,-2.07e-06
MATICUSDT,1671379200012,-8.787e-05
MATICUSDT,1671408000000,-5.116e-05
MATICUSDT,1671436800000,-2.784e-05
MATICUSDT,1671465600000,-8.181e-05
MATICUSDT,1671494400005,-0.0004347
MATICUSDT,1671523200016,4.335e-05
MATICUSDT,1671552000000,-2.592e-05
MATICUSDT,1671580800007,1.957e-05
MATICUSDT,1671609600012,-6.49e-05
MATICUSDT,1671638400017,1.275e-05
MATICUSDT,1671667200004,4.106e-05
MATICUSDT,1671696000000,-0.0001078
MATICUSDT,1671724800001,-5.315e-05
MATICUSDT,1671753600018,0.0001
MATICUSDT,1671782400000,0.0001
MATICUSDT,1671811200000,0.0001
MATICUSDT,1671840000001,8.739e-05
MATICUSDT,1671868800007,4.224e-05
MATICUSDT,1671897600008,-3.867e-05
MATICUSDT,1671926400000,3.222e-05
MATICUSDT,1671955200013,-2.068e-05
MATICUSDT,1671984000000,3.149e-05
MATICUSDT,1672012800001,3.509e-05
MATICUSDT,1672041600000,-2.7e-06
MATICUSDT,1672070400005,0.0001
MATICUSDT,1672099200005,2.469e-05
MATICUSDT,1672128000010,2.847e-05
MATICUSDT,1672156800006,6.289e-05
MATICUSDT,1672185600010,8.305e-05
MATICUSDT,1672214400010,9.936e-05
MATICUSDT,1672243200010,-4.281e-05
MATICUSDT,1672272000011,7.205e-05
MATICUSDT,1672300800000,6.505e-05
MATICUSDT,1672329600008,-0.00011551
MATICUSDT,1672358400000,-3.571e-05
MATICUSDT,1672387200000,-0.00010737
MATICUSDT,1672416000000,-7.38e-06
ADAUSDT,1651363200000,-9.295e-05
ADAUSDT,1651392000000,-6.811e-05
ADAUSDT,1651420800010,-6.81e-06
ADAUSDT,1651449600018,5.325e-05
ADAUSDT,1651478400007,-8.181e-05
ADAUSDT,1651507200000,-0.0001172
ADAUSDT,1651536000006,-2.124e-05
ADAUSDT,1651564800000,0.0001
ADAUSDT,1651593600021,8.718e-05
ADAUSDT,1651622400007,-0.00021283
ADAUSDT,1651651200011,6.271e-05
ADAUSDT,1651680000000,0.0001
ADAUSDT,1651708800005,0.0001
ADAUSDT,1651737600019,0.0001
ADAUSDT,1651766400005,0.0001
ADAUSDT,1651795200005,-1.559e-05
ADAUSDT,1651824000001,3.289e-05
ADAUSDT,1651852800010,9.348e-05
ADAUSDT,1651881600004,-5.296e-05
ADAUSDT,1651910400016,4.6e-06
ADAUSDT,1651939200011,1.206e-05
ADAUSDT,1651968000000,3.05e-05
ADAUSDT,1651996800007,-4.641e-05
ADAUSDT,1652025600015,4.265e-05
ADAUSDT,1652054400000,0.0001
ADAUSDT,1652083200001,-0.00014516
ADAUSDT,1652112000000,-0.00033334
ADAUSDT,1652140800000,-0.0002359
ADAUSDT,1652169600007,-4.071e-05
ADAUSDT,1652198400008,3.227e-05
ADAUSDT,1652227200004,5.219e-05
ADAUSDT,1652256000007,-0.00019405
ADAUSDT,1652284800008,-0.00025345
ADAUSDT,1652313600014,-0.00032544
ADAUSDT,1652342400000,-0.00137741
ADAUSDT,1652371200007,-0.00034911
ADAUSDT,1652400000014,1.085e-05
ADAUSDT,1652428800001,2.961e-05
ADAUSDT,1652457600000,-6.669e-05
ADAUSDT,1652486400000,0.0001
ADAUSDT,1652515200000,0.0001
ADAUSDT,1652544000001,0.0001
ADAUSDT,1652572800000,-3.949e-05
ADAUSDT,1652601600000,-3.585e-05
ADAUSDT,1652630400000,-9.537e-05
ADAUSDT,1652659200021,-0.00023923
ADAUSDT,1652688000013,-3.73e-05
ADAUSDT,1652716800006,-0.00022001
ADAUSDT,1652745600000,-0.00019239
ADAUSDT,1652774400010,-0.00026515
ADAUSDT,1652803200023,-0.00014724
ADAUSDT,1652832000003,-0.00032057
ADAUSDT,1652860800024,-0.0001854
ADAUSDT,1652889600014,-1.353e-05
ADAUSDT,1652918400000,-0.00022287
ADAUSDT,1652947200008,-0.00031591
ADAUSDT,1652976000015,-0.00012886
ADAUSDT,1653004800001,-8e-05
ADAUSDT,1653033600003,-0.00020398
ADAUSDT,1653062400012,-0.00013755
ADAUSDT,1653091200008,-0.00021714
ADAUSDT,1653120000001,-5.238e-05
ADAUSDT,1653148800007,7.9e-06
ADAUSDT,1653177600003,-4.417e-05
ADAUSDT,1653206400016,-3.354e-05
ADAUSDT,1653235200000,0.0001
ADAUSDT,1653264000011,-7.11e-06
ADAUSDT,1653292800000,-1.47e-06
ADAUSDT,1653321600023,5.647e-05
ADAUSDT,1653350400011,-0.00021269
ADAUSDT,1653379200000,-0.00018711
ADAUSDT,1653408000009,-0.00014164
ADAUSDT,1653436800001,-6.609e-05
ADAUSDT,1653465600000,-1.295e-05
ADAUSDT,1653494400015,-0.00014476
ADAUSDT,1653523200005,-2.226e-05
ADAUSDT,1653552000001,-0.00013186
ADAUSDT,1653580800000,-0.00028423
ADAUSDT,1653609600007,-0.0001079
ADAUSDT,1653638400008,-0.00032217
ADAUSDT,1653667200000,-0.00023193
ADAUSDT,1653696000018,-9.278e-05
ADAUSDT,1653724800016,-0.00020509
ADAUSDT,1653753600013,-0.00012883
ADAUSDT,1653782400000,-0.00020992
ADAUSDT,1653811200025,-0.00025691
ADAUSDT,1653840000002,-9.123e-05
ADAUSDT,1653868800000,-7.823e-05
ADAUSDT,1653897600013,3.289e-05
ADAUSDT,1653926400005,0.0001
ADAUSDT,1653955200016,-8.799e-05
ADAUSDT,1653984000000,0.0001
ADAUSDT,1654012800000,0.0001
ADAUSDT,1654041600000,5.767e-05
ADAUSDT,1654070400011,0.0001
ADAUSDT,1654099200000,0.0001
ADAUSDT,1654128000000,-0.00011104
ADAUSDT,1654156800006,5.194e-05
ADAUSDT,1654185600021,7.89e-06
ADAUSDT,1654214400016,-8.289e-05
ADAUSDT,1654243200016,-4.668e-05
ADAUSDT,1654272000012,-0.00010587
ADAUSDT,1654300800005,-0.00012251
ADAUSDT,1654329600000,7.569e-05
ADAUSDT,1654358400007,-8.324e-05
ADAUSDT,1654387200005,-5.797e-05
ADAUSDT,1654416000015,4.204e-05
ADAUSDT,1654444800000,-0.00011482
ADAUSDT,1654473600000,-0.00012477
ADAUSDT,1654502400017,5.011e-05
ADAUSDT,1654531200000,0.0001
ADAUSDT,1654560000000,-4.793e-05
ADAUSDT,1654588800011,-1.991e-05
ADAUSDT,1654617600000,1.458e-05
ADAUSDT,1654646400008,0.0001
ADAUSDT,1654675200020,0.0001
ADAUSDT,1654704000012,1.328e-05
ADAUSDT,1654732800000,3.217e-05
ADAUSDT,1654761600000,-6.594e-05
ADAUSDT,1654790400000,9.507e-05
ADAUSDT,1654819200009,1.778e-05
ADAUSDT,1654848000000,7.16e-05
ADAUSDT,1654876800006,-0.00012661
ADAUSDT,1654905600018,-0.00027135
ADAUSDT,1654934400014,-0.00028204
ADAUSDT,1654963200000,-0.00017004
ADAUSDT,1654992000015,-0.00020614
ADAUSDT,1655020800019,-0.00028745
ADAUSDT,1655049600010,-0.00018326
ADAUSDT,1655078400009,-0.00012615
ADAUSDT,1655107200000,-0.00055218
ADAUSDT,1655136000007,-0.00049682
ADAUSDT,1655164800013,-0.00019323
ADAUSDT,1655193600008,-9.363e-05
ADAUSDT,1655222400006,-0.00015915
ADAUSDT,1655251200000,1.42e-05
ADAUSDT,1655280000016,-0.00014111
ADAUSDT,1655308800008,-0.00012231
ADAUSDT,1655337600009,-6.442e-05
ADAUSDT,1655366400016,0.0001
ADAUSDT,1655395200000,-0.00018348
ADAUSDT,1655424000008,-2.161e-05
ADAUSDT,1655452800003,5.47e-06
ADAUSDT,1655481600000,-8.08e-06
ADAUSDT,1655510400020,0.0001
ADAUSDT,1655539200025,-9.509e-05
ADAUSDT,1655568000014,6.308e-05
ADAUSDT,1655596800012,-0.00025137
ADAUSDT,1655625600012,5.318e-05
ADAUSDT,1655654400008,0.0001
ADAUSDT,1655683200016,2.269e-05
ADAUSDT,1655712000000,-1.962e-05
ADAUSDT,1655740800013,0.0001
ADAUSDT,1655769600012,0.0001
ADAUSDT,1655798400018,0.0001
ADAUSDT,1655827200010,0.0001
ADAUSDT,1655856000000,-6.715e-05
ADAUSDT,1655884800001,-7.703e-05
ADAUSDT,1655913600012,-9.863e-05
ADAUSDT,1655942400000,-0.00014938
ADAUSDT,1655971200000,-0.00019526
ADAUSDT,1656000000016,-0.00024013
ADAUSDT,1656028800005,-5.276e-05
ADAUSDT,1656057600004,0.0001
ADAUSDT,1656086400018,0.0001
ADAUSDT,1656115200001,0.0001
ADAUSDT,1656144000010,0.0001
ADAUSDT,1656172800000,8.7e-07
ADAUSDT,1656201600002,2.599e-05
ADAUSDT,1656230400016,0.0001
ADAUSDT,1656259200006,0.0001
ADAUSDT,1656288000008,-4.343e-05
ADAUSDT,1656316800000,-7.96e-06
ADAUSDT,1656345600016,1.507e-05
ADAUSDT,1656374400016,-0.00012863
ADAUSDT,1656403200001,-0.00011594
ADAUSDT,1656432000005,4.575e-05
ADAUSDT,1656460800000,-0.00018331
ADAUSDT,1656489600013,-0.00010603
ADAUSDT,1656518400000,3.983e-05
ADAUSDT,1656547200000,-0.00018508
ADAUSDT,1656576000000,-0.00021026
ADAUSDT,1656604800000,-0.00021148
ADAUSDT,1656633600001,-0.00026084
ADAUSDT,1656662400017,-0.00028202
ADAUSDT,1656691200005,-0.00023416
ADAUSDT,1656720000000,-0.00026033
ADAUSDT,1656748800000,-6.469e-05
ADAUSDT,1656777600008,-1.621e-05
ADAUSDT,1656806400015,9.278e-05
ADAUSDT,1656835200004,-8.497e-05
ADAUSDT,1656864000005,-0.00022676
ADAUSDT,1656892800021,0.0001
ADAUSDT,1656921600001,-0.00013275
ADAUSDT,1656950400000,9.211e-05
ADAUSDT,1656979200000,4.273e-05
ADAUSDT,1657008000000,6.285e-05
ADAUSDT,1657036800015,-0.00014703
ADAUSDT,1657065600006,-0.00012538
ADAUSDT,1657094400000,7.074e-05
ADAUSDT,1657123200000,4.64e-06
ADAUSDT,1657152000010,9.609e-05
ADAUSDT,1657180800010,0.0001
ADAUSDT,1657209600011,3.665e-05
ADAUSDT,1657238400008,0.0001
ADAUSDT,1657267200009,0.0001
ADAUSDT,1657296000000,-0.0001249
ADAUSDT,1657324800000,-6.2e-05
ADAUSDT,1657353600000,0.0001
ADAUSDT,1657382400009,0.0001
ADAUSDT,1657411200001,5.476e-05
ADAUSDT,1657440000002,-7.08e-05
ADAUSDT,1657468800001,-8.883e-05
ADAUSDT,1657497600000,-0.00015857
ADAUSDT,1657526400003,-0.00016863
ADAUSDT,1657555200001,-0.00020922
ADAUSDT,1657584000000,-0.00039704
ADAUSDT,1657612800021,-9.928e-05
ADAUSDT,1657641600000,-9.515e-05
ADAUSDT,1657670400012,-0.00021867
ADAUSDT,1657699200022,-0.00019033
ADAUSDT,1657728000005,-0.00022134
ADAUSDT,1657756800017,-0.00023715
ADAUSDT,1657785600001,3.354e-05
ADAUSDT,1657814400000,-0.00024232
ADAUSDT,1657843200004,2.909e-05
ADAUSDT,1657872000019,2.945e-05
ADAUSDT,1657900800017,-9.557e-05
ADAUSDT,1657929600021,3.666e-05
ADAUSDT,1657958400014,1.56e-05
ADAUSDT,1657987200005,-4.575e-05
ADAUSDT,1658016000000,0.0001
ADAUSDT,1658044800003,0.0001
ADAUSDT,1658073600007,-8.731e-05
ADAUSDT,1658102400001,1.881e-05
ADAUSDT,1658131200004,0.0001
ADAUSDT,1658160000019,0.0001
ADAUSDT,1658188800000,0.0001
ADAUSDT,1658217600000,0.0001
ADAUSDT,1658246400001,0.0001
ADAUSDT,1658275200004,0.0001
ADAUSDT,1658304000000,0.0001
ADAUSDT,1658332800003,0.0001
ADAUSDT,1658361600000,0.0001
ADAUSDT,1658390400018,0.0001
ADAUSDT,1658419200011,0.0001
ADAUSDT,1658448000014,0.0001
ADAUSDT,1658476800000,0.0001
ADAUSDT,1658505600000,9.392e-05
ADAUSDT,1658534400004,0.0001
ADAUSDT,1658563200002,0.0001
ADAUSDT,1658592000001,0.0001
ADAUSDT,1658620800000,0.0001
ADAUSDT,1658649600011,0.0001
ADAUSDT,1658678400000,0.0001
ADAUSDT,1658707200000,0.0001
ADAUSDT,1658736000014,6.718e-05
ADAUSDT,1658764800006,9.007e-05
ADAUSDT,1658793600010,0.0001
ADAUSDT,1658822400000,-6.031e-05
ADAUSDT,1658851200000,6.851e-05
ADAUSDT,1658880000008,-1.257e-05
ADAUSDT,1658908800000,2.28e-05
ADAUSDT,1658937600003,4.19e-06
ADAUSDT,1658966400009,0.0001
ADAUSDT,1658995200008,0.0001
ADAUSDT,1659024000013,0.0001
ADAUSDT,1659052800000,0.0001
ADAUSDT,1659081600000,0.0001
ADAUSDT,1659110400000,0.0001
ADAUSDT,1659139200005,0.0001
ADAUSDT,1659168000009,0.0001
ADAUSDT,1659196800000,0.0001
ADAUSDT,1659225600022,0.0001
ADAUSDT,1659254400011,0.0001
ADAUSDT,1659283200019,0.0001
ADAUSDT,1659312000010,0.0001
ADAUSDT,1659340800019,0.0001
ADAUSDT,1659369600017,0.0001
ADAUSDT,1659398400000,9.582e-05
ADAUSDT,1659427200007,5.03e-05
ADAUSDT,1659456000014,4.036e-05
ADAUSDT,1659484800001,9.779e-05
ADAUSDT,1659513600020,0.0001
ADAUSDT,1659542400008,0.0001
ADAUSDT,1659571200001,3.296e-05
ADAUSDT,1659600000009,9.755e-05
ADAUSDT,1659628800015,7.509e-05
ADAUSDT,1659657600005,4.37e-05
ADAUSDT,1659686400000,0.0001
ADAUSDT,1659715200000,0.0001
ADAUSDT,1659744000021,0.0001
ADAUSDT,1659772800000,0.0001
ADAUSDT,1659801600015,0.0001
ADAUSDT,1659830400013,0.0001
ADAUSDT,1659859200000,0.0001
ADAUSDT,1659888000014,0.0001
ADAUSDT,1659916800009,0.0001
ADAUSDT,1659945600006,0.0001
ADAUSDT,1659974400000,0.0001
ADAUSDT,1660003200020,6.439e-05
ADAUSDT,1660032000000,0.0001
ADAUSDT,1660060800000,9.49e-06
ADAUSDT,1660089600000,-6.855e-05
ADAUSDT,1660118400016,3.811e-05
ADAUSDT,1660147200018,0.0001
ADAUSDT,1660176000012,0.0001
ADAUSDT,1660204800000,0.0001
ADAUSDT,1660233600000,0.0001
ADAUSDT,1660262400006,0.0001
ADAUSDT,1660291200000,0.0001
ADAUSDT,1660320000005,8.649e-05
ADAUSDT,1660348800012,0.0001
ADAUSDT,1660377600006,0.0001
ADAUSDT,1660406400018,0.0001
ADAUSDT,1660435200000,0.0001
ADAUSDT,1660464000000,0.0001
ADAUSDT,1660492800000,0.0001
ADAUSDT,1660521600010,2.765e-05
ADAUSDT,1660550400002,5.777e-05
ADAUSDT,1660579200010,1.052e-05
ADAUSDT,1660608000010,3.882e-05
ADAUSDT,1660636800002,5.571e-05
ADAUSDT,1660665600000,3.904e-05
ADAUSDT,1660694400020,0.0001
ADAUSDT,1660723200016,0.0001
ADAUSDT,1660752000001,0.0001
ADAUSDT,1660780800005,-7.29e-06
ADAUSDT,1660809600012,9.276e-05
ADAUSDT,1660838400013,7.183e-05
ADAUSDT,1660867200000,-5.011e-05
ADAUSDT,1660896000000,-0.00020918
ADAUSDT,1660924800009,-0.00015977
ADAUSDT,1660953600000,-9.092e-05
ADAUSDT,1660982400005,-0.00015476
ADAUSDT,1661011200000,-0.00020039
ADAUSDT,1661040000010,-0.00032289
ADAUSDT,1661068800013,-0.00031285
ADAUSDT,1661097600000,-0.00027278
ADAUSDT,1661126400011,-0.00039754
ADAUSDT,1661155200005,-0.00012955
ADAUSDT,1661184000005,-0.0001702
ADAUSDT,1661212800000,-0.00011902
ADAUSDT,1661241600021,-0.00015977
ADAUSDT,1661270400005,-9.93e-05
ADAUSDT,1661299200017,-0.0002229
ADAUSDT,1661328000021,-0.00019196
ADAUSDT,1661356800000,-0.00012212
ADAUSDT,1661385600003,-0.00021561
ADAUSDT,1661414400000,-0.00012887
ADAUSDT,1661443200004,-5.563e-05
ADAUSDT,1661472000001,5.682e-05
ADAUSDT,1661500800004,4.165e-05
ADAUSDT,1661529600000,-8.905e-05
ADAUSDT,1661558400010,-0.00023951
ADAUSDT,1661587200007,-0.00037962
ADAUSDT,1661616000008,-0.00021229
ADAUSDT,1661644800019,-0.0001755
ADAUSDT,1661673600000,-0.00016561
ADAUSDT,1661702400000,-7.197e-05
ADAUSDT,1661731200000,-2.886e-05
ADAUSDT,1661760000000,-0.00018811
ADAUSDT,1661788800001,-0.00014003
ADAUSDT,1661817600001,-1.579e-05
ADAUSDT,1661846400005,-0.00010595
ADAUSDT,1661875200010,-7.833e-05
ADAUSDT,1661904000000,-6.98e-06
ADAUSDT,1661932800005,5.806e-05
ADAUSDT,1661961600013,3.145e-05
ADAUSDT,1661990400012,3.79e-05
ADAUSDT,1662019200000,-2.772e-05
ADAUSDT,1662048000013,-0.00011925
ADAUSDT,1662076800002,4.475e-05
ADAUSDT,1662105600013,8.764e-05
ADAUSDT,1662134400000,4.491e-05
ADAUSDT,1662163200000,-5.139e-05
ADAUSDT,1662192000002,0.0001
ADAUSDT,1662220800007,3.015e-05
ADAUSDT,1662249600008,6.556e-05
ADAUSDT,1662278400009,-0.00019245
ADAUSDT,1662307200000,-8.591e-05
ADAUSDT,1662336000015,2.991e-05
ADAUSDT,1662364800013,0.0001
ADAUSDT,1662393600007,2.965e-05
ADAUSDT,1662422400018,0.0001
ADAUSDT,1662451200020,0.0001
ADAUSDT,1662480000028,9.178e-05
ADAUSDT,1662508800013,-0.00011261
ADAUSDT,1662537600022,-7.345e-05
ADAUSDT,1662566400021,2.805e-05
ADAUSDT,1662595200010,-8.19e-05
ADAUSDT,1662624000000,9.06e-05
ADAUSDT,1662652800003,-2.557e-05
ADAUSDT,1662681600011,0.0001
ADAUSDT,1662710400000,9.067e-05
ADAUSDT,1662739200000,0.0001
ADAUSDT,1662768000003,8.945e-05
ADAUSDT,1662796800000,0.0001
ADAUSDT,1662825600012,0.0001
ADAUSDT,1662854400009,7.38e-05
ADAUSDT,1662883200012,0.0001
ADAUSDT,1662912000005,5.813e-05
ADAUSDT,1662940800007,3.877e-05
ADAUSDT,1662969600013,1.593e-05
ADAUSDT,1662998400000,0.0001
ADAUSDT,1663027200004,0.0001
ADAUSDT,1663056000000,6.546e-05
ADAUSDT,1663084800000,-5.473e-05
ADAUSDT,1663113600000,-0.00021734
ADAUSDT,1663142400000,-0.00011346
ADAUSDT,1663171200000,-7.662e-05
ADAUSDT,1663200000019,-6.477e-05
ADAUSDT,1663228800012,-8.358e-05
ADAUSDT,1663257600007,-0.00010208
ADAUSDT,1663286400000,-5.8e-05
ADAUSDT,1663315200000,-5.32e-06
ADAUSDT,1663344000000,-7.635e-05
ADAUSDT,1663372800000,-0.00012978
ADAUSDT,1663401600012,4.446e-05
ADAUSDT,1663430400017,4.05e-06
ADAUSDT,1663459200000,-4.772e-05
ADAUSDT,1663488000004,0.0001
ADAUSDT,1663516800000,8.989e-05
ADAUSDT,1663545600018,-4.408e-05
ADAUSDT,1663574400006,-7.436e-05
ADAUSDT,1663603200010,-0.00011464
ADAUSDT,1663632000007,-2.41e-05
ADAUSDT,1663660800001,1.14e-06
ADAUSDT,1663689600000,1.729e-05
ADAUSDT,1663718400001,1.371e-05
ADAUSDT,1663747200005,-1.344e-05
ADAUSDT,1663776000000,5.401e-05
ADAUSDT,1663804800000,-0.0004027
ADAUSDT,1663833600000,-0.00018698
ADAUSDT,1663862400011,8.07e-06
ADAUSDT,1663891200023,3.954e-05
ADAUSDT,1663920000004,0.0001
ADAUSDT,1663948800005,4.371e-05
ADAUSDT,1663977600000,6.018e-05
ADAUSDT,1664006400005,0.0001
ADAUSDT,1664035200000,0.0001
ADAUSDT,1664064000010,3.299e-05
ADAUSDT,1664092800000,5.573e-05
ADAUSDT,1664121600003,9.656e-05
ADAUSDT,1664150400001,-3.638e-05
ADAUSDT,1664179200006,-4.38e-05
ADAUSDT,1664208000000,-4.636e-05
ADAUSDT,1664236800026,5.963e-05
ADAUSDT,1664265600004,7.375e-05
ADAUSDT,1664294400006,5.2e-05
ADAUSDT,1664323200011,-0.00010471
ADAUSDT,1664352000000,-0.00012237
ADAUSDT,1664380800000,-2.902e-05
ADAUSDT,1664409600010,-1.125e-05
ADAUSDT,1664438400000,2.447e-05
ADAUSDT,1664467200000,9.321e-05
ADAUSDT,1664496000006,0.0001
ADAUSDT,1664524800002,0.0001
ADAUSDT,1664553600007,8.474e-05
ADAUSDT,1664582400008,7.636e-05
ADAUSDT,1664611200011,0.0001
ADAUSDT,1664640000000,0.0001
ADAUSDT,1664668800000,-1.865e-05
ADAUSDT,1664697600000,8.345e-05
ADAUSDT,1664726400006,-5.648e-05
ADAUSDT,1664755200000,-6.57e-06
ADAUSDT,1664784000014,0.0001
ADAUSDT,1664812800010,8.887e-05
ADAUSDT,1664841600006,0.0001
ADAUSDT,1664870400004,4.411e-05
ADAUSDT,1664899200013,6.778e-05
ADAUSDT,1664928000000,7.802e-05
ADAUSDT,1664956800000,6.072e-05
ADAUSDT,1664985600012,-3.296e-05
ADAUSDT,1665014400008,2.119e-05
ADAUSDT,1665043200002,0.0001
ADAUSDT,1665072000006,1.498e-05
ADAUSDT,1665100800000,1.781e-05
ADAUSDT,1665129600000,0.0001
ADAUSDT,1665158400007,-4.301e-05
ADAUSDT,1665187200010,0.0001
ADAUSDT,1665216000004,0.0001
ADAUSDT,1665244800018,0.0001
ADAUSDT,1665273600000,2.946e-05
ADAUSDT,1665302400007,0.0001
ADAUSDT,1665331200011,0.0001
ADAUSDT,1665360000018,7.794e-05
ADAUSDT,1665388800000,0.0001
ADAUSDT,1665417600026,1.146e-05
ADAUSDT,1665446400020,-9.319e-05
ADAUSDT,1665475200027,-0.00018154
ADAUSDT,1665504000000,4.307e-05
ADAUSDT,1665532800014,1.832e-05
ADAUSDT,1665561600000,-0.00010919
ADAUSDT,1665590400000,-4.052e-05
ADAUSDT,1665619200013,-0.00024692
ADAUSDT,1665648000016,-0.00027984
ADAUSDT,1665676800009,-0.00048682
ADAUSDT,1665705600020,-1.612e-05
ADAUSDT,1665734400000,6.922e-05
ADAUSDT,1665763200009,-4.852e-05
ADAUSDT,1665792000001,-0.0001523
ADAUSDT,1665820800005,-0.00016906
ADAUSDT,1665849600004,-8.568e-05
ADAUSDT,1665878400012,-0.00018592
ADAUSDT,1665907200000,-0.00019863
ADAUSDT,1665936000010,-2.74e-05
ADAUSDT,1665964800012,-8.418e-05
ADAUSDT,1665993600010,1.042e-05
ADAUSDT,1666022400017,-4.927e-05
ADAUSDT,1666051200010,-7.48e-05
ADAUSDT,1666080000008,-0.00029398
ADAUSDT,1666108800000,-0.0002375
ADAUSDT,1666137600007,-0.00036564
ADAUSDT,1666166400022,-0.00019771
ADAUSDT,1666195200016,-0.00011169
ADAUSDT,1666224000000,-7.308e-05
ADAUSDT,1666252800013,-5.828e-05
ADAUSDT,1666281600000,-7.818e-05
ADAUSDT,1666310400005,-3.86e-05
ADAUSDT,1666339200018,-0.00017902
ADAUSDT,1666368000000,-9.521e-05
ADAUSDT,1666396800000,-0.00016825
ADAUSDT,1666425600015,-0.00021937
ADAUSDT,1666454400000,-0.00034754
ADAUSDT,1666483200025,-0.00014838
ADAUSDT,1666512000000,-0.00014325
ADAUSDT,1666540800004,-5.103e-05
ADAUSDT,1666569600009,-0.00020313
ADAUSDT,1666598400012,-5.958e-05
ADAUSDT,1666627200002,-0.00022159
ADAUSDT,1666656000013,-0.00016278
ADAUSDT,1666684800013,-0.00017111
ADAUSDT,1666713600000,-0.00013175
ADAUSDT,1666742400006,4.854e-05
ADAUSDT,1666771200013,-2.96e-06
ADAUSDT,1666800000000,5.27e-06
ADAUSDT,1666828800009,7.411e-05
ADAUSDT,1666857600006,4.174e-05
ADAUSDT,1666886400009,3.986e-05
ADAUSDT,1666915200000,6.46e-05
ADAUSDT,1666944000000,-2.032e-05
ADAUSDT,1666972800007,-0.00011811
ADAUSDT,1667001600000,0.0001
ADAUSDT,1667030400003,0.0001
ADAUSDT,1667059200010,5.058e-05
ADAUSDT,1667088000000,4.974e-05
ADAUSDT,1667116800013,2.022e-05
ADAUSDT,1667145600009,9.128e-05
ADAUSDT,1667174400012,1.711e-05
ADAUSDT,1667203200000,8.798e-05
ADAUSDT,1667232000010,6.502e-05
ADAUSDT,1667260800000,-1.347e-05
ADAUSDT,1667289600000,4.266e-05
ADAUSDT,1667318400000,1.227e-05
ADAUSDT,1667347200000,-9.641e-05
ADAUSDT,1667376000000,-0.00013359
ADAUSDT,1667404800019,-4.38e-05
ADAUSDT,1667433600011,-0.0001584
ADAUSDT,1667462400016,-7.078e-05
ADAUSDT,1667491200005,5.82e-06
ADAUSDT,1667520000000,-0.00012977
ADAUSDT,1667548800004,0.0001
ADAUSDT,1667577600020,0.0001
ADAUSDT,1667606400009,9.91e-05
ADAUSDT,1667635200007,0.0001
ADAUSDT,1667664000018,0.0001
ADAUSDT,1667692800009,8.035e-05
ADAUSDT,1667721600000,0.0001
ADAUSDT,1667750400010,8.937e-05
ADAUSDT,1667779200012,-2.7e-06
ADAUSDT,1667808000014,7.69e-05
ADAUSDT,1667836800006,0.0001
ADAUSDT,1667865600000,-1.048e-05
ADAUSDT,1667894400001,-0.00023918
ADAUSDT,1667923200005,-0.00014707
ADAUSDT,1667952000000,-0.00029562
ADAUSDT,1667980800013,6.806e-05
ADAUSDT,1668009600004,-4.337e-05
ADAUSDT,1668038400006,-0.00034879
ADAUSDT,1668067200000,7.84e-06
ADAUSDT,1668096000015,0.0001
ADAUSDT,1668124800000,9.461e-05
ADAUSDT,1668153600015,0.0001
ADAUSDT,1668182400027,0.0001
ADAUSDT,1668211200007,0.0001
ADAUSDT,1668240000016,4.16e-05
ADAUSDT,1668268800000,8.664e-05
ADAUSDT,1668297600004,5.781e-05
ADAUSDT,1668326400000,0.0001
ADAUSDT,1668355200017,0.0001
ADAUSDT,1668384000000,0.0001
ADAUSDT,1668412800000,9.828e-05
ADAUSDT,1668441600000,0.0001
ADAUSDT,1668470400014,2.492e-05
ADAUSDT,1668499200009,0.0001
ADAUSDT,1668528000010,8.155e-05
ADAUSDT,1668556800011,-1.13e-06
ADAUSDT,1668585600004,0.0001
ADAUSDT,1668614400008,0.0001
ADAUSDT,1668643200000,6.607e-05
ADAUSDT,1668672000000,9.311e-05
ADAUSDT,1668700800006,7.357e-05
ADAUSDT,1668729600004,1.37e-05
ADAUSDT,1668758400016,5.433e-05
ADAUSDT,1668787200000,0.0001
ADAUSDT,1668816000000,8.21e-06
ADAUSDT,1668844800004,-2.097e-05
ADAUSDT,1668873600024,-2.749e-05
ADAUSDT,1668902400015,4.339e-05
ADAUSDT,1668931200004,3.894e-05
ADAUSDT,1668960000000,4.532e-05
ADAUSDT,1668988800006,2.812e-05
ADAUSDT,1669017600015,6.107e-05
ADAUSDT,1669046400000,5.325e-05
ADAUSDT,1669075200000,2.982e-05
ADAUSDT,1669104000000,0.0001
ADAUSDT,1669132800000,0.0001
ADAUSDT,1669161600000,0.0001
ADAUSDT,1669190400011,0.0001
ADAUSDT,1669219200014,6e-05
ADAUSDT,1669248000007,0.0001
ADAUSDT,1669276800014,2.722e-05
ADAUSDT,1669305600013,9.336e-05
ADAUSDT,1669334400004,0.0001
ADAUSDT,1669363200015,8.408e-05
ADAUSDT,1669392000000,0.0001
ADAUSDT,1669420800011,8.734e-05
ADAUSDT,1669449600000,0.0001
ADAUSDT,1669478400000,0.0001
ADAUSDT,1669507200012,6.119e-05
ADAUSDT,1669536000000,-1.15e-06
ADAUSDT,1669564800003,0.0001
ADAUSDT,1669593600015,3.977e-05
ADAUSDT,1669622400004,1.753e-05
ADAUSDT,1669651200011,-3.7e-06
ADAUSDT,1669680000000,0.0001
ADAUSDT,1669708800015,0.0001
ADAUSDT,1669737600000,0.0001
ADAUSDT,1669766400007,8.257e-05
ADAUSDT,1669795200000,0.0001
ADAUSDT,1669824000015,0.0001
ADAUSDT,1669852800001,5.259e-05
ADAUSDT,1669881600006,0.0001
ADAUSDT,1669910400000,0.0001
ADAUSDT,1669939200001,0.0001
ADAUSDT,1669968000016,1.62e-06
ADAUSDT,1669996800017,0.0001
ADAUSDT,1670025600006,0.0001
ADAUSDT,1670054400000,0.0001
ADAUSDT,1670083200011,0.0001
ADAUSDT,1670112000006,8.823e-05
ADAUSDT,1670140800000,0.0001
ADAUSDT,1670169600006,5.952e-05
ADAUSDT,1670198400002,9.791e-05
ADAUSDT,1670227200011,9.364e-05
ADAUSDT,1670256000008,3.614e-05
ADAUSDT,1670284800014,9.493e-05
ADAUSDT,1670313600027,9.558e-05
ADAUSDT,1670342400009,3.082e-05
ADAUSDT,1670371200000,9.205e-05
ADAUSDT,1670400000000,-2.891e-05
ADAUSDT,1670428800000,0.0001
ADAUSDT,1670457600006,-1.146e-05
ADAUSDT,1670486400000,-1.269e-05
ADAUSDT,1670515200014,9.21e-06
ADAUSDT,1670544000017,8.255e-05
ADAUSDT,1670572800005,0.0001
ADAUSDT,1670601600000,0.0001
ADAUSDT,1670630400009,-2.84e-06
ADAUSDT,1670659200010,6.846e-05
ADAUSDT,1670688000001,0.0001
ADAUSDT,1670716800011,6.643e-05
ADAUSDT,1670745600007,9.553e-05
ADAUSDT,1670774400011,1.189e-05
ADAUSDT,1670803200000,-5.211e-05
ADAUSDT,1670832000004,-3.563e-05
ADAUSDT,1670860800000,7.678e-05
ADAUSDT,1670889600000,-4.842e-05
ADAUSDT,1670918400018,-5.738e-05
ADAUSDT,1670947200011,9.63e-05
ADAUSDT,1670976000010,0.0001
ADAUSDT,1671004800015,0.0001
ADAUSDT,1671033600004,0.0001
ADAUSDT,1671062400000,9.708e-05
ADAUSDT,1671091200023,0.0001
ADAUSDT,1671120000010,7.17e-05
ADAUSDT,1671148800016,1.4e-05
ADAUSDT,1671177600011,0.0001
ADAUSDT,1671206400001,-0.00034122
ADAUSDT,1671235200001,-8.275e-05
ADAUSDT,1671264000011,-4.017e-05
ADAUSDT,1671292800011,-0.00017138
ADAUSDT,1671321600008,-0.00027889
ADAUSDT,1671350400001,-0.00021902
ADAUSDT,1671379200012,0.0001
ADAUSDT,1671408000000,-7.499e-05
ADAUSDT,1671436800000,4.161e-05
ADAUSDT,1671465600000,6.559e-05
ADAUSDT,1671494400005,-0.00024159
ADAUSDT,1671523200016,5.38e-06
ADAUSDT,1671552000000,-0.0001281
ADAUSDT,1671580800007,-3.09e-05
ADAUSDT,1671609600012,-0.00037224
ADAUSDT,1671638400017,2.209e-05
ADAUSDT,1671667200004,-3.556e-05
ADAUSDT,1671696000000,-2.487e-05
ADAUSDT,1671724800001,-8.829e-05
ADAUSDT,1671753600018,0.0001
ADAUSDT,1671782400000,0.0001
ADAUSDT,1671811200000,0.0001
ADAUSDT,1671840000001,-3.278e-05
ADAUSDT,1671868800007,0.0001
ADAUSDT,1671897600008,0.0001
ADAUSDT,1671926400000,-6.742e-05
ADAUSDT,1671955200013,0.0001
ADAUSDT,1671984000000,0.0001
ADAUSDT,1672012800001,0.0001
ADAUSDT,1672041600000,8.295e-05
ADAUSDT,1672070400005,-2.015e-05
ADAUSDT,1672099200005,3.899e-05
ADAUSDT,1672128000010,1.052e-05
ADAUSDT,1672156800006,0.0001
ADAUSDT,1672185600010,8.739e-05
ADAUSDT,1672214400010,7.786e-05
ADAUSDT,1672243200010,-9.301e-05
ADAUSDT,1672272000011,-3.438e-05
ADAUSDT,1672300800000,-0.00033533
ADAUSDT,1672329600008,-0.00034086
ADAUSDT,1672358400000,-0.00045062
ADAUSDT,1672387200000,-0.00015218
ADAUSDT,1672416000000,3.536e-05
DOTUSDT,1651363200000,-0.00017966
DOTUSDT,1651392000000,-0.00046635
DOTUSDT,1651420800010,-0.00040985
DOTUSDT,1651449600018,-0.00038208
DOTUSDT,1651478400007,-0.00032756
DOTUSDT,1651507200000,-0.00018913
DOTUSDT,1651536000006,-4.791e-05
DOTUSDT,1651564800000,-0.00016706
DOTUSDT,1651593600021,-6.678e-05
DOTUSDT,1651622400007,-0.00013177
DOTUSDT,1651651200011,-0.00017802
DOTUSDT,1651680000000,-7.847e-05
DOTUSDT,1651708800005,-3.679e-05
DOTUSDT,1651737600019,-5.254e-05
DOTUSDT,1651766400005,-0.00012026
DOTUSDT,1651795200005,-0.00027686
DOTUSDT,1651824000001,-0.00029328
DOTUSDT,1651852800010,-8.446e-05
DOTUSDT,1651881600004,-8.465e-05
DOTUSDT,1651910400016,-0.00012363
DOTUSDT,1651939200011,-0.00010835
DOTUSDT,1651968000000,-0.00017901
DOTUSDT,1651996800007,-6.989e-05
DOTUSDT,1652025600015,-4.015e-05
DOTUSDT,1652054400000,-2.006e-05
DOTUSDT,1652083200001,-0.00016697
DOTUSDT,1652112000000,-0.0004598
DOTUSDT,1652140800000,-7.771e-05
DOTUSDT,1652169600007,-0.00010629
DOTUSDT,1652198400008,-9.025e-05
DOTUSDT,1652227200004,-0.00018396
DOTUSDT,1652256000007,-0.00023894
DOTUSDT,1652284800008,-0.00149822
DOTUSDT,1652313600014,-0.00064516
DOTUSDT,1652342400000,-0.0010921
DOTUSDT,1652371200007,-0.0004706
DOTUSDT,1652400000014,-0.00038928
DOTUSDT,1652428800001,-0.00025856
DOTUSDT,1652457600000,-9.24e-06
DOTUSDT,1652486400000,-0.00012128
DOTUSDT,1652515200000,-0.00015575
DOTUSDT,1652544000001,-6.703e-05
DOTUSDT,1652572800000,-0.00015523
DOTUSDT,1652601600000,-0.00021883
DOTUSDT,1652630400000,-0.00021014
DOTUSDT,1652659200021,-0.00013826
DOTUSDT,1652688000013,-0.00013569
DOTUSDT,1652716800006,-0.0001889
DOTUSDT,1652745600000,-0.00024899
DOTUSDT,1652774400010,-0.00017262
DOTUSDT,1652803200023,-0.00010267
DOTUSDT,1652832000003,-0.0001158
DOTUSDT,1652860800024,-0.00011441
DOTUSDT,1652889600014,-0.0001792
DOTUSDT,1652918400000,-0.00013224
DOTUSDT,1652947200008,-0.00024081
DOTUSDT,1652976000015,-0.00011194
DOTUSDT,1653004800001,-9.709e-05
DOTUSDT,1653033600003,-0.00016315
DOTUSDT,1653062400012,-0.00021403
DOTUSDT,1653091200008,-0.00015527
DOTUSDT,1653120000001,-0.00021516
DOTUSDT,1653148800007,-0.00018958
DOTUSDT,1653177600003,-0.00013554
DOTUSDT,1653206400016,-0.00018401
DOTUSDT,1653235200000,-0.0001296
DOTUSDT,1653264000011,-0.00020029
DOTUSDT,1653292800000,-0.00011356
DOTUSDT,1653321600023,-0.00020042
DOTUSDT,1653350400011,-0.00016212
DOTUSDT,1653379200000,-0.00017466
DOTUSDT,1653408000009,-0.00027353
DOTUSDT,1653436800001,-0.0001303
DOTUSDT,1653465600000,-0.00019057
DOTUSDT,1653494400015,-0.00017725
DOTUSDT,1653523200005,-0.00016774
DOTUSDT,1653552000001,-0.00029262
DOTUSDT,1653580800000,-0.00036638
DOTUSDT,1653609600007,-0.00034496
DOTUSDT,1653638400008,-0.00034143
DOTUSDT,1653667200000,-0.00024567
DOTUSDT,1653696000018,-0.00030359
DOTUSDT,1653724800016,-0.0003301
DOTUSDT,1653753600013,-0.00024067
DOTUSDT,1653782400000,-0.00026784
DOTUSDT,1653811200025,-0.00016016
DOTUSDT,1653840000002,-0.00019799
DOTUSDT,1653868800000,-0.00015638
DOTUSDT,1653897600013,-3.018e-05
DOTUSDT,1653926400005,-2.84e-06
DOTUSDT,1653955200016,1.282e-05
DOTUSDT,1653984000000,-8.437e-05
DOTUSDT,1654012800000,3.296e-05
DOTUSDT,1654041600000,-7.864e-05
DOTUSDT,1654070400011,-9.4e-06
DOTUSDT,1654099200000,-8.84e-06
DOTUSDT,1654128000000,-0.00017292
DOTUSDT,1654156800006,-0.0001919
DOTUSDT,1654185600021,-0.00020105
DOTUSDT,1654214400016,-0.00025369
DOTUSDT,1654243200016,-0.00012111
DOTUSDT,1654272000012,-0.00011835
DOTUSDT,1654300800005,-0.00018695
DOTUSDT,1654329600000,-0.00016655
DOTUSDT,1654358400007,-0.00021362
DOTUSDT,1654387200005,-0.00012881
DOTUSDT,1654416000015,-0.00020148
DOTUSDT,1654444800000,-0.00022675
DOTUSDT,1654473600000,-0.00018259
DOTUSDT,1654502400017,-4.469e-05
DOTUSDT,1654531200000,-3.675e-05
DOTUSDT,1654560000000,-0.00013852
DOTUSDT,1654588800011,-0.00031096
DOTUSDT,1654617600000,-0.00034554
DOTUSDT,1654646400008,-0.00039753
DOTUSDT,1654675200020,-0.00041065
DOTUSDT,1654704000012,-0.00039413
DOTUSDT,1654732800000,-0.00033566
DOTUSDT,1654761600000,-0.00028884
DOTUSDT,1654790400000,-0.00019781
DOTUSDT,1654819200009,-0.00018567
DOTUSDT,1654848000000,-0.00018167
DOTUSDT,1654876800006,-0.00046842
DOTUSDT,1654905600018,-0.00034274
DOTUSDT,1654934400014,-0.0002148
DOTUSDT,1654963200000,-0.00031355
DOTUSDT,1654992000015,-0.00032867
DOTUSDT,1655020800019,-0.00037109
DOTUSDT,1655049600010,-0.00045121
DOTUSDT,1655078400009,-0.00032155
DOTUSDT,1655107200000,-0.00110713
DOTUSDT,1655136000007,-0.00087252
DOTUSDT,1655164800013,-0.00090078
DOTUSDT,1655193600008,-0.00074151
DOTUSDT,1655222400006,-0.00058046
DOTUSDT,1655251200000,-0.0006027
DOTUSDT,1655280000016,-0.00047115
DOTUSDT,1655308800008,-0.00039803
DOTUSDT,1655337600009,-0.00040015
DOTUSDT,1655366400016,-0.00018812
DOTUSDT,1655395200000,-0.00051678
DOTUSDT,1655424000008,-0.00041804
DOTUSDT,1655452800003,-0.0005128
DOTUSDT,1655481600000,-0.000567
DOTUSDT,1655510400020,-0.00043612
DOTUSDT,1655539200025,-0.00066344
DOTUSDT,1655568000014,-0.00084521
DOTUSDT,1655596800012,-0.00070397
DOTUSDT,1655625600012,-0.00063841
DOTUSDT,1655654400008,-0.00056007
DOTUSDT,1655683200016,-0.00041757
DOTUSDT,1655712000000,-0.00069389
DOTUSDT,1655740800013,-0.00015144
DOTUSDT,1655769600012,-0.00029832
DOTUSDT,1655798400018,-0.00030513
DOTUSDT,1655827200010,-0.0001967
DOTUSDT,1655856000000,-0.00029948
DOTUSDT,1655884800001,-0.00026853
DOTUSDT,1655913600012,-0.00021006
DOTUSDT,1655942400000,-0.00015711
DOTUSDT,1655971200000,-0.00023458
DOTUSDT,1656000000016,-0.00021871
DOTUSDT,1656028800005,-0.00020948
DOTUSDT,1656057600004,-0.00023576
DOTUSDT,1656086400018,-9.628e-05
DOTUSDT,1656115200001,-0.00026634
DOTUSDT,1656144000010,-0.00017133
DOTUSDT,1656172800000,-0.00017937
DOTUSDT,1656201600002,-0.00025073
DOTUSDT,1656230400016,-8.628e-05
DOTUSDT,1656259200006,-0.00013197
DOTUSDT,1656288000008,-0.00015515
DOTUSDT,1656316800000,-0.00027532
DOTUSDT,1656345600016,-0.00033552
DOTUSDT,1656374400016,-0.00028767
DOTUSDT,1656403200001,-0.00031369
DOTUSDT,1656432000005,-0.0001388
DOTUSDT,1656460800000,-0.00033676
DOTUSDT,1656489600013,-0.00011394
DOTUSDT,1656518400000,-0.00016405
DOTUSDT,1656547200000,-0.00021068
DOTUSDT,1656576000000,-0.0001642
DOTUSDT,1656604800000,-0.00027844
DOTUSDT,1656633600001,-0.00029774
DOTUSDT,1656662400017,-0.00020488
DOTUSDT,1656691200005,-0.00021129
DOTUSDT,1656720000000,-0.00024682
DOTUSDT,1656748800000,-0.00034927
DOTUSDT,1656777600008,-0.00026263
DOTUSDT,1656806400015,-0.00038029
DOTUSDT,1656835200004,-0.00037676
DOTUSDT,1656864000005,-0.00028276
DOTUSDT,1656892800021,-0.00024628
DOTUSDT,1656921600001,-0.00028521
DOTUSDT,1656950400000,-0.00026286
DOTUSDT,1656979200000,-0.00014819
DOTUSDT,1657008000000,-0.00015847
DOTUSDT,1657036800015,-0.00040508
DOTUSDT,1657065600006,-0.00027969
DOTUSDT,1657094400000,-0.00022253
DOTUSDT,1657123200000,-0.00016323
DOTUSDT,1657152000010,-8.08e-05
DOTUSDT,1657180800010,-4.851e-05
DOTUSDT,1657209600011,-0.00011481
DOTUSDT,1657238400008,-0.00013834
DOTUSDT,1657267200009,-6.964e-05
DOTUSDT,1657296000000,-0.00024841
DOTUSDT,1657324800000,-0.00024853
DOTUSDT,1657353600000,-0.00011457
DOTUSDT,1657382400009,-2.568e-05
DOTUSDT,1657411200001,-2.517e-05
DOTUSDT,1657440000002,-0.00018879
DOTUSDT,1657468800001,-0.00019416
DOTUSDT,1657497600000,-0.00024915
DOTUSDT,1657526400003,-0.00022317
DOTUSDT,1657555200001,-0.00025434
DOTUSDT,1657584000000,-0.00041353
DOTUSDT,1657612800021,-4.232e-05
DOTUSDT,1657641600000,-0.0002823
DOTUSDT,1657670400012,-0.00017465
DOTUSDT,1657699200022,-0.00016759
DOTUSDT,1657728000005,-0.00037442
DOTUSDT,1657756800017,-0.00015528
DOTUSDT,1657785600001,-0.00035585
DOTUSDT,1657814400000,-0.00024489
DOTUSDT,1657843200004,-0.00011628
DOTUSDT,1657872000019,-9.58e-05
DOTUSDT,1657900800017,-6.276e-05
DOTUSDT,1657929600021,4.123e-05
DOTUSDT,1657958400014,-1.203e-05
DOTUSDT,1657987200005,-0.000255
DOTUSDT,1658016000000,-3.03e-06
DOTUSDT,1658044800003,4.529e-05
DOTUSDT,1658073600007,-3.99e-05
DOTUSDT,1658102400001,-8.543e-05
DOTUSDT,1658131200004,-8.019e-05
DOTUSDT,1658160000019,-0.00012058
DOTUSDT,1658188800000,-0.00017457
DOTUSDT,1658217600000,-0.00019188
DOTUSDT,1658246400001,-0.00025569
DOTUSDT,1658275200004,-0.00028189
DOTUSDT,1658304000000,-0.00013005
DOTUSDT,1658332800003,-0.00030008
DOTUSDT,1658361600000,-0.00022877
DOTUSDT,1658390400018,-0.00018571
DOTUSDT,1658419200011,7.784e-05
DOTUSDT,1658448000014,-4.91e-05
DOTUSDT,1658476800000,-7.83e-05
DOTUSDT,1658505600000,-8.756e-05
DOTUSDT,1658534400004,-0.00015735
DOTUSDT,1658563200002,-0.00010385
DOTUSDT,1658592000001,-0.00012988
DOTUSDT,1658620800000,-0.00018586
DOTUSDT,1658649600011,-7.448e-05
DOTUSDT,1658678400000,-0.00012295
DOTUSDT,1658707200000,6.86e-05
DOTUSDT,1658736000014,-0.00026452
DOTUSDT,1658764800006,-0.00012934
DOTUSDT,1658793600010,-0.00033398
DOTUSDT,1658822400000,-0.00028038
DOTUSDT,1658851200000,-0.00039031
DOTUSDT,1658880000008,-0.0004784
DOTUSDT,1658908800000,-0.00048646
DOTUSDT,1658937600003,-0.00028047
DOTUSDT,1658966400009,-0.00024609
DOTUSDT,1658995200008,8.548e-05
DOTUSDT,1659024000013,-9.038e-05
DOTUSDT,1659052800000,-0.00012502
DOTUSDT,1659081600000,1.213e-05
DOTUSDT,1659110400000,3.359e-05
DOTUSDT,1659139200005,-2.436e-05
DOTUSDT,1659168000009,1.39e-06
DOTUSDT,1659196800000,-0.00014051
DOTUSDT,1659225600022,5.492e-05
DOTUSDT,1659254400011,-0.0001528
DOTUSDT,1659283200019,-0.00010002
DOTUSDT,1659312000010,0.0001
DOTUSDT,1659340800019,5.917e-05
DOTUSDT,1659369600017,-9.258e-05
DOTUSDT,1659398400000,-0.00019014
DOTUSDT,1659427200007,-0.00043438
DOTUSDT,1659456000014,-0.00036668
DOTUSDT,1659484800001,-0.00054197
DOTUSDT,1659513600020,-0.00011274
DOTUSDT,1659542400008,-9.566e-05
DOTUSDT,1659571200001,-0.00010582
DOTUSDT,1659600000009,-0.0002107
DOTUSDT,1659628800015,-0.00018991
DOTUSDT,1659657600005,-0.00020941
DOTUSDT,1659686400000,-0.00015411
DOTUSDT,1659715200000,-0.00024315
DOTUSDT,1659744000021,-2.818e-05
DOTUSDT,1659772800000,-0.00012366
DOTUSDT,1659801600015,-0.00013519
DOTUSDT,1659830400013,-1.098e-05
DOTUSDT,1659859200000,-0.00017355
DOTUSDT,1659888000014,-0.00015595
DOTUSDT,1659916800009,-0.00022532
DOTUSDT,1659945600006,-0.00019948
DOTUSDT,1659974400000,1.158e-05
DOTUSDT,1660003200020,8.81e-06
DOTUSDT,1660032000000,-0.00021194
DOTUSDT,1660060800000,-0.00024643
DOTUSDT,1660089600000,-0.00014515
DOTUSDT,1660118400016,-0.00029822
DOTUSDT,1660147200018,0.0001
DOTUSDT,1660176000012,5.37e-06
DOTUSDT,1660204800000,-0.00014172
DOTUSDT,1660233600000,-0.00014469
DOTUSDT,1660262400006,-0.00021383
DOTUSDT,1660291200000,-0.00014482
DOTUSDT,1660320000005,4.6e-07
DOTUSDT,1660348800012,-0.00013128
DOTUSDT,1660377600006,7.484e-05
DOTUSDT,1660406400018,9.59e-05
DOTUSDT,1660435200000,-0.00015556
DOTUSDT,1660464000000,-9.361e-05
DOTUSDT,1660492800000,-0.00039026
DOTUSDT,1660521600010,-0.00037237
DOTUSDT,1660550400002,-0.00020479
DOTUSDT,1660579200010,-0.00016467
DOTUSDT,1660608000010,-0.00020755
DOTUSDT,1660636800002,-9.284e-05
DOTUSDT,1660665600000,-0.00021052
DOTUSDT,1660694400020,-0.00012775
DOTUSDT,1660723200016,-5.681e-05
DOTUSDT,1660752000001,-9.45e-05
DOTUSDT,1660780800005,-0.00026343
DOTUSDT,1660809600012,-0.0001285
DOTUSDT,1660838400013,-0.00011189
DOTUSDT,1660867200000,-0.00032994
DOTUSDT,1660896000000,-0.00037668
DOTUSDT,1660924800009,-0.00028745
DOTUSDT,1660953600000,-0.00035091
DOTUSDT,1660982400005,-0.00035649
DOTUSDT,1661011200000,-0.00024569
DOTUSDT,1661040000010,-0.00040104
DOTUSDT,1661068800013,-0.0003847
DOTUSDT,1661097600000,-0.00037405
DOTUSDT,1661126400011,-0.00041071
DOTUSDT,1661155200005,-0.00024668
DOTUSDT,1661184000005,-0.00013488
DOTUSDT,1661212800000,-0.00022989
DOTUSDT,1661241600021,-0.00026188
DOTUSDT,1661270400005,-0.0001651
DOTUSDT,1661299200017,-0.00017719
DOTUSDT,1661328000021,-0.00018795
DOTUSDT,1661356800000,-0.00013058
DOTUSDT,1661385600003,-0.00021594
DOTUSDT,1661414400000,-0.0001502
DOTUSDT,1661443200004,-0.00024986
DOTUSDT,1661472000001,-7.742e-05
DOTUSDT,1661500800004,-0.00014397
DOTUSDT,1661529600000,-0.0002315
DOTUSDT,1661558400010,-0.00026077
DOTUSDT,1661587200007,-0.0003683
DOTUSDT,1661616000008,-0.000241
DOTUSDT,1661644800019,-0.00028417
DOTUSDT,1661673600000,-0.00024164
DOTUSDT,1661702400000,-0.00021529
DOTUSDT,1661731200000,-0.00027963
DOTUSDT,1661760000000,-0.000183
DOTUSDT,1661788800001,-0.00023975
DOTUSDT,1661817600001,-0.00021357
DOTUSDT,1661846400005,-0.00021643
DOTUSDT,1661875200010,-0.00015325
DOTUSDT,1661904000000,-9.277e-05
DOTUSDT,1661932800005,1.687e-05
DOTUSDT,1661961600013,-0.00010085
DOTUSDT,1661990400012,-0.00018952
DOTUSDT,1662019200000,-0.0001979
DOTUSDT,1662048000013,-0.00024129
DOTUSDT,1662076800002,-8.025e-05
DOTUSDT,1662105600013,-1.512e-05
DOTUSDT,1662134400000,-2.096e-05
DOTUSDT,1662163200000,-5e-07
DOTUSDT,1662192000002,-8.623e-05
DOTUSDT,1662220800007,-3.413e-05
DOTUSDT,1662249600008,2.679e-05
DOTUSDT,1662278400009,-5.264e-05
DOTUSDT,1662307200000,-9.437e-05
DOTUSDT,1662336000015,-5.247e-05
DOTUSDT,1662364800013,0.0001
DOTUSDT,1662393600007,4.426e-05
DOTUSDT,1662422400018,-0.00018989
DOTUSDT,1662451200020,3.19e-06
DOTUSDT,1662480000028,1.722e-05
DOTUSDT,1662508800013,-0.00031728
DOTUSDT,1662537600022,-0.00015976
DOTUSDT,1662566400021,-5.958e-05
DOTUSDT,1662595200010,1.185e-05
DOTUSDT,1662624000000,1.7e-07
DOTUSDT,1662652800003,-0.00011774
DOTUSDT,1662681600011,8.908e-05
DOTUSDT,1662710400000,3.24e-06
DOTUSDT,1662739200000,5.323e-05
DOTUSDT,1662768000003,3.971e-05
DOTUSDT,1662796800000,-7.66e-06
DOTUSDT,1662825600012,2.996e-05
DOTUSDT,1662854400009,-6.67e-06
DOTUSDT,1662883200012,4.103e-05
DOTUSDT,1662912000005,-4.24e-05
DOTUSDT,1662940800007,-8.119e-05
DOTUSDT,1662969600013,-2.459e-05
DOTUSDT,1662998400000,-3.328e-05
DOTUSDT,1663027200004,-0.00013909
DOTUSDT,1663056000000,-2.541e-05
DOTUSDT,1663084800000,-0.00016008
DOTUSDT,1663113600000,-0.0002826
DOTUSDT,1663142400000,-7.421e-05
DOTUSDT,1663171200000,-0.00017203
DOTUSDT,1663200000019,-9.197e-05
DOTUSDT,1663228800012,-0.00027739
DOTUSDT,1663257600007,-0.00031053
DOTUSDT,1663286400000,-0.0001217
DOTUSDT,1663315200000,-4.447e-05
DOTUSDT,1663344000000,-0.00022912
DOTUSDT,1663372800000,-8.315e-05
DOTUSDT,1663401600012,-0.00020069
DOTUSDT,1663430400017,-0.00011332
DOTUSDT,1663459200000,-1.492e-05
DOTUSDT,1663488000004,-2.64e-06
DOTUSDT,1663516800000,-3.551e-05
DOTUSDT,1663545600018,-0.00015905
DOTUSDT,1663574400006,-4.315e-05
DOTUSDT,1663603200010,-0.00017672
DOTUSDT,1663632000007,-0.00017507
DOTUSDT,1663660800001,-3.849e-05
DOTUSDT,1663689600000,-0.0002277
DOTUSDT,1663718400001,-9.925e-05
DOTUSDT,1663747200005,-0.00019848
DOTUSDT,1663776000000,-3.895e-05
DOTUSDT,1663804800000,-0.00051785
DOTUSDT,1663833600000,-4.436e-05
DOTUSDT,1663862400011,-7.79e-06
DOTUSDT,1663891200023,-6.764e-05
DOTUSDT,1663920000004,6.108e-05
DOTUSDT,1663948800005,-9.755e-05
DOTUSDT,1663977600000,-0.00021394
DOTUSDT,1664006400005,-3.948e-05
DOTUSDT,1664035200000,-0.00013299
DOTUSDT,1664064000010,-0.00027246
DOTUSDT,1664092800000,-0.00015381
DOTUSDT,1664121600003,-0.00023681
DOTUSDT,1664150400001,-0.00021842
DOTUSDT,1664179200006,-0.00010218
DOTUSDT,1664208000000,1.769e-05
DOTUSDT,1664236800026,9.548e-05
DOTUSDT,1664265600004,-7.952e-05
DOTUSDT,1664294400006,2.8e-07
DOTUSDT,1664323200011,-0.00018771
DOTUSDT,1664352000000,-0.00019576
DOTUSDT,1664380800000,-0.00011461
DOTUSDT,1664409600010,-8.279e-05
DOTUSDT,1664438400000,-7.281e-05
DOTUSDT,1664467200000,2.262e-05
DOTUSDT,1664496000006,-4.096e-05
DOTUSDT,1664524800002,-2.615e-05
DOTUSDT,1664553600007,-5.436e-05
DOTUSDT,1664582400008,-9.243e-05
DOTUSDT,1664611200011,-1.627e-05
DOTUSDT,1664640000000,-4.433e-05
DOTUSDT,1664668800000,-3.651e-05
DOTUSDT,1664697600000,1.271e-05
DOTUSDT,1664726400006,-0.00010266
DOTUSDT,1664755200000,-0.00016919
DOTUSDT,1664784000014,-0.00012337
DOTUSDT,1664812800010,-4.427e-05
DOTUSDT,1664841600006,2.32e-05
DOTUSDT,1664870400004,2.956e-05
DOTUSDT,1664899200013,2.245e-05
DOTUSDT,1664928000000,8.285e-05
DOTUSDT,1664956800000,-2.4e-05
DOTUSDT,1664985600012,-0.00013676
DOTUSDT,1665014400008,2.794e-05
DOTUSDT,1665043200002,-4.493e-05
DOTUSDT,1665072000006,-5.483e-05
DOTUSDT,1665100800000,-0.00018201
DOTUSDT,1665129600000,-7.423e-05
DOTUSDT,1665158400007,-0.00014534
DOTUSDT,1665187200010,-0.00011435
DOTUSDT,1665216000004,6.553e-05
DOTUSDT,1665244800018,-3.05e-05
DOTUSDT,1665273600000,-6.27e-05
DOTUSDT,1665302400007,-4.204e-05
DOTUSDT,1665331200011,4.72e-05
DOTUSDT,1665360000018,0.0001
DOTUSDT,1665388800000,1.581e-05
DOTUSDT,1665417600026,-0.00010122
DOTUSDT,1665446400020,-6.5e-05
DOTUSDT,1665475200027,-0.00014443
DOTUSDT,1665504000000,-8.956e-05
DOTUSDT,1665532800014,-8.746e-05
DOTUSDT,1665561600000,-7.164e-05
DOTUSDT,1665590400000,-6.34e-06
DOTUSDT,1665619200013,-0.00017798
DOTUSDT,1665648000016,-0.00027686
DOTUSDT,1665676800009,-0.00033764
DOTUSDT,1665705600020,-0.00023363
DOTUSDT,1665734400000,-2.778e-05
DOTUSDT,1665763200009,4.01e-05
DOTUSDT,1665792000001,-0.00016393
DOTUSDT,1665820800005,-0.00013875
DOTUSDT,1665849600004,9.38e-06
DOTUSDT,1665878400012,-3.585e-05
DOTUSDT,1665907200000,6.92e-06
DOTUSDT,1665936000010,-7.519e-05
DOTUSDT,1665964800012,-1.575e-05
DOTUSDT,1665993600010,-2.516e-05
DOTUSDT,1666022400017,-3.92e-05
DOTUSDT,1666051200010,-1.833e-05
DOTUSDT,1666080000008,-2.167e-05
DOTUSDT,1666108800000,-6.458e-05
DOTUSDT,1666137600007,-4.216e-05
DOTUSDT,1666166400022,3.33e-06
DOTUSDT,1666195200016,-0.00025373
DOTUSDT,1666224000000,-9.915e-05
DOTUSDT,1666252800013,6.337e-05
DOTUSDT,1666281600000,-0.0001034
DOTUSDT,1666310400005,-0.00041919
DOTUSDT,1666339200018,-0.00028151
DOTUSDT,1666368000000,-0.00013121
DOTUSDT,1666396800000,-0.00015119
DOTUSDT,1666425600015,-0.00015632
DOTUSDT,1666454400000,-0.0001435
DOTUSDT,1666483200025,-0.00019962
DOTUSDT,1666512000000,7.15e-06
DOTUSDT,1666540800004,-0.00017877
DOTUSDT,1666569600009,-7.066e-05
DOTUSDT,1666598400012,-0.00016336
DOTUSDT,1666627200002,-0.00019262
DOTUSDT,1666656000013,-8.725e-05
DOTUSDT,1666684800013,-0.00014452
DOTUSDT,1666713600000,-9.285e-05
DOTUSDT,1666742400006,0.0001
DOTUSDT,1666771200013,3.6e-05
DOTUSDT,1666800000000,-7.33e-06
DOTUSDT,1666828800009,-5.4e-06
DOTUSDT,1666857600006,5.568e-05
DOTUSDT,1666886400009,-6.462e-05
DOTUSDT,1666915200000,-6.119e-05
DOTUSDT,1666944000000,2.824e-05
DOTUSDT,1666972800007,-9.557e-05
DOTUSDT,1667001600000,-5.077e-05
DOTUSDT,1667030400003,4.2e-07
DOTUSDT,1667059200010,1.244e-05
DOTUSDT,1667088000000,-5.78e-06
DOTUSDT,1667116800013,7.349e-05
DOTUSDT,1667145600009,-0.00010761
DOTUSDT,1667174400012,3.028e-05
DOTUSDT,1667203200000,-8.49e-06
DOTUSDT,1667232000010,1.89e-05
DOTUSDT,1667260800000,-0.0001031
DOTUSDT,1667289600000,-1.54e-06
DOTUSDT,1667318400000,-5.282e-05
DOTUSDT,1667347200000,-2.483e-05
DOTUSDT,1667376000000,-1.97e-06
DOTUSDT,1667404800019,-1.35e-06
DOTUSDT,1667433600011,-0.00020732
DOTUSDT,1667462400016,-0.00018487
DOTUSDT,1667491200005,-8.538e-05
DOTUSDT,1667520000000,-5.625e-05
DOTUSDT,1667548800004,0.0001
DOTUSDT,1667577600020,3.95e-05
DOTUSDT,1667606400009,-3.891e-05
DOTUSDT,1667635200007,-2.742e-05
DOTUSDT,1667664000018,-4.163e-05
DOTUSDT,1667692800009,2.996e-05
DOTUSDT,1667721600000,9.82e-06
DOTUSDT,1667750400010,-3.465e-05
DOTUSDT,1667779200012,-7.726e-05
DOTUSDT,1667808000014,-0.000105
DOTUSDT,1667836800006,3.643e-05
DOTUSDT,1667865600000,0.0001
DOTUSDT,1667894400001,-0.00021743
DOTUSDT,1667923200005,-0.00016538
DOTUSDT,1667952000000,-0.00102151
DOTUSDT,1667980800013,-0.00072523
DOTUSDT,1668009600004,-0.00016882
DOTUSDT,1668038400006,-0.00041658
DOTUSDT,1668067200000,-0.00031809
DOTUSDT,1668096000015,-0.000587
DOTUSDT,1668124800000,-3.525e-05
DOTUSDT,1668153600015,2.499e-05
DOTUSDT,1668182400027,-0.00034534
DOTUSDT,1668211200007,-0.00031702
DOTUSDT,1668240000016,-0.00017985
DOTUSDT,1668268800000,-7.778e-05
DOTUSDT,1668297600004,-0.00011509
DOTUSDT,1668326400000,7.291e-05
DOTUSDT,1668355200017,-0.00011028
DOTUSDT,1668384000000,2.227e-05
DOTUSDT,1668412800000,-6.97e-06
DOTUSDT,1668441600000,-5.273e-05
DOTUSDT,1668470400014,-0.00012336
DOTUSDT,1668499200009,0.0001
DOTUSDT,1668528000010,2.487e-05
DOTUSDT,1668556800011,7.42e-06
DOTUSDT,1668585600004,-4.688e-05
DOTUSDT,1668614400008,-5.809e-05
DOTUSDT,1668643200000,-9.971e-05
DOTUSDT,1668672000000,-0.00015214
DOTUSDT,1668700800006,-3.109e-05
DOTUSDT,1668729600004,4.903e-05
DOTUSDT,1668758400016,-6.682e-05
DOTUSDT,1668787200000,-0.00024102
DOTUSDT,1668816000000,-0.0002193
DOTUSDT,1668844800004,-7.679e-05
DOTUSDT,1668873600024,-0.00016693
DOTUSDT,1668902400015,-0.00014673
DOTUSDT,1668931200004,-8.737e-05
DOTUSDT,1668960000000,-7.767e-05
DOTUSDT,1668988800006,-0.00024736
DOTUSDT,1669017600015,-0.00016998
DOTUSDT,1669046400000,-0.0002641
DOTUSDT,1669075200000,-8.02e-06
DOTUSDT,1669104000000,2.978e-05
DOTUSDT,1669132800000,-0.00043037
DOTUSDT,1669161600000,6.701e-05
DOTUSDT,1669190400011,-5.73e-06
DOTUSDT,1669219200014,2.74e-05
DOTUSDT,1669248000007,-0.00011384
DOTUSDT,1669276800014,-0.00076165
DOTUSDT,1669305600013,1.914e-05
DOTUSDT,1669334400004,-0.00019848
DOTUSDT,1669363200015,-0.00045636
DOTUSDT,1669392000000,-0.00042581
DOTUSDT,1669420800011,-0.00024155
DOTUSDT,1669449600000,-0.00047946
DOTUSDT,1669478400000,-0.00014245
DOTUSDT,1669507200012,-0.00015068
DOTUSDT,1669536000000,-0.00014643
DOTUSDT,1669564800003,-0.00026088
DOTUSDT,1669593600015,-0.00024637
DOTUSDT,1669622400004,-0.00057759
DOTUSDT,1669651200011,-0.00040277
DOTUSDT,1669680000000,-0.00013186
DOTUSDT,1669708800015,-4.652e-05
DOTUSDT,1669737600000,-7.416e-05
DOTUSDT,1669766400007,3.642e-05
DOTUSDT,1669795200000,-0.00020285
DOTUSDT,1669824000015,-7.995e-05
DOTUSDT,1669852800001,-0.00021141
DOTUSDT,1669881600006,0.0001
DOTUSDT,1669910400000,9.992e-05
DOTUSDT,1669939200001,-4.857e-05
DOTUSDT,1669968000016,4.738e-05
DOTUSDT,1669996800017,-0.00016052
DOTUSDT,1670025600006,3.872e-05
DOTUSDT,1670054400000,-7.5e-05
DOTUSDT,1670083200011,-7.776e-05
DOTUSDT,1670112000006,-0.00017474
DOTUSDT,1670140800000,-8.998e-05
DOTUSDT,1670169600006,-1.325e-05
DOTUSDT,1670198400002,-0.00032224
DOTUSDT,1670227200011,8.1e-06
DOTUSDT,1670256000008,0.0001
DOTUSDT,1670284800014,-0.00018665
DOTUSDT,1670313600027,-6.823e-05
DOTUSDT,1670342400009,-0.00010411
DOTUSDT,1670371200000,0.0001
DOTUSDT,1670400000000,6.517e-05
DOTUSDT,1670428800000,4.764e-05
DOTUSDT,1670457600006,2.108e-05
DOTUSDT,1670486400000,0.0001
DOTUSDT,1670515200014,-0.00012889
DOTUSDT,1670544000017,-5.791e-05
DOTUSDT,1670572800005,0.0001
DOTUSDT,1670601600000,9.98e-05
DOTUSDT,1670630400009,-0.000392
DOTUSDT,1670659200010,0.0001
DOTUSDT,1670688000001,3.778e-05
DOTUSDT,1670716800011,7.668e-05
DOTUSDT,1670745600007,5.003e-05
DOTUSDT,1670774400011,0.0001
DOTUSDT,1670803200000,-5.936e-05
DOTUSDT,1670832000004,-9.773e-05
DOTUSDT,1670860800000,5.046e-05
DOTUSDT,1670889600000,0.0001
DOTUSDT,1670918400018,0.0001
DOTUSDT,1670947200011,7.004e-05
DOTUSDT,1670976000010,0.0001
DOTUSDT,1671004800015,0.0001
DOTUSDT,1671033600004,0.0001
DOTUSDT,1671062400000,0.0001
DOTUSDT,1671091200023,7.27e-06
DOTUSDT,1671120000010,0.0001
DOTUSDT,1671148800016,0.0001
DOTUSDT,1671177600011,9.61e-05
DOTUSDT,1671206400001,-7.324e-05
DOTUSDT,1671235200001,-0.00011689
DOTUSDT,1671264000011,-0.00020025
DOTUSDT,1671292800011,-0.00030785
DOTUSDT,1671321600008,-0.00028708
DOTUSDT,1671350400001,-0.00013344
DOTUSDT,1671379200012,-0.00013769
DOTUSDT,1671408000000,-0.00021095
DOTUSDT,1671436800000,-7.323e-05
DOTUSDT,1671465600000,-1.402e-05
DOTUSDT,1671494400005,-0.00016242
DOTUSDT,1671523200016,4.304e-05
DOTUSDT,1671552000000,-7.292e-05
DOTUSDT,1671580800007,9.362e-05
DOTUSDT,1671609600012,-5.935e-05
DOTUSDT,1671638400017,-0.00012551
DOTUSDT,1671667200004,-0.00016149
DOTUSDT,1671696000000,-0.00020639
DOTUSDT,1671724800001,-7.907e-05
DOTUSDT,1671753600018,0.0001
DOTUSDT,1671782400000,-4.14e-06
DOTUSDT,1671811200000,4.416e-05
DOTUSDT,1671840000001,-1.485e-05
DOTUSDT,1671868800007,-1.622e-05
DOTUSDT,1671897600008,-1.65e-06
DOTUSDT,1671926400000,9.35e-06
DOTUSDT,1671955200013,4.898e-05
DOTUSDT,1671984000000,3.264e-05
DOTUSDT,1672012800001,0.0001
DOTUSDT,1672041600000,1.681e-05
DOTUSDT,1672070400005,-0.00014086
DOTUSDT,1672099200005,-9.24e-05
DOTUSDT,1672128000010,-2.898e-05
DOTUSDT,1672156800006,-0.00011529
DOTUSDT,1672185600010,0.0001
DOTUSDT,1672214400010,-0.00011514
DOTUSDT,1672243200010,9.587e-05
DOTUSDT,1672272000011,0.0001
DOTUSDT,1672300800000,-9.61e-06
DOTUSDT,1672329600008,-6.95e-06
DOTUSDT,1672358400000,2.99e-05
DOTUSDT,1672387200000,4.609e-05
DOTUSDT,1672416000000,4.232e-05
AVAXUSDT,1651363200000,-0.00032861
AVAXUSDT,1651392000000,-0.00022359
AVAXUSDT,1651420800010,-0.0001393
AVAXUSDT,1651449600018,3.157e-05
AVAXUSDT,1651478400007,-0.00016964
AVAXUSDT,1651507200000,-0.00025609
AVAXUSDT,1651536000006,-5.582e-05
AVAXUSDT,1651564800000,-0.00013535
AVAXUSDT,1651593600021,3.24e-06
AVAXUSDT,1651622400007,-0.00010224
AVAXUSDT,1651651200011,-0.00011753
AVAXUSDT,1651680000000,-2.701e-05
AVAXUSDT,1651708800005,0.0001
AVAXUSDT,1651737600019,0.0001
AVAXUSDT,1651766400005,2.819e-05
AVAXUSDT,1651795200005,-0.00026094
AVAXUSDT,1651824000001,-0.0001059
AVAXUSDT,1651852800010,-2.998e-05
AVAXUSDT,1651881600004,-0.00013977
AVAXUSDT,1651910400016,-0.00012527
AVAXUSDT,1651939200011,-1.425e-05
AVAXUSDT,1651968000000,1.776e-05
AVAXUSDT,1651996800007,6.815e-05
AVAXUSDT,1652025600015,0.0001
AVAXUSDT,1652054400000,4.748e-05
AVAXUSDT,1652083200001,1.037e-05
AVAXUSDT,1652112000000,-5.4e-05
AVAXUSDT,1652140800000,-0.00023181
AVAXUSDT,1652169600007,-0.00012447
AVAXUSDT,1652198400008,-0.00028688
AVAXUSDT,1652227200004,-0.00029213
AVAXUSDT,1652256000007,-0.00075956
AVAXUSDT,1652284800008,-0.00058614
AVAXUSDT,1652313600014,-0.00054573
AVAXUSDT,1652342400000,-0.00128784
AVAXUSDT,1652371200007,-0.00022346
AVAXUSDT,1652400000014,-0.00020965
AVAXUSDT,1652428800001,-0.00018515
AVAXUSDT,1652457600000,6.61e-05
AVAXUSDT,1652486400000,-0.00017923
AVAXUSDT,1652515200000,-0.00019336
AVAXUSDT,1652544000001,-9.06e-06
AVAXUSDT,1652572800000,6.411e-05
AVAXUSDT,1652601600000,0.0001
AVAXUSDT,1652630400000,0.0001
AVAXUSDT,1652659200021,5.682e-05
AVAXUSDT,1652688000013,-0.00012959
AVAXUSDT,1652716800006,9.463e-05
AVAXUSDT,1652745600000,-9.67e-05
AVAXUSDT,1652774400010,-5.521e-05
AVAXUSDT,1652803200023,-0.00013521
AVAXUSDT,1652832000003,-0.00028095
AVAXUSDT,1652860800024,-0.0001734
AVAXUSDT,1652889600014,-0.00022931
AVAXUSDT,1652918400000,-0.000351
AVAXUSDT,1652947200008,-0.00016709
AVAXUSDT,1652976000015,-0.00012438
AVAXUSDT,1653004800001,-9.749e-05
AVAXUSDT,1653033600003,-0.00013397
AVAXUSDT,1653062400012,8.2e-06
AVAXUSDT,1653091200008,-0.0005469
AVAXUSDT,1653120000001,-0.00040853
AVAXUSDT,1653148800007,-0.00026439
AVAXUSDT,1653177600003,-0.00017427
AVAXUSDT,1653206400016,-6.929e-05
AVAXUSDT,1653235200000,5.985e-05
AVAXUSDT,1653264000011,-8.653e-05
AVAXUSDT,1653292800000,-8.25e-06
AVAXUSDT,1653321600023,-0.00014806
AVAXUSDT,1653350400011,-0.00051343
AVAXUSDT,1653379200000,-0.0003183
AVAXUSDT,1653408000009,-0.00049738
AVAXUSDT,1653436800001,-0.00060233
AVAXUSDT,1653465600000,-0.00021397
AVAXUSDT,1653494400015,-0.00023972
AVAXUSDT,1653523200005,-6.481e-05
AVAXUSDT,1653552000001,-0.00032587
AVAXUSDT,1653580800000,-0.00048658
AVAXUSDT,1653609600007,-0.00027992
AVAXUSDT,1653638400008,-0.00026401
AVAXUSDT,1653667200000,-6.224e-05
AVAXUSDT,1653696000018,-0.00022219
AVAXUSDT,1653724800016,8.34e-05
AVAXUSDT,1653753600013,-9.735e-05
AVAXUSDT,1653782400000,2.008e-05
AVAXUSDT,1653811200025,-0.00022127
AVAXUSDT,1653840000002,4.002e-05
AVAXUSDT,1653868800000,-0.0001988
AVAXUSDT,1653897600013,-3.255e-05
AVAXUSDT,1653926400005,3.844e-05
AVAXUSDT,1653955200016,-0.00011926
AVAXUSDT,1653984000000,0.0001
AVAXUSDT,1654012800000,-1.966e-05
AVAXUSDT,1654041600000,-8.331e-05
AVAXUSDT,1654070400011,-9.633e-05
AVAXUSDT,1654099200000,-4.792e-05
AVAXUSDT,1654128000000,-0.00015497
AVAXUSDT,1654156800006,-3.296e-05
AVAXUSDT,1654185600021,-6.058e-05
AVAXUSDT,1654214400016,-5.184e-05
AVAXUSDT,1654243200016,-4.587e-05
AVAXUSDT,1654272000012,-0.00018001
AVAXUSDT,1654300800005,-0.00016644
AVAXUSDT,1654329600000,4.031e-05
AVAXUSDT,1654358400007,-8.952e-05
AVAXUSDT,1654387200005,-0.00017238
AVAXUSDT,1654416000015,0.0001
AVAXUSDT,1654444800000,0.0001
AVAXUSDT,1654473600000,0.0001
AVAXUSDT,1654502400017,0.0001
AVAXUSDT,1654531200000,0.0001
AVAXUSDT,1654560000000,7.706e-05
AVAXUSDT,1654588800011,-8.507e-05
AVAXUSDT,1654617600000,-4.74e-05
AVAXUSDT,1654646400008,0.0001
AVAXUSDT,1654675200020,5.066e-05
AVAXUSDT,1654704000012,0.0001
AVAXUSDT,1654732800000,6.617e-05
AVAXUSDT,1654761600000,-7e-06
AVAXUSDT,1654790400000,6.197e-05
AVAXUSDT,1654819200009,3.956e-05
AVAXUSDT,1654848000000,6.761e-05
AVAXUSDT,1654876800006,-0.00034653
AVAXUSDT,1654905600018,-0.00012106
AVAXUSDT,1654934400014,-0.00014259
AVAXUSDT,1654963200000,-0.00050123
AVAXUSDT,1654992000015,-0.00033509
AVAXUSDT,1655020800019,-0.00044071
AVAXUSDT,1655049600010,-0.00022681
AVAXUSDT,1655078400009,-0.00024702
AVAXUSDT,1655107200000,-0.00057981
AVAXUSDT,1655136000007,-0.00034753
AVAXUSDT,1655164800013,-0.0002674
AVAXUSDT,1655193600008,-0.00026683
AVAXUSDT,1655222400006,-0.00040631
AVAXUSDT,1655251200000,-0.00045364
AVAXUSDT,1655280000016,-0.00035776
AVAXUSDT,1655308800008,-0.00010931
AVAXUSDT,1655337600009,-0.00017259
AVAXUSDT,1655366400016,0.0001
AVAXUSDT,1655395200000,-0.00033615
AVAXUSDT,1655424000008,-0.00032282
AVAXUSDT,1655452800003,-0.00025993
AVAXUSDT,1655481600000,-0.00027765
AVAXUSDT,1655510400020,-4.872e-05
AVAXUSDT,1655539200025,-0.00069754
AVAXUSDT,1655568000014,-0.00034177
AVAXUSDT,1655596800012,-0.00011139
AVAXUSDT,1655625600012,-0.00012943
AVAXUSDT,1655654400008,-0.00010815
AVAXUSDT,1655683200016,0.0001
AVAXUSDT,1655712000000,0.0001
AVAXUSDT,1655740800013,0.0001
AVAXUSDT,1655769600012,0.0001
AVAXUSDT,1655798400018,0.0001
AVAXUSDT,1655827200010,0.0001
AVAXUSDT,1655856000000,-0.00018811
AVAXUSDT,1655884800001,-4.32e-05
AVAXUSDT,1655913600012,4.156e-05
AVAXUSDT,1655942400000,4.911e-05
AVAXUSDT,1655971200000,9.899e-05
AVAXUSDT,1656000000016,-6.16e-05
AVAXUSDT,1656028800005,0.0001
AVAXUSDT,1656057600004,0.0001
AVAXUSDT,1656086400018,0.0001
AVAXUSDT,1656115200001,3.333e-05
AVAXUSDT,1656144000010,-4.211e-05
AVAXUSDT,1656172800000,0.0001
AVAXUSDT,1656201600002,0.0001
AVAXUSDT,1656230400016,0.0001
AVAXUSDT,1656259200006,-9.021e-05
AVAXUSDT,1656288000008,2.963e-05
AVAXUSDT,1656316800000,3.678e-05
AVAXUSDT,1656345600016,0.0001
AVAXUSDT,1656374400016,-9.046e-05
AVAXUSDT,1656403200001,-9.551e-05
AVAXUSDT,1656432000005,9.28e-06
AVAXUSDT,1656460800000,-3.331e-05
AVAXUSDT,1656489600013,-4.193e-05
AVAXUSDT,1656518400000,-0.00016529
AVAXUSDT,1656547200000,-0.00033248
AVAXUSDT,1656576000000,-6.274e-05
AVAXUSDT,1656604800000,-0.00036037
AVAXUSDT,1656633600001,-0.00032846
AVAXUSDT,1656662400017,-0.00053371
AVAXUSDT,1656691200005,-0.00025034
AVAXUSDT,1656720000000,-7.651e-05
AVAXUSDT,1656748800000,-5.881e-05
AVAXUSDT,1656777600008,-0.00013895
AVAXUSDT,1656806400015,7.548e-05
AVAXUSDT,1656835200004,-0.00033828
AVAXUSDT,1656864000005,-0.00019384
AVAXUSDT,1656892800021,-0.00019556
AVAXUSDT,1656921600001,-0.00021084
AVAXUSDT,1656950400000,-0.00033619
AVAXUSDT,1656979200000,-0.00015367
AVAXUSDT,1657008000000,-6.908e-05
AVAXUSDT,1657036800015,-0.00012386
AVAXUSDT,1657065600006,1.825e-05
AVAXUSDT,1657094400000,-3.819e-05
AVAXUSDT,1657123200000,-3.918e-05
AVAXUSDT,1657152000010,4.828e-05
AVAXUSDT,1657180800010,-0.00012556
AVAXUSDT,1657209600011,-9.335e-05
AVAXUSDT,1657238400008,7.256e-05
AVAXUSDT,1657267200009,1.185e-05
AVAXUSDT,1657296000000,-4.694e-05
AVAXUSDT,1657324800000,-3.43e-06
AVAXUSDT,1657353600000,0.0001
AVAXUSDT,1657382400009,-0.00031711
AVAXUSDT,1657411200001,1.077e-05
AVAXUSDT,1657440000002,-3.349e-05
AVAXUSDT,1657468800001,5.31e-06
AVAXUSDT,1657497600000,-8.03e-05
AVAXUSDT,1657526400003,5.129e-05
AVAXUSDT,1657555200001,-3.959e-05
AVAXUSDT,1657584000000,-0.00010471
AVAXUSDT,1657612800021,2.967e-05
AVAXUSDT,1657641600000,-0.00014871
AVAXUSDT,1657670400012,9.464e-05
AVAXUSDT,1657699200022,-0.00033534
AVAXUSDT,1657728000005,-0.00052705
AVAXUSDT,1657756800017,-0.00010468
AVAXUSDT,1657785600001,0.0001
AVAXUSDT,1657814400000,-3.82e-06
AVAXUSDT,1657843200004,0.0001
AVAXUSDT,1657872000019,0.0001
AVAXUSDT,1657900800017,8.818e-05
AVAXUSDT,1657929600021,1.235e-05
AVAXUSDT,1657958400014,0.0001
AVAXUSDT,1657987200005,2.094e-05
AVAXUSDT,1658016000000,0.0001
AVAXUSDT,1658044800003,0.0001
AVAXUSDT,1658073600007,0.0001
AVAXUSDT,1658102400001,0.0001
AVAXUSDT,1658131200004,0.0001
AVAXUSDT,1658160000019,0.0001
AVAXUSDT,1658188800000,0.0001
AVAXUSDT,1658217600000,0.0001
AVAXUSDT,1658246400001,0.0001
AVAXUSDT,1658275200004,0.0001
AVAXUSDT,1658304000000,0.0001
AVAXUSDT,1658332800003,0.0001
AVAXUSDT,1658361600000,0.0001
AVAXUSDT,1658390400018,0.0001
AVAXUSDT,1658419200011,0.0001
AVAXUSDT,1658448000014,0.0001
AVAXUSDT,1658476800000,0.0001
AVAXUSDT,1658505600000,6.143e-05
AVAXUSDT,1658534400004,1.853e-05
AVAXUSDT,1658563200002,7.93e-06
AVAXUSDT,1658592000001,9.958e-05
AVAXUSDT,1658620800000,1.455e-05
AVAXUSDT,1658649600011,-7.334e-05
AVAXUSDT,1658678400000,-3.615e-05
AVAXUSDT,1658707200000,1.368e-05
AVAXUSDT,1658736000014,0.0001
AVAXUSDT,1658764800006,7.913e-05
AVAXUSDT,1658793600010,-2.782e-05
AVAXUSDT,1658822400000,-0.00010227
AVAXUSDT,1658851200000,-0.00013507
AVAXUSDT,1658880000008,-9.412e-05
AVAXUSDT,1658908800000,-0.00020447
AVAXUSDT,1658937600003,-0.00018911
AVAXUSDT,1658966400009,0.0001
AVAXUSDT,1658995200008,-6.258e-05
AVAXUSDT,1659024000013,-3.06e-06
AVAXUSDT,1659052800000,0.0001
AVAXUSDT,1659081600000,6.543e-05
AVAXUSDT,1659110400000,0.0001
AVAXUSDT,1659139200005,0.0001
AVAXUSDT,1659168000009,0.0001
AVAXUSDT,1659196800000,0.0001
AVAXUSDT,1659225600022,0.0001
AVAXUSDT,1659254400011,0.0001
AVAXUSDT,1659283200019,0.0001
AVAXUSDT,1659312000010,2.026e-05
AVAXUSDT,1659340800019,0.0001
AVAXUSDT,1659369600017,4.108e-05
AVAXUSDT,1659398400000,5.75e-05
AVAXUSDT,1659427200007,-0.00011643
AVAXUSDT,1659456000014,-1.01e-06
AVAXUSDT,1659484800001,-0.00010672
AVAXUSDT,1659513600020,-2.543e-05
AVAXUSDT,1659542400008,0.0001
AVAXUSDT,1659571200001,0.0001
AVAXUSDT,1659600000009,0.0001
AVAXUSDT,1659628800015,3.801e-05
AVAXUSDT,1659657600005,0.0001
AVAXUSDT,1659686400000,0.0001
AVAXUSDT,1659715200000,0.0001
AVAXUSDT,1659744000021,0.0001
AVAXUSDT,1659772800000,0.0001
AVAXUSDT,1659801600015,0.0001
AVAXUSDT,1659830400013,0.0001
AVAXUSDT,1659859200000,0.0001
AVAXUSDT,1659888000014,0.0001
AVAXUSDT,1659916800009,0.0001
AVAXUSDT,1659945600006,-9.173e-05
AVAXUSDT,1659974400000,0.0001
AVAXUSDT,1660003200020,0.0001
AVAXUSDT,1660032000000,0.0001
AVAXUSDT,1660060800000,0.0001
AVAXUSDT,1660089600000,0.0001
AVAXUSDT,1660118400016,0.0001
AVAXUSDT,1660147200018,0.0001
AVAXUSDT,1660176000012,-9.479e-05
AVAXUSDT,1660204800000,0.0001
AVAXUSDT,1660233600000,0.0001
AVAXUSDT,1660262400006,0.0001
AVAXUSDT,1660291200000,0.0001
AVAXUSDT,1660320000005,0.0001
AVAXUSDT,1660348800012,0.0001
AVAXUSDT,1660377600006,0.0001
AVAXUSDT,1660406400018,0.0001
AVAXUSDT,1660435200000,8.862e-05
AVAXUSDT,1660464000000,7.349e-05
AVAXUSDT,1660492800000,-5.497e-05
AVAXUSDT,1660521600010,1.294e-05
AVAXUSDT,1660550400002,-7.29e-06
AVAXUSDT,1660579200010,-3.935e-05
AVAXUSDT,1660608000010,-8.822e-05
AVAXUSDT,1660636800002,0.0001
AVAXUSDT,1660665600000,1.176e-05
AVAXUSDT,1660694400020,4.054e-05
AVAXUSDT,1660723200016,5.5e-07
AVAXUSDT,1660752000001,6.991e-05
AVAXUSDT,1660780800005,-0.00010843
AVAXUSDT,1660809600012,-7.06e-06
AVAXUSDT,1660838400013,-0.0001126
AVAXUSDT,1660867200000,-0.00015843
AVAXUSDT,1660896000000,-0.00043601
AVAXUSDT,1660924800009,-0.00042151
AVAXUSDT,1660953600000,-0.00029013
AVAXUSDT,1660982400005,-0.000234
AVAXUSDT,1661011200000,-0.00045359
AVAXUSDT,1661040000010,2.546e-05
AVAXUSDT,1661068800013,-7.518e-05
AVAXUSDT,1661097600000,-1.639e-05
AVAXUSDT,1661126400011,-0.00012082
AVAXUSDT,1661155200005,-7.513e-05
AVAXUSDT,1661184000005,5.479e-05
AVAXUSDT,1661212800000,5.479e-05
AVAXUSDT,1661241600021,-5.602e-05
AVAXUSDT,1661270400005,2.08e-06
AVAXUSDT,1661299200017,3.322e-05
AVAXUSDT,1661328000021,4.24e-06
AVAXUSDT,1661356800000,7.173e-05
AVAXUSDT,1661385600003,-7.721e-05
AVAXUSDT,1661414400000,-3.6e-07
AVAXUSDT,1661443200004,-0.00019984
AVAXUSDT,1661472000001,-4.429e-05
AVAXUSDT,1661500800004,-2.708e-05
AVAXUSDT,1661529600000,-0.00023473
AVAXUSDT,1661558400010,-0.00029125
AVAXUSDT,1661587200007,-0.00046211
AVAXUSDT,1661616000008,-9.907e-05
AVAXUSDT,1661644800019,-0.00045148
AVAXUSDT,1661673600000,-0.00016823
AVAXUSDT,1661702400000,-0.00023615
AVAXUSDT,1661731200000,-0.00040737
AVAXUSDT,1661760000000,-0.0004212
AVAXUSDT,1661788800001,-0.00049879
AVAXUSDT,1661817600001,-0.00036987
AVAXUSDT,1661846400005,-0.00023571
AVAXUSDT,1661875200010,-0.00013227
AVAXUSDT,1661904000000,0.0001
AVAXUSDT,1661932800005,-0.00021368
AVAXUSDT,1661961600013,-0.00016054
AVAXUSDT,1661990400012,-5.149e-05
AVAXUSDT,1662019200000,-3.321e-05
AVAXUSDT,1662048000013,-6.154e-05
AVAXUSDT,1662076800002,-0.00011306
AVAXUSDT,1662105600013,0.0001
AVAXUSDT,1662134400000,-0.00017373
AVAXUSDT,1662163200000,-0.00049352
AVAXUSDT,1662192000002,-9.818e-05
AVAXUSDT,1662220800007,-9.365e-05
AVAXUSDT,1662249600008,-0.00018387
AVAXUSDT,1662278400009,-0.00014527
AVAXUSDT,1662307200000,-8.559e-05
AVAXUSDT,1662336000015,-0.00011537
AVAXUSDT,1662364800013,-0.00013242
AVAXUSDT,1662393600007,-0.00018576
AVAXUSDT,1662422400018,-0.00017618
AVAXUSDT,1662451200020,0.0001
AVAXUSDT,1662480000028,2.361e-05
AVAXUSDT,1662508800013,-0.00049614
AVAXUSDT,1662537600022,-0.00017538
AVAXUSDT,1662566400021,-2.255e-05
AVAXUSDT,1662595200010,5.629e-05
AVAXUSDT,1662624000000,7.202e-05
AVAXUSDT,1662652800003,0.0001
AVAXUSDT,1662681600011,0.0001
AVAXUSDT,1662710400000,0.0001
AVAXUSDT,1662739200000,5.195e-05
AVAXUSDT,1662768000003,0.0001
AVAXUSDT,1662796800000,5.078e-05
AVAXUSDT,1662825600012,0.0001
AVAXUSDT,1662854400009,0.0001
AVAXUSDT,1662883200012,0.0001
AVAXUSDT,1662912000005,0.0001
AVAXUSDT,1662940800007,0.0001
AVAXUSDT,1662969600013,4.618e-05
AVAXUSDT,1662998400000,0.0001
AVAXUSDT,1663027200004,-5.397e-05
AVAXUSDT,1663056000000,1.23e-05
AVAXUSDT,1663084800000,-0.00014795
AVAXUSDT,1663113600000,-0.00023322
AVAXUSDT,1663142400000,-0.00023309
AVAXUSDT,1663171200000,-0.000235
AVAXUSDT,1663200000019,-0.00026796
AVAXUSDT,1663228800012,-4.991e-05
AVAXUSDT,1663257600007,-0.00010556
AVAXUSDT,1663286400000,-0.00029166
AVAXUSDT,1663315200000,-0.00016185
AVAXUSDT,1663344000000,-0.00034145
AVAXUSDT,1663372800000,-0.00017479
AVAXUSDT,1663401600012,-0.00031158
AVAXUSDT,1663430400017,-0.00018101
AVAXUSDT,1663459200000,-0.00016952
AVAXUSDT,1663488000004,-0.00014796
AVAXUSDT,1663516800000,-8.624e-05
AVAXUSDT,1663545600018,-0.00047824
AVAXUSDT,1663574400006,-0.00033526
AVAXUSDT,1663603200010,-0.00039057
AVAXUSDT,1663632000007,-0.00031922
AVAXUSDT,1663660800001,-0.0001702
AVAXUSDT,1663689600000,-0.00040179
AVAXUSDT,1663718400001,-0.00028339
AVAXUSDT,1663747200005,-0.00023056
AVAXUSDT,1663776000000,-0.00024145
AVAXUSDT,1663804800000,-0.00065854
AVAXUSDT,1663833600000,-0.00026416
AVAXUSDT,1663862400011,3.773e-05
AVAXUSDT,1663891200023,-0.000122
AVAXUSDT,1663920000004,-4.2e-06
AVAXUSDT,1663948800005,-0.00016188
AVAXUSDT,1663977600000,-5.348e-05
AVAXUSDT,1664006400005,0.0001
AVAXUSDT,1664035200000,-2.542e-05
AVAXUSDT,1664064000010,0.0001
AVAXUSDT,1664092800000,-7.965e-05
AVAXUSDT,1664121600003,-3.864e-05
AVAXUSDT,1664150400001,-6.78e-05
AVAXUSDT,1664179200006,-8.694e-05
AVAXUSDT,1664208000000,-7.587e-05
AVAXUSDT,1664236800026,0.0001
AVAXUSDT,1664265600004,-3.463e-05
AVAXUSDT,1664294400006,-4.593e-05
AVAXUSDT,1664323200011,-0.00034801
AVAXUSDT,1664352000000,-0.00014511
AVAXUSDT,1664380800000,-0.00016762
AVAXUSDT,1664409600010,2.936e-05
AVAXUSDT,1664438400000,-0.00018351
AVAXUSDT,1664467200000,4.434e-05
AVAXUSDT,1664496000006,3.189e-05
AVAXUSDT,1664524800002,0.0001
AVAXUSDT,1664553600007,-7.149e-05
AVAXUSDT,1664582400008,-5.57e-06
AVAXUSDT,1664611200011,0.0001
AVAXUSDT,1664640000000,0.0001
AVAXUSDT,1664668800000,-0.00022336
AVAXUSDT,1664697600000,0.0001
AVAXUSDT,1664726400006,-0.00025851
AVAXUSDT,1664755200000,-9.678e-05
AVAXUSDT,1664784000014,-0.00020234
AVAXUSDT,1664812800010,-0.00012874
AVAXUSDT,1664841600006,0.0001
AVAXUSDT,1664870400004,9.74e-06
AVAXUSDT,1664899200013,0.0001
AVAXUSDT,1664928000000,2.552e-05
AVAXUSDT,1664956800000,4.935e-05
AVAXUSDT,1664985600012,5.511e-05
AVAXUSDT,1665014400008,-2.712e-05
AVAXUSDT,1665043200002,0.0001
AVAXUSDT,1665072000006,-0.00011435
AVAXUSDT,1665100800000,-0.00026467
AVAXUSDT,1665129600000,-3.972e-05
AVAXUSDT,1665158400007,-0.00025311
AVAXUSDT,1665187200010,-0.00036607
AVAXUSDT,1665216000004,0.0001
AVAXUSDT,1665244800018,3.114e-05
AVAXUSDT,1665273600000,-0.00016376
AVAXUSDT,1665302400007,0.0001
AVAXUSDT,1665331200011,0.0001
AVAXUSDT,1665360000018,8.028e-05
AVAXUSDT,1665388800000,9.919e-05
AVAXUSDT,1665417600026,-1.04e-05
AVAXUSDT,1665446400020,-1.53e-05
AVAXUSDT,1665475200027,-0.00026109
AVAXUSDT,1665504000000,1.153e-05
AVAXUSDT,1665532800014,-0.00014807
AVAXUSDT,1665561600000,-1.924e-05
AVAXUSDT,1665590400000,-0.00017383
AVAXUSDT,1665619200013,-9.471e-05
AVAXUSDT,1665648000016,-0.00022116
AVAXUSDT,1665676800009,-0.00035382
AVAXUSDT,1665705600020,-1.618e-05
AVAXUSDT,1665734400000,-0.00024714
AVAXUSDT,1665763200009,0.0001
AVAXUSDT,1665792000001,0.0001
AVAXUSDT,1665820800005,-3.726e-05
AVAXUSDT,1665849600004,7.438e-05
AVAXUSDT,1665878400012,0.0001
AVAXUSDT,1665907200000,-0.00022594
AVAXUSDT,1665936000010,5.804e-05
AVAXUSDT,1665964800012,6.134e-05
AVAXUSDT,1665993600010,3.303e-05
AVAXUSDT,1666022400017,-0.00011747
AVAXUSDT,1666051200010,0.0001
AVAXUSDT,1666080000008,0.0001
AVAXUSDT,1666108800000,1.021e-05
AVAXUSDT,1666137600007,0.0001
AVAXUSDT,1666166400022,0.0001
AVAXUSDT,1666195200016,0.0001
AVAXUSDT,1666224000000,-1.275e-05
AVAXUSDT,1666252800013,0.0001
AVAXUSDT,1666281600000,2.475e-05
AVAXUSDT,1666310400005,-0.00015085
AVAXUSDT,1666339200018,-0.00014804
AVAXUSDT,1666368000000,-6.02e-05
AVAXUSDT,1666396800000,-9.03e-06
AVAXUSDT,1666425600015,-8.506e-05
AVAXUSDT,1666454400000,8.054e-05
AVAXUSDT,1666483200025,5.378e-05
AVAXUSDT,1666512000000,7.026e-05
AVAXUSDT,1666540800004,0.0001
AVAXUSDT,1666569600009,1.442e-05
AVAXUSDT,1666598400012,0.0001
AVAXUSDT,1666627200002,8.564e-05
AVAXUSDT,1666656000013,-6.193e-05
AVAXUSDT,1666684800013,-4.139e-05
AVAXUSDT,1666713600000,-2.861e-05
AVAXUSDT,1666742400006,0.0001
AVAXUSDT,1666771200013,0.0001
AVAXUSDT,1666800000000,0.0001
AVAXUSDT,1666828800009,6.284e-05
AVAXUSDT,1666857600006,0.0001
AVAXUSDT,1666886400009,-4.18e-06
AVAXUSDT,1666915200000,9.23e-06
AVAXUSDT,1666944000000,0.0001
AVAXUSDT,1666972800007,-5.617e-05
AVAXUSDT,1667001600000,1.379e-05
AVAXUSDT,1667030400003,5.613e-05
AVAXUSDT,1667059200010,5.595e-05
AVAXUSDT,1667088000000,0.0001
AVAXUSDT,1667116800013,-9.462e-05
AVAXUSDT,1667145600009,6.291e-05
AVAXUSDT,1667174400012,8.567e-05
AVAXUSDT,1667203200000,0.0001
AVAXUSDT,1667232000010,3.29e-06
AVAXUSDT,1667260800000,-2.089e-05
AVAXUSDT,1667289600000,-2.104e-05
AVAXUSDT,1667318400000,-1.915e-05
AVAXUSDT,1667347200000,5.182e-05
AVAXUSDT,1667376000000,3.033e-05
AVAXUSDT,1667404800019,-0.00027063
AVAXUSDT,1667433600011,-0.00027449
AVAXUSDT,1667462400016,3.313e-05
AVAXUSDT,1667491200005,-9.611e-05
AVAXUSDT,1667520000000,-0.00018158
AVAXUSDT,1667548800004,3.914e-05
AVAXUSDT,1667577600020,0.0001
AVAXUSDT,1667606400009,3.456e-05
AVAXUSDT,1667635200007,9.135e-05
AVAXUSDT,1667664000018,2.401e-05
AVAXUSDT,1667692800009,0.0001
AVAXUSDT,1667721600000,9.361e-05
AVAXUSDT,1667750400010,-1.451e-05
AVAXUSDT,1667779200012,-4.211e-05
AVAXUSDT,1667808000014,-9.92e-05
AVAXUSDT,1667836800006,-3.373e-05
AVAXUSDT,1667865600000,-0.00022644
AVAXUSDT,1667894400001,-0.00067518
AVAXUSDT,1667923200005,-0.00034283
AVAXUSDT,1667952000000,-0.00108145
AVAXUSDT,1667980800013,-0.00085389
AVAXUSDT,1668009600004,-0.00070056
AVAXUSDT,1668038400006,-0.00351003
AVAXUSDT,1668067200000,-0.00239917
AVAXUSDT,1668096000015,-1.189e-05
AVAXUSDT,1668124800000,0.0001
AVAXUSDT,1668153600015,0.0001
AVAXUSDT,1668182400027,8.443e-05
AVAXUSDT,1668211200007,-3.351e-05
AVAXUSDT,1668240000016,-0.00025424
AVAXUSDT,1668268800000,-0.00038107
AVAXUSDT,1668297600004,-0.00061027
AVAXUSDT,1668326400000,-0.00053181
AVAXUSDT,1668355200017,-0.00044151
AVAXUSDT,1668384000000,-0.00021821
AVAXUSDT,1668412800000,-0.00028706
AVAXUSDT,1668441600000,0.0001
AVAXUSDT,1668470400014,-0.00013381
AVAXUSDT,1668499200009,-0.00034313
AVAXUSDT,1668528000010,-0.00021213
AVAXUSDT,1668556800011,-0.00024638
AVAXUSDT,1668585600004,-0.00019946
AVAXUSDT,1668614400008,-0.00065337
AVAXUSDT,1668643200000,-0.00107921
AVAXUSDT,1668672000000,-0.00141276
AVAXUSDT,1668700800006,-0.00021413
AVAXUSDT,1668729600004,-0.00024033
AVAXUSDT,1668758400016,-0.00011354
AVAXUSDT,1668787200000,-3.88e-05
AVAXUSDT,1668816000000,-9.045e-05
AVAXUSDT,1668844800004,-0.00034144
AVAXUSDT,1668873600024,-0.0002808
AVAXUSDT,1668902400015,-8.444e-05
AVAXUSDT,1668931200004,-8.697e-05
AVAXUSDT,1668960000000,-0.00021691
AVAXUSDT,1668988800006,-0.0003517
AVAXUSDT,1669017600015,-0.00077375
AVAXUSDT,1669046400000,-0.00085985
AVAXUSDT,1669075200000,-0.00073408
AVAXUSDT,1669104000000,-0.00024982
AVAXUSDT,1669132800000,-0.0002195
AVAXUSDT,1669161600000,-6.357e-05
AVAXUSDT,1669190400011,2.48e-06
AVAXUSDT,1669219200014,-5.716e-05
AVAXUSDT,1669248000007,-0.00018007
AVAXUSDT,1669276800014,-9.965e-05
AVAXUSDT,1669305600013,-7.828e-05
AVAXUSDT,1669334400004,-0.00015035
AVAXUSDT,1669363200015,1.959e-05
AVAXUSDT,1669392000000,-3.487e-05
AVAXUSDT,1669420800011,-1.427e-05
AVAXUSDT,1669449600000,-0.00019895
AVAXUSDT,1669478400000,-6.596e-05
AVAXUSDT,1669507200012,-0.00020078
AVAXUSDT,1669536000000,-6.675e-05
AVAXUSDT,1669564800003,6.42e-05
AVAXUSDT,1669593600015,6.392e-05
AVAXUSDT,1669622400004,-0.00048523
AVAXUSDT,1669651200011,-0.00029326
AVAXUSDT,1669680000000,-0.00018938
AVAXUSDT,1669708800015,-2.977e-05
AVAXUSDT,1669737600000,3.539e-05
AVAXUSDT,1669766400007,-9.813e-05
AVAXUSDT,1669795200000,9.62e-05
AVAXUSDT,1669824000015,-4.74e-06
AVAXUSDT,1669852800001,-0.00021044
AVAXUSDT,1669881600006,-6.224e-05
AVAXUSDT,1669910400000,0.0001
AVAXUSDT,1669939200001,-4.566e-05
AVAXUSDT,1669968000016,8.726e-05
AVAXUSDT,1669996800017,-4.636e-05
AVAXUSDT,1670025600006,-0.00015761
AVAXUSDT,1670054400000,-3.35e-05
AVAXUSDT,1670083200011,-4.436e-05
AVAXUSDT,1670112000006,-0.00010706
AVAXUSDT,1670140800000,-2.92e-05
AVAXUSDT,1670169600006,-9.782e-05
AVAXUSDT,1670198400002,-5.268e-05
AVAXUSDT,1670227200011,3.809e-05
AVAXUSDT,1670256000008,7.401e-05
AVAXUSDT,1670284800014,4.924e-05
AVAXUSDT,1670313600027,-7.987e-05
AVAXUSDT,1670342400009,-3.821e-05
AVAXUSDT,1670371200000,3.02e-06
AVAXUSDT,1670400000000,-0.00015636
AVAXUSDT,1670428800000,-0.00013375
AVAXUSDT,1670457600006,-0.00025507
AVAXUSDT,1670486400000,5.989e-05
AVAXUSDT,1670515200014,-7.361e-05
AVAXUSDT,1670544000017,-7.469e-05
AVAXUSDT,1670572800005,-4.021e-05
AVAXUSDT,1670601600000,7.8e-06
AVAXUSDT,1670630400009,0.0001
AVAXUSDT,1670659200010,0.0001
AVAXUSDT,1670688000001,2.305e-05
AVAXUSDT,1670716800011,-2.417e-05
AVAXUSDT,1670745600007,0.0001
AVAXUSDT,1670774400011,-4.664e-05
AVAXUSDT,1670803200000,8.58e-06
AVAXUSDT,1670832000004,-7.96e-05
AVAXUSDT,1670860800000,-0.00013841
AVAXUSDT,1670889600000,-1.64e-06
AVAXUSDT,1670918400018,-5.483e-05
AVAXUSDT,1670947200011,5.942e-05
AVAXUSDT,1670976000010,-0.00013302
AVAXUSDT,1671004800015,0.0001
AVAXUSDT,1671033600004,6.105e-05
AVAXUSDT,1671062400000,0.0001
AVAXUSDT,1671091200023,0.0001
AVAXUSDT,1671120000010,0.0001
AVAXUSDT,1671148800016,0.0001
AVAXUSDT,1671177600011,0.0001
AVAXUSDT,1671206400001,-9.702e-05
AVAXUSDT,1671235200001,-0.00011627
AVAXUSDT,1671264000011,-0.0003948
AVAXUSDT,1671292800011,-0.00012606
AVAXUSDT,1671321600008,-0.00040339
AVAXUSDT,1671350400001,-4.659e-05
AVAXUSDT,1671379200012,-6.347e-05
AVAXUSDT,1671408000000,-6.549e-05
AVAXUSDT,1671436800000,-0.00013731
AVAXUSDT,1671465600000,-2.6e-06
AVAXUSDT,1671494400005,-0.00022064
AVAXUSDT,1671523200016,6.45e-05
AVAXUSDT,1671552000000,4.243e-05
AVAXUSDT,1671580800007,0.0001
AVAXUSDT,1671609600012,4.614e-05
AVAXUSDT,1671638400017,3.848e-05
AVAXUSDT,1671667200004,2.245e-05
AVAXUSDT,1671696000000,-9.932e-05
AVAXUSDT,1671724800001,-0.00012679
AVAXUSDT,1671753600018,0.0001
AVAXUSDT,1671782400000,0.0001
AVAXUSDT,1671811200000,7.192e-05
AVAXUSDT,1671840000001,0.0001
AVAXUSDT,1671868800007,8.948e-05
AVAXUSDT,1671897600008,-3.61e-06
AVAXUSDT,1671926400000,-5.912e-05
AVAXUSDT,1671955200013,-4.77e-05
AVAXUSDT,1671984000000,3.324e-05
AVAXUSDT,1672012800001,0.0001
AVAXUSDT,1672041600000,3.902e-05
AVAXUSDT,1672070400005,6.559e-05
AVAXUSDT,1672099200005,8.296e-05
AVAXUSDT,1672128000010,-1.03e-05
AVAXUSDT,1672156800006,2.919e-05
AVAXUSDT,1672185600010,0.0001
AVAXUSDT,1672214400010,5.053e-05
AVAXUSDT,1672243200010,0.0001
AVAXUSDT,1672272000011,0.0001
AVAXUSDT,1672300800000,7.22e-06
AVAXUSDT,1672329600008,8.093e-05
AVAXUSDT,1672358400000,-0.00031297
AVAXUSDT,1672387200000,-0.00017087
AVAXUSDT,1672416000000,-8.786e-05
SOLUSDT,1651363200000,-0.00033407
SOLUSDT,1651392000000,-0.0001754
SOLUSDT,1651420800010,-2.366e-05
SOLUSDT,1651449600018,-3.764e-05
SOLUSDT,1651478400007,-7.505e-05
SOLUSDT,1651507200000,-5.79e-05
SOLUSDT,1651536000006,2.527e-05
SOLUSDT,1651564800000,4.176e-05
SOLUSDT,1651593600021,-6.52e-06
SOLUSDT,1651622400007,-1.173e-05
SOLUSDT,1651651200011,3.65e-06
SOLUSDT,1651680000000,-5.21e-06
SOLUSDT,1651708800005,1.202e-05
SOLUSDT,1651737600019,0.0001
SOLUSDT,1651766400005,1.41e-05
SOLUSDT,1651795200005,-0.00019937
SOLUSDT,1651824000001,2.119e-05
SOLUSDT,1651852800010,-1.453e-05
SOLUSDT,1651881600004,-7.63e-06
SOLUSDT,1651910400016,5.92e-06
SOLUSDT,1651939200011,-6.997e-05
SOLUSDT,1651968000000,-6.156e-05
SOLUSDT,1651996800007,5.65e-06
SOLUSDT,1652025600015,9.782e-05
SOLUSDT,1652054400000,-0.00013911
SOLUSDT,1652083200001,-3.995e-05
SOLUSDT,1652112000000,-0.00013895
SOLUSDT,1652140800000,-0.00015146
SOLUSDT,1652169600007,8.977e-05
SOLUSDT,1652198400008,-8.877e-05
SOLUSDT,1652227200004,-0.0003563
SOLUSDT,1652256000007,-0.00037782
SOLUSDT,1652284800008,-0.00131956
SOLUSDT,1652313600014,-0.00121558
SOLUSDT,1652342400000,-0.00136442
SOLUSDT,1652371200007,-0.00132411
SOLUSDT,1652400000014,-0.00066663
SOLUSDT,1652428800001,-0.00086267
SOLUSDT,1652457600000,-0.00034587
SOLUSDT,1652486400000,-0.0001833
SOLUSDT,1652515200000,-0.00013604
SOLUSDT,1652544000001,-0.00042046
SOLUSDT,1652572800000,-6.465e-05
SOLUSDT,1652601600000,-3.59e-06
SOLUSDT,1652630400000,-0.00013599
SOLUSDT,1652659200021,-0.00012304
SOLUSDT,1652688000013,-5.115e-05
SOLUSDT,1652716800006,-0.00021481
SOLUSDT,1652745600000,-0.00016672
SOLUSDT,1652774400010,-0.00012752
SOLUSDT,1652803200023,-4.305e-05
SOLUSDT,1652832000003,-7.6e-07
SOLUSDT,1652860800024,-6.376e-05
SOLUSDT,1652889600014,-0.00011468
SOLUSDT,1652918400000,-7.774e-05
SOLUSDT,1652947200008,-6.592e-05
SOLUSDT,1652976000015,5.065e-05
SOLUSDT,1653004800001,3.377e-05
SOLUSDT,1653033600003,-1.922e-05
SOLUSDT,1653062400012,-6.114e-05
SOLUSDT,1653091200008,-4.397e-05
SOLUSDT,1653120000001,-3.735e-05
SOLUSDT,1653148800007,-6.202e-05
SOLUSDT,1653177600003,4.62e-06
SOLUSDT,1653206400016,3.055e-05
SOLUSDT,1653235200000,1.666e-05
SOLUSDT,1653264000011,6.402e-05
SOLUSDT,1653292800000,0.0001
SOLUSDT,1653321600023,5.049e-05
SOLUSDT,1653350400011,-0.00012309
SOLUSDT,1653379200000,-0.00011051
SOLUSDT,1653408000009,-0.00015371
SOLUSDT,1653436800001,6.104e-05
SOLUSDT,1653465600000,7.84e-05
SOLUSDT,1653494400015,-2.86e-05
SOLUSDT,1653523200005,0.0001
SOLUSDT,1653552000001,-0.00011389
SOLUSDT,1653580800000,-0.00021906
SOLUSDT,1653609600007,-0.00014257
SOLUSDT,1653638400008,-5.33e-06
SOLUSDT,1653667200000,-1.81e-06
SOLUSDT,1653696000018,7.5e-06
SOLUSDT,1653724800016,-1.494e-05
SOLUSDT,1653753600013,-1.802e-05
SOLUSDT,1653782400000,-2.49e-06
SOLUSDT,1653811200025,-3.26e-06
SOLUSDT,1653840000002,0.0001
SOLUSDT,1653868800000,8.839e-05
SOLUSDT,1653897600013,0.0001
SOLUSDT,1653926400005,0.0001
SOLUSDT,1653955200016,0.0001
SOLUSDT,1653984000000,0.0001
SOLUSDT,1654012800000,0.0001
SOLUSDT,1654041600000,0.0001
SOLUSDT,1654070400011,0.0001
SOLUSDT,1654099200000,0.0001
SOLUSDT,1654128000000,-4.526e-05
SOLUSDT,1654156800006,-8.497e-05
SOLUSDT,1654185600021,-2.33e-05
SOLUSDT,1654214400016,6.063e-05
SOLUSDT,1654243200016,3.726e-05
SOLUSDT,1654272000012,-2.772e-05
SOLUSDT,1654300800005,6.593e-05
SOLUSDT,1654329600000,-7.799e-05
SOLUSDT,1654358400007,-0.00011171
SOLUSDT,1654387200005,-8.688e-05
SOLUSDT,1654416000015,-9.031e-05
SOLUSDT,1654444800000,-4.947e-05
SOLUSDT,1654473600000,1.117e-05
SOLUSDT,1654502400017,3.923e-05
SOLUSDT,1654531200000,0.0001
SOLUSDT,1654560000000,3.519e-05
SOLUSDT,1654588800011,6.625e-05
SOLUSDT,1654617600000,-0.00012704
SOLUSDT,1654646400008,2.202e-05
SOLUSDT,1654675200020,-5.611e-05
SOLUSDT,1654704000012,-5.28e-06
SOLUSDT,1654732800000,-2.06e-05
SOLUSDT,1654761600000,3.94e-06
SOLUSDT,1654790400000,2.197e-05
SOLUSDT,1654819200009,9.694e-05
SOLUSDT,1654848000000,4.696e-05
SOLUSDT,1654876800006,-9.951e-05
SOLUSDT,1654905600018,-9.987e-05
SOLUSDT,1654934400014,-9.415e-05
SOLUSDT,1654963200000,-0.0003144
SOLUSDT,1654992000015,-0.0004073
SOLUSDT,1655020800019,-0.00024937
SOLUSDT,1655049600010,-0.00018527
SOLUSDT,1655078400009,-0.00018721
SOLUSDT,1655107200000,-0.00035495
SOLUSDT,1655136000007,-0.00027264
SOLUSDT,1655164800013,-0.00018856
SOLUSDT,1655193600008,-0.00024766
SOLUSDT,1655222400006,-0.00012208
SOLUSDT,1655251200000,-0.00011727
SOLUSDT,1655280000016,-0.00011617
SOLUSDT,1655308800008,2.489e-05
SOLUSDT,1655337600009,-9.465e-05
SOLUSDT,1655366400016,6.463e-05
SOLUSDT,1655395200000,-0.00015316
SOLUSDT,1655424000008,-8.995e-05
SOLUSDT,1655452800003,-0.00023728
SOLUSDT,1655481600000,-0.00020039
SOLUSDT,1655510400020,0.0001
SOLUSDT,1655539200025,-0.00019382
SOLUSDT,1655568000014,-0.00015715
SOLUSDT,1655596800012,-0.00027253
SOLUSDT,1655625600012,3.851e-05
SOLUSDT,1655654400008,3.159e-05
SOLUSDT,1655683200016,0.0001
SOLUSDT,1655712000000,-7.43e-06
SOLUSDT,1655740800013,0.0001
SOLUSDT,1655769600012,1.335e-05
SOLUSDT,1655798400018,-4.834e-05
SOLUSDT,1655827200010,-0.0001115
SOLUSDT,1655856000000,-0.00018474
SOLUSDT,1655884800001,-2.989e-05
SOLUSDT,1655913600012,-7.087e-05
SOLUSDT,1655942400000,-5.501e-05
SOLUSDT,1655971200000,-4.23e-06
SOLUSDT,1656000000016,4.8e-05
SOLUSDT,1656028800005,-3.462e-05
SOLUSDT,1656057600004,-3.472e-05
SOLUSDT,1656086400018,5.941e-05
SOLUSDT,1656115200001,4.599e-05
SOLUSDT,1656144000010,6.69e-06
SOLUSDT,1656172800000,4.134e-05
SOLUSDT,1656201600002,0.0001
SOLUSDT,1656230400016,5.422e-05
SOLUSDT,1656259200006,2.984e-05
SOLUSDT,1656288000008,-8.524e-05
SOLUSDT,1656316800000,-5.212e-05
SOLUSDT,1656345600016,-5.794e-05
SOLUSDT,1656374400016,-1.66e-06
SOLUSDT,1656403200001,-0.00011607
SOLUSDT,1656432000005,-0.00010439
SOLUSDT,1656460800000,-3.836e-05
SOLUSDT,1656489600013,-9.36e-06
SOLUSDT,1656518400000,5.463e-05
SOLUSDT,1656547200000,-9.058e-05
SOLUSDT,1656576000000,9.26e-06
SOLUSDT,1656604800000,-1.65e-05
SOLUSDT,1656633600001,-7.592e-05
SOLUSDT,1656662400017,-0.00012661
SOLUSDT,1656691200005,-3.883e-05
SOLUSDT,1656720000000,-8.115e-05
SOLUSDT,1656748800000,-6.851e-05
SOLUSDT,1656777600008,-2.603e-05
SOLUSDT,1656806400015,-1.291e-05
SOLUSDT,1656835200004,1.283e-05
SOLUSDT,1656864000005,-5.817e-05
SOLUSDT,1656892800021,-1.79e-06
SOLUSDT,1656921600001,-0.00014514
SOLUSDT,1656950400000,6.37e-06
SOLUSDT,1656979200000,-3.792e-05
SOLUSDT,1657008000000,-7.35e-05
SOLUSDT,1657036800015,-4.487e-05
SOLUSDT,1657065600006,6.23e-06
SOLUSDT,1657094400000,3.646e-05
SOLUSDT,1657123200000,4.154e-05
SOLUSDT,1657152000010,-1.899e-05
SOLUSDT,1657180800010,7.689e-05
SOLUSDT,1657209600011,-4.495e-05
SOLUSDT,1657238400008,3.905e-05
SOLUSDT,1657267200009,8.517e-05
SOLUSDT,1657296000000,-0.00010229
SOLUSDT,1657324800000,6.265e-05
SOLUSDT,1657353600000,0.0001
SOLUSDT,1657382400009,4.984e-05
SOLUSDT,1657411200001,5.998e-05
SOLUSDT,1657440000002,0.0001
SOLUSDT,1657468800001,0.0001
SOLUSDT,1657497600000,0.0001
SOLUSDT,1657526400003,0.0001
SOLUSDT,1657555200001,6.141e-05
SOLUSDT,1657584000000,-2.61e-06
SOLUSDT,1657612800021,-3.365e-05
SOLUSDT,1657641600000,8.5e-06
SOLUSDT,1657670400012,-6.728e-05
SOLUSDT,1657699200022,-6.822e-05
SOLUSDT,1657728000005,-0.00017596
SOLUSDT,1657756800017,1.647e-05
SOLUSDT,1657785600001,0.0001
SOLUSDT,1657814400000,-4.3e-07
SOLUSDT,1657843200004,0.0001
SOLUSDT,1657872000019,0.0001
SOLUSDT,1657900800017,2.787e-05
SOLUSDT,1657929600021,7.745e-05
SOLUSDT,1657958400014,0.0001
SOLUSDT,1657987200005,4.828e-05
SOLUSDT,1658016000000,0.0001
SOLUSDT,1658044800003,0.0001
SOLUSDT,1658073600007,0.0001
SOLUSDT,1658102400001,4.956e-05
SOLUSDT,1658131200004,0.0001
SOLUSDT,1658160000019,0.0001
SOLUSDT,1658188800000,0.0001
SOLUSDT,1658217600000,0.0001
SOLUSDT,1658246400001,0.0001
SOLUSDT,1658275200004,0.0001
SOLUSDT,1658304000000,0.0001
SOLUSDT,1658332800003,0.0001
SOLUSDT,1658361600000,0.0001
SOLUSDT,1658390400018,0.0001
SOLUSDT,1658419200011,0.0001
SOLUSDT,1658448000014,0.0001
SOLUSDT,1658476800000,0.0001
SOLUSDT,1658505600000,0.0001
SOLUSDT,1658534400004,5.983e-05
SOLUSDT,1658563200002,7.218e-05
SOLUSDT,1658592000001,0.0001
SOLUSDT,1658620800000,1.546e-05
SOLUSDT,1658649600011,0.0001
SOLUSDT,1658678400000,2.87e-05
SOLUSDT,1658707200000,0.0001
SOLUSDT,1658736000014,-2.96e-05
SOLUSDT,1658764800006,1.302e-05
SOLUSDT,1658793600010,2.473e-05
SOLUSDT,1658822400000,4.215e-05
SOLUSDT,1658851200000,7.794e-05
SOLUSDT,1658880000008,7.23e-06
SOLUSDT,1658908800000,6.03e-05
SOLUSDT,1658937600003,-7.25e-06
SOLUSDT,1658966400009,0.0001
SOLUSDT,1658995200008,0.0001
SOLUSDT,1659024000013,0.0001
SOLUSDT,1659052800000,0.0001
SOLUSDT,1659081600000,0.0001
SOLUSDT,1659110400000,0.0001
SOLUSDT,1659139200005,0.0001
SOLUSDT,1659168000009,0.0001
SOLUSDT,1659196800000,0.0001
SOLUSDT,1659225600022,0.0001
SOLUSDT,1659254400011,0.0001
SOLUSDT,1659283200019,0.0001
SOLUSDT,1659312000010,1.22e-05
SOLUSDT,1659340800019,0.0001
SOLUSDT,1659369600017,0.0001
SOLUSDT,1659398400000,9.608e-05
SOLUSDT,1659427200007,-1.138e-05
SOLUSDT,1659456000014,-5.7e-06
SOLUSDT,1659484800001,3.935e-05
SOLUSDT,1659513600020,-8.266e-05
SOLUSDT,1659542400008,-0.0001824
SOLUSDT,1659571200001,-3.691e-05
SOLUSDT,1659600000009,-5.352e-05
SOLUSDT,1659628800015,-1.77e-06
SOLUSDT,1659657600005,2.935e-05
SOLUSDT,1659686400000,0.0001
SOLUSDT,1659715200000,9.433e-05
SOLUSDT,1659744000021,0.0001
SOLUSDT,1659772800000,0.0001
SOLUSDT,1659801600015,0.0001
SOLUSDT,1659830400013,0.0001
SOLUSDT,1659859200000,8.3e-05
SOLUSDT,1659888000014,6.506e-05
SOLUSDT,1659916800009,0.0001
SOLUSDT,1659945600006,0.0001
SOLUSDT,1659974400000,0.0001
SOLUSDT,1660003200020,0.0001
SOLUSDT,1660032000000,0.0001
SOLUSDT,1660060800000,0.0001
SOLUSDT,1660089600000,6.131e-05
SOLUSDT,1660118400016,0.0001
SOLUSDT,1660147200018,0.0001
SOLUSDT,1660176000012,0.0001
SOLUSDT,1660204800000,0.0001
SOLUSDT,1660233600000,0.0001
SOLUSDT,1660262400006,0.0001
SOLUSDT,1660291200000,0.0001
SOLUSDT,1660320000005,0.0001
SOLUSDT,1660348800012,0.0001
SOLUSDT,1660377600006,0.0001
SOLUSDT,1660406400018,0.0001
SOLUSDT,1660435200000,0.0001
SOLUSDT,1660464000000,0.0001
SOLUSDT,1660492800000,5.903e-05
SOLUSDT,1660521600010,0.0001
SOLUSDT,1660550400002,0.0001
SOLUSDT,1660579200010,0.0001
SOLUSDT,1660608000010,5.359e-05
SOLUSDT,1660636800002,0.0001
SOLUSDT,1660665600000,7.023e-05
SOLUSDT,1660694400020,5.26e-05
SOLUSDT,1660723200016,2.94e-06
SOLUSDT,1660752000001,3.733e-05
SOLUSDT,1660780800005,-0.0001383
SOLUSDT,1660809600012,3.437e-05
SOLUSDT,1660838400013,-0.00010846
SOLUSDT,1660867200000,6.21e-06
SOLUSDT,1660896000000,-0.00038828
SOLUSDT,1660924800009,-0.00033393
SOLUSDT,1660953600000,-0.00011506
SOLUSDT,1660982400005,-5.997e-05
SOLUSDT,1661011200000,-1.428e-05
SOLUSDT,1661040000010,-0.00010479
SOLUSDT,1661068800013,-8.599e-05
SOLUSDT,1661097600000,-0.00026181
SOLUSDT,1661126400011,-0.0003227
SOLUSDT,1661155200005,-2.91e-05
SOLUSDT,1661184000005,-9.817e-05
SOLUSDT,1661212800000,-4.493e-05
SOLUSDT,1661241600021,6.755e-05
SOLUSDT,1661270400005,4.169e-05
SOLUSDT,1661299200017,7.789e-05
SOLUSDT,1661328000021,-8.471e-05
SOLUSDT,1661356800000,-5.88e-06
SOLUSDT,1661385600003,2.438e-05
SOLUSDT,1661414400000,-0.00015818
SOLUSDT,1661443200004,-0.0001082
SOLUSDT,1661472000001,-8.608e-05
SOLUSDT,1661500800004,-0.00030594
SOLUSDT,1661529600000,-0.00012159
SOLUSDT,1661558400010,-0.00044781
SOLUSDT,1661587200007,-0.00042888
SOLUSDT,1661616000008,-0.00023003
SOLUSDT,1661644800019,-0.00040142
SOLUSDT,1661673600000,-0.00026121
SOLUSDT,1661702400000,-0.00027065
SOLUSDT,1661731200000,-0.00049567
SOLUSDT,1661760000000,-0.00023722
SOLUSDT,1661788800001,-1.951e-05
SOLUSDT,1661817600001,4.076e-05
SOLUSDT,1661846400005,-5.69e-06
SOLUSDT,1661875200010,-9.646e-05
SOLUSDT,1661904000000,3.327e-05
SOLUSDT,1661932800005,4.943e-05
SOLUSDT,1661961600013,-1.411e-05
SOLUSDT,1661990400012,1.033e-05
SOLUSDT,1662019200000,-0.00010618
SOLUSDT,1662048000013,3.81e-06
SOLUSDT,1662076800002,5.04e-05
SOLUSDT,1662105600013,0.0001
SOLUSDT,1662134400000,7.74e-05
SOLUSDT,1662163200000,-0.00014696
SOLUSDT,1662192000002,-6.406e-05
SOLUSDT,1662220800007,-0.00012061
SOLUSDT,1662249600008,-1.164e-05
SOLUSDT,1662278400009,6.509e-05
SOLUSDT,1662307200000,0.0001
SOLUSDT,1662336000015,8.913e-05
SOLUSDT,1662364800013,0.0001
SOLUSDT,1662393600007,1.162e-05
SOLUSDT,1662422400018,9.084e-05
SOLUSDT,1662451200020,0.0001
SOLUSDT,1662480000028,0.0001
SOLUSDT,1662508800013,-0.00016706
SOLUSDT,1662537600022,-7.127e-05
SOLUSDT,1662566400021,-1.799e-05
SOLUSDT,1662595200010,0.0001
SOLUSDT,1662624000000,0.0001
SOLUSDT,1662652800003,0.0001
SOLUSDT,1662681600011,0.0001
SOLUSDT,1662710400000,0.0001
SOLUSDT,1662739200000,0.0001
SOLUSDT,1662768000003,0.0001
SOLUSDT,1662796800000,0.0001
SOLUSDT,1662825600012,0.0001
SOLUSDT,1662854400009,0.0001
SOLUSDT,1662883200012,9.056e-05
SOLUSDT,1662912000005,5.748e-05
SOLUSDT,1662940800007,5.331e-05
SOLUSDT,1662969600013,6.804e-05
SOLUSDT,1662998400000,0.0001
SOLUSDT,1663027200004,9.816e-05
SOLUSDT,1663056000000,1.301e-05
SOLUSDT,1663084800000,1.102e-05
SOLUSDT,1663113600000,-0.00012007
SOLUSDT,1663142400000,-0.00016733
SOLUSDT,1663171200000,-0.00017481
SOLUSDT,1663200000019,-3.747e-05
SOLUSDT,1663228800012,4.054e-05
SOLUSDT,1663257600007,-1.19e-05
SOLUSDT,1663286400000,4.718e-05
SOLUSDT,1663315200000,9.735e-05
SOLUSDT,1663344000000,6.856e-05
SOLUSDT,1663372800000,6.919e-05
SOLUSDT,1663401600012,5.892e-05
SOLUSDT,1663430400017,-2.2e-05
SOLUSDT,1663459200000,-1.851e-05
SOLUSDT,1663488000004,8.689e-05
SOLUSDT,1663516800000,0.0001
SOLUSDT,1663545600018,-6.003e-05
SOLUSDT,1663574400006,1.902e-05
SOLUSDT,1663603200010,-7.24e-05
SOLUSDT,1663632000007,4.552e-05
SOLUSDT,1663660800001,0.0001
SOLUSDT,1663689600000,1.907e-05
SOLUSDT,1663718400001,-1.212e-05
SOLUSDT,1663747200005,-3.318e-05
SOLUSDT,1663776000000,1.837e-05
SOLUSDT,1663804800000,-0.00018851
SOLUSDT,1663833600000,-0.00013428
SOLUSDT,1663862400011,0.0001
SOLUSDT,1663891200023,0.0001
SOLUSDT,1663920000004,0.0001
SOLUSDT,1663948800005,-0.00010164
SOLUSDT,1663977600000,0.0001
SOLUSDT,1664006400005,0.0001
SOLUSDT,1664035200000,0.0001
SOLUSDT,1664064000010,0.0001
SOLUSDT,1664092800000,0.0001
SOLUSDT,1664121600003,0.0001
SOLUSDT,1664150400001,3.61e-05
SOLUSDT,1664179200006,8.988e-05
SOLUSDT,1664208000000,6.761e-05
SOLUSDT,1664236800026,0.0001
SOLUSDT,1664265600004,0.0001
SOLUSDT,1664294400006,9.514e-05
SOLUSDT,1664323200011,-0.00013748
SOLUSDT,1664352000000,1.343e-05
SOLUSDT,1664380800000,-0.00011599
SOLUSDT,1664409600010,-6.72e-06
SOLUSDT,1664438400000,0.0001
SOLUSDT,1664467200000,0.0001
SOLUSDT,1664496000006,0.0001
SOLUSDT,1664524800002,-1.118e-05
SOLUSDT,1664553600007,0.0001
SOLUSDT,1664582400008,5.725e-05
SOLUSDT,1664611200011,-9.37e-06
SOLUSDT,1664640000000,-8.454e-05
SOLUSDT,1664668800000,-3.16e-06
SOLUSDT,1664697600000,-0.00012694
SOLUSDT,1664726400006,-5.076e-05
SOLUSDT,1664755200000,0.0001
SOLUSDT,1664784000014,0.0001
SOLUSDT,1664812800010,-3.979e-05
SOLUSDT,1664841600006,4.722e-05
SOLUSDT,1664870400004,0.0001
SOLUSDT,1664899200013,-5.705e-05
SOLUSDT,1664928000000,-2.002e-05
SOLUSDT,1664956800000,4.8e-05
SOLUSDT,1664985600012,7.886e-05
SOLUSDT,1665014400008,2.369e-05
SOLUSDT,1665043200002,0.0001
SOLUSDT,1665072000006,6.34e-06
SOLUSDT,1665100800000,5e-08
SOLUSDT,1665129600000,8.021e-05
SOLUSDT,1665158400007,-0.00014355
SOLUSDT,1665187200010,-8e-07
SOLUSDT,1665216000004,0.0001
SOLUSDT,1665244800018,0.0001
SOLUSDT,1665273600000,-5.496e-05
SOLUSDT,1665302400007,3.166e-05
SOLUSDT,1665331200011,-7.535e-05
SOLUSDT,1665360000018,0.0001
SOLUSDT,1665388800000,0.0001
SOLUSDT,1665417600026,0.0001
SOLUSDT,1665446400020,0.0001
SOLUSDT,1665475200027,0.0001
SOLUSDT,1665504000000,1.173e-05
SOLUSDT,1665532800014,3.208e-05
SOLUSDT,1665561600000,-6.356e-05
SOLUSDT,1665590400000,0.0001
SOLUSDT,1665619200013,2.943e-05
SOLUSDT,1665648000016,-5.1e-06
SOLUSDT,1665676800009,-0.00018636
SOLUSDT,1665705600020,-5.035e-05
SOLUSDT,1665734400000,3.869e-05
SOLUSDT,1665763200009,8.847e-05
SOLUSDT,1665792000001,2.301e-05
SOLUSDT,1665820800005,-7.96e-05
SOLUSDT,1665849600004,-6.648e-05
SOLUSDT,1665878400012,3.129e-05
SOLUSDT,1665907200000,-0.00010784
SOLUSDT,1665936000010,-8.849e-05
SOLUSDT,1665964800012,-0.00011773
SOLUSDT,1665993600010,1.724e-05
SOLUSDT,1666022400017,5.717e-05
SOLUSDT,1666051200010,1.567e-05
SOLUSDT,1666080000008,0.0001
SOLUSDT,1666108800000,9.704e-05
SOLUSDT,1666137600007,3.131e-05
SOLUSDT,1666166400022,0.0001
SOLUSDT,1666195200016,0.0001
SOLUSDT,1666224000000,8.555e-05
SOLUSDT,1666252800013,0.0001
SOLUSDT,1666281600000,9.895e-05
SOLUSDT,1666310400005,0.0001
SOLUSDT,1666339200018,7.42e-06
SOLUSDT,1666368000000,4.104e-05
SOLUSDT,1666396800000,-0.00016497
SOLUSDT,1666425600015,-1.121e-05
SOLUSDT,1666454400000,-9.324e-05
SOLUSDT,1666483200025,3.894e-05
SOLUSDT,1666512000000,1.405e-05
SOLUSDT,1666540800004,7.513e-05
SOLUSDT,1666569600009,0.0001
SOLUSDT,1666598400012,0.0001
SOLUSDT,1666627200002,-3.209e-05
SOLUSDT,1666656000013,-1.944e-05
SOLUSDT,1666684800013,9.947e-05
SOLUSDT,1666713600000,1.166e-05
SOLUSDT,1666742400006,0.0001
SOLUSDT,1666771200013,0.0001
SOLUSDT,1666800000000,8.93e-06
SOLUSDT,1666828800009,6.525e-05
SOLUSDT,1666857600006,0.0001
SOLUSDT,1666886400009,8.781e-05
SOLUSDT,1666915200000,6.137e-05
SOLUSDT,1666944000000,7.565e-05
SOLUSDT,1666972800007,-6.715e-05
SOLUSDT,1667001600000,0.0001
SOLUSDT,1667030400003,0.0001
SOLUSDT,1667059200010,0.0001
SOLUSDT,1667088000000,7.022e-05
SOLUSDT,1667116800013,0.0001
SOLUSDT,1667145600009,0.0001
SOLUSDT,1667174400012,0.0001
SOLUSDT,1667203200000,0.0001
SOLUSDT,1667232000010,5.671e-05
SOLUSDT,1667260800000,-7.785e-05
SOLUSDT,1667289600000,-3.806e-05
SOLUSDT,1667318400000,-6.234e-05
SOLUSDT,1667347200000,9.5e-07
SOLUSDT,1667376000000,1.628e-05
SOLUSDT,1667404800019,4.18e-06
SOLUSDT,1667433600011,-0.00025803
SOLUSDT,1667462400016,6.571e-05
SOLUSDT,1667491200005,2.784e-05
SOLUSDT,1667520000000,-8.29e-05
SOLUSDT,1667548800004,0.0001
SOLUSDT,1667577600020,9.262e-05
SOLUSDT,1667606400009,0.0001
SOLUSDT,1667635200007,0.0001
SOLUSDT,1667664000018,0.0001
SOLUSDT,1667692800009,0.0001
SOLUSDT,1667721600000,0.0001
SOLUSDT,1667750400010,0.0001
SOLUSDT,1667779200012,0.0001
SOLUSDT,1667808000014,9.319e-05
SOLUSDT,1667836800006,0.0001
SOLUSDT,1667865600000,-0.00035346
SOLUSDT,1667894400001,-0.00124635
SOLUSDT,1667923200005,-0.00059042
SOLUSDT,1667952000000,-0.0075
SOLUSDT,1667980800013,-0.0075
SOLUSDT,1668009600004,-0.015
SOLUSDT,1668024000018,-0.02
SOLUSDT,1668038400006,-0.02
SOLUSDT,1668052800011,-0.02
SOLUSDT,1668060000000,-0.02
SOLUSDT,1668067200000,-0.02
SOLUSDT,1668074400000,-0.02
SOLUSDT,1668081600000,-0.02
SOLUSDT,1668088800007,-0.00937683
SOLUSDT,1668096000015,-0.00801579
SOLUSDT,1668103200011,-0.01610749
SOLUSDT,1668110400000,-0.01792917
SOLUSDT,1668117600000,-0.00023209
SOLUSDT,1668124800000,-0.00262997
SOLUSDT,1668132000011,-0.00229218
SOLUSDT,1668139200003,-0.00407097
SOLUSDT,1668146400007,-0.00209331
SOLUSDT,1668153600015,-0.00097284
SOLUSDT,1668160800009,-0.00229598
SOLUSDT,1668168000005,-0.0026638
SOLUSDT,1668175200000,-0.00373271
SOLUSDT,1668182400027,-0.01139731
SOLUSDT,1668189600000,-0.00145664
SOLUSDT,1668196800004,-0.00153438
SOLUSDT,1668204000000,-0.0007073
SOLUSDT,1668211200007,-0.00029718
SOLUSDT,1668218400013,-0.0018903
SOLUSDT,1668225600000,-0.00194529
SOLUSDT,1668232800015,-0.00678495
SOLUSDT,1668240000016,-0.00090442
SOLUSDT,1668247200015,-0.00043311
SOLUSDT,1668254400014,-0.00166604
SOLUSDT,1668261600013,-0.00153586
SOLUSDT,1668268800000,-0.00087212
SOLUSDT,1668276000000,-0.00018986
SOLUSDT,1668283200000,-0.0002072
SOLUSDT,1668290400016,-0.00097367
SOLUSDT,1668297600004,-0.00070342
SOLUSDT,1668304800006,-0.00078974
SOLUSDT,1668312000001,-0.00163101
SOLUSDT,1668319200015,-0.00033147
SOLUSDT,1668326400000,-0.0017701
SOLUSDT,1668333600000,-0.00099368
SOLUSDT,1668340800007,-0.00083974
SOLUSDT,1668348000011,-0.0008275
SOLUSDT,1668355200017,-0.00013499
SOLUSDT,1668362400001,1.458e-05
SOLUSDT,1668369600011,-0.00019347
SOLUSDT,1668376800003,-0.00049299
SOLUSDT,1668384000000,-0.0017293
SOLUSDT,1668391200000,-0.00444734
SOLUSDT,1668398400004,-0.00469829
SOLUSDT,1668405600000,-0.00025664
SOLUSDT,1668412800000,-0.00020798
SOLUSDT,1668420000000,-0.00037676
SOLUSDT,1668427200000,-0.00065817
SOLUSDT,1668434400013,2.5e-05
SOLUSDT,1668441600000,-0.00078889
SOLUSDT,1668448800000,-0.00120937
SOLUSDT,1668456000021,2.5e-05
SOLUSDT,1668463200015,-7.464e-05
SOLUSDT,1668470400014,2.5e-05
SOLUSDT,1668477600000,2.5e-05
SOLUSDT,1668484800016,-0.0004769
SOLUSDT,1668492000010,-0.00073828
SOLUSDT,1668499200009,2.5e-05
SOLUSDT,1668506400018,2.5e-05
SOLUSDT,1668513600030,-0.00022903
SOLUSDT,1668520800006,-0.00022959
SOLUSDT,1668528000010,-0.00071141
SOLUSDT,1668535200010,-0.00136816
SOLUSDT,1668542400000,-0.00066296
SOLUSDT,1668549600000,-0.00074848
SOLUSDT,1668556800011,-0.00095985
SOLUSDT,1668564000000,-0.00055134
SOLUSDT,1668571200014,-0.00094499
SOLUSDT,1668578400006,-0.00045854
SOLUSDT,1668585600004,-0.0009133
SOLUSDT,1668592800000,-0.0011055
SOLUSDT,1668600000000,-0.00107526
SOLUSDT,1668607200000,-0.00074867
SOLUSDT,1668614400008,-0.00031476
SOLUSDT,1668621600018,-0.00062708
SOLUSDT,1668628800006,-3.556e-05
SOLUSDT,1668636000000,-4.335e-05
SOLUSDT,1668643200000,-0.00015275
SOLUSDT,1668650400009,-8.299e-05
SOLUSDT,1668657600022,-0.00033443
SOLUSDT,1668664800013,-1.852e-05
SOLUSDT,1668672000000,-9.19e-05
SOLUSDT,1668679200022,-3.299e-05
SOLUSDT,1668686400009,2.5e-05
SOLUSDT,1668693600000,-0.00336778
SOLUSDT,1668700800006,-0.00141975
SOLUSDT,1668708000003,-0.00141426
SOLUSDT,1668715200020,-0.00038974
SOLUSDT,1668722400008,-0.00040385
SOLUSDT,1668729600004,-0.00107448
SOLUSDT,1668736800004,-0.00046528
SOLUSDT,1668744000000,-0.00035674
SOLUSDT,1668751200007,-0.00029566
SOLUSDT,1668758400016,-0.00021531
SOLUSDT,1668787200000,-0.00082757
SOLUSDT,1668816000000,-0.00068642
SOLUSDT,1668844800004,-0.00114938
SOLUSDT,1668873600024,-0.00052327
SOLUSDT,1668902400015,-0.00047571
SOLUSDT,1668931200004,-0.00037408
SOLUSDT,1668960000000,-0.00112922
SOLUSDT,1668988800006,-0.00075953
SOLUSDT,1669017600015,-0.0005083
SOLUSDT,1669046400000,-0.00116096
SOLUSDT,1669075200000,-0.00016606
SOLUSDT,1669104000000,-0.00056977
SOLUSDT,1669132800000,-0.00089583
SOLUSDT,1669161600000,-0.00042476
SOLUSDT,1669190400011,-0.00011053
SOLUSDT,1669219200014,-0.00097051
SOLUSDT,1669248000007,-0.00110661
SOLUSDT,1669276800014,-0.0014096
SOLUSDT,1669305600013,-0.00203998
SOLUSDT,1669334400004,-0.00066695
SOLUSDT,1669363200015,-0.00025529
SOLUSDT,1669392000000,-0.00056949
SOLUSDT,1669420800011,-0.00015345
SOLUSDT,1669449600000,-0.00034616
SOLUSDT,1669478400000,-0.00055804
SOLUSDT,1669507200012,-0.00147702
SOLUSDT,1669536000000,-0.00043291
SOLUSDT,1669564800003,-0.00032864
SOLUSDT,1669593600015,-0.00016117
SOLUSDT,1669622400004,-0.00540619
SOLUSDT,1669651200011,-0.00281466
SOLUSDT,1669680000000,-0.00021025
SOLUSDT,1669708800015,-0.0004623
SOLUSDT,1669737600000,-0.00073299
SOLUSDT,1669766400007,-0.00048248
SOLUSDT,1669795200000,-0.00140667
SOLUSDT,1669824000015,-0.00041907
SOLUSDT,1669852800001,-0.00083649
SOLUSDT,1669881600006,-0.00015134
SOLUSDT,1669910400000,-0.0001949
SOLUSDT,1669939200001,-0.00093645
SOLUSDT,1669968000016,-0.00174192
SOLUSDT,1669996800017,-5.628e-05
SOLUSDT,1670025600006,9.346e-05
SOLUSDT,1670054400000,-0.00016897
SOLUSDT,1670083200011,-0.00030733
SOLUSDT,1670112000006,-0.00022684
SOLUSDT,1670140800000,4.642e-05
SOLUSDT,1670169600006,-1.362e-05
SOLUSDT,1670198400002,0.0001
SOLUSDT,1670227200011,-6.606e-05
SOLUSDT,1670256000008,0.0001
SOLUSDT,1670284800014,0.0001
SOLUSDT,1670313600027,6.467e-05
SOLUSDT,1670342400009,1.418e-05
SOLUSDT,1670371200000,4.454e-05
SOLUSDT,1670400000000,3.151e-05
SOLUSDT,1670428800000,5.056e-05
SOLUSDT,1670457600006,5.017e-05
SOLUSDT,1670486400000,-0.00028326
SOLUSDT,1670515200014,1.999e-05
SOLUSDT,1670544000017,-9.895e-05
SOLUSDT,1670572800005,-2.372e-05
SOLUSDT,1670601600000,7.054e-05
SOLUSDT,1670630400009,-4.552e-05
SOLUSDT,1670659200010,-5.93e-06
SOLUSDT,1670688000001,-0.00016454
SOLUSDT,1670716800011,-3.942e-05
SOLUSDT,1670745600007,-0.00010562
SOLUSDT,1670774400011,-9.44e-06
SOLUSDT,1670803200000,-0.0001843
SOLUSDT,1670832000004,-0.00028652
SOLUSDT,1670860800000,-0.00012371
SOLUSDT,1670889600000,-1.654e-05
SOLUSDT,1670918400018,2e-07
SOLUSDT,1670947200011,0.0001
SOLUSDT,1670976000010,0.0001
SOLUSDT,1671004800015,0.0001
SOLUSDT,1671033600004,0.0001
SOLUSDT,1671062400000,0.0001
SOLUSDT,1671091200023,0.0001
SOLUSDT,1671120000010,0.0001
SOLUSDT,1671148800016,0.0001
SOLUSDT,1671177600011,0.0001
SOLUSDT,1671206400001,-3.932e-05
SOLUSDT,1671235200001,-7.161e-05
SOLUSDT,1671264000011,-0.0004589
SOLUSDT,1671292800011,-0.00034297
SOLUSDT,1671321600008,-0.00045493
SOLUSDT,1671350400001,-0.00027776
SOLUSDT,1671379200012,-0.00035966
SOLUSDT,1671408000000,-0.00018596
SOLUSDT,1671436800000,-0.00045428
SOLUSDT,1671465600000,-0.000376
SOLUSDT,1671494400005,-0.00029256
SOLUSDT,1671523200016,-0.00020607
SOLUSDT,1671552000000,-0.00024139
SOLUSDT,1671580800007,-7.839e-05
SOLUSDT,1671609600012,-0.00034859
SOLUSDT,1671638400017,-0.00033756
SOLUSDT,1671667200004,-0.00027437
SOLUSDT,1671696000000,-0.00027483
SOLUSDT,1671724800001,-0.00010761
SOLUSDT,1671753600018,-9.791e-05
SOLUSDT,1671782400000,9.921e-05
SOLUSDT,1671811200000,-7.019e-05
SOLUSDT,1671840000001,-1.74e-06
SOLUSDT,1671868800007,-0.00121249
SOLUSDT,1671897600008,-0.00155484
SOLUSDT,1671926400000,-0.00063471
SOLUSDT,1671955200013,-0.00080818
SOLUSDT,1671984000000,-0.00017688
SOLUSDT,1672012800001,-0.00017839
SOLUSDT,1672041600000,-0.00035979
SOLUSDT,1672070400005,-0.00034214
SOLUSDT,1672099200005,-0.00014455
SOLUSDT,1672128000010,2.9e-07
SOLUSDT,1672156800006,-0.00016284
SOLUSDT,1672185600010,0.0001
SOLUSDT,1672214400010,-0.00049469
SOLUSDT,1672243200010,-0.00062657
SOLUSDT,1672272000011,-0.00049537
SOLUSDT,1672300800000,-0.00011408
SOLUSDT,1672329600008,-0.00013498
SOLUSDT,1672358400000,-0.00277763
SOLUSDT,1672387200000,-0.00216253
SOLUSDT,1672416000000,-0.00240802
BNBUSDT,1651363200000,-0.00024762
BNBUSDT,1651392000000,-0.00035999
BNBUSDT,1651420800010,-6.449e-05
BNBUSDT,1651449600018,-0.0001044
BNBUSDT,1651478400007,-0.00022186
BNBUSDT,1651507200000,-0.00019242
BNBUSDT,1651536000006,-0.00013821
BNBUSDT,1651564800000,0.0
BNBUSDT,1651593600021,-0.00026598
BNBUSDT,1651622400007,-0.0003764
BNBUSDT,1651651200011,0.0
BNBUSDT,1651680000000,0.0
BNBUSDT,1651708800005,0.0
BNBUSDT,1651737600019,0.0
BNBUSDT,1651766400005,0.0
BNBUSDT,1651795200005,-0.00051691
BNBUSDT,1651824000001,-0.00018277
BNBUSDT,1651852800010,0.0
BNBUSDT,1651881600004,0.0
BNBUSDT,1651910400016,0.0
BNBUSDT,1651939200011,0.0
BNBUSDT,1651968000000,0.0
BNBUSDT,1651996800007,-9.014e-05
BNBUSDT,1652025600015,0.0
BNBUSDT,1652054400000,0.0
BNBUSDT,1652083200001,0.0
BNBUSDT,1652112000000,-9.253e-05
BNBUSDT,1652140800000,-0.00035049
BNBUSDT,1652169600007,-0.0002248
BNBUSDT,1652198400008,-0.00041261
BNBUSDT,1652227200004,-0.00040555
BNBUSDT,1652256000007,-0.00040598
BNBUSDT,1652284800008,-0.00041958
BNBUSDT,1652313600014,-0.00050801
BNBUSDT,1652342400000,-0.00200781
BNBUSDT,1652371200007,-0.00087795
BNBUSDT,1652400000014,-0.00046326
BNBUSDT,1652428800001,-0.00033023
BNBUSDT,1652457600000,-0.00041998
BNBUSDT,1652486400000,-0.00061404
BNBUSDT,1652515200000,-0.00033375
BNBUSDT,1652544000001,-0.00051401
BNBUSDT,1652572800000,-0.00041385
BNBUSDT,1652601600000,-0.00040211
BNBUSDT,1652630400000,-0.00021402
BNBUSDT,1652659200021,-0.0004266
BNBUSDT,1652688000013,-0.00052839
BNBUSDT,1652716800006,-0.00031439
BNBUSDT,1652745600000,-0.00042037
BNBUSDT,1652774400010,-0.00038058
BNBUSDT,1652803200023,-0.00028335
BNBUSDT,1652832000003,-0.00072083
BNBUSDT,1652860800024,-0.00042482
BNBUSDT,1652889600014,-0.00043799
BNBUSDT,1652918400000,-0.00049541
BNBUSDT,1652947200008,-0.00033308
BNBUSDT,1652976000015,-0.00040023
BNBUSDT,1653004800001,-0.0002726
BNBUSDT,1653033600003,-0.00022742
BNBUSDT,1653062400012,-0.0003131
BNBUSDT,1653091200008,-0.00043872
BNBUSDT,1653120000001,-0.00032275
BNBUSDT,1653148800007,-6.067e-05
BNBUSDT,1653177600003,-0.00020817
BNBUSDT,1653206400016,-7.724e-05
BNBUSDT,1653235200000,-4.143e-05
BNBUSDT,1653264000011,-0.00022355
BNBUSDT,1653292800000,-2.302e-05
BNBUSDT,1653321600023,-5.216e-05
BNBUSDT,1653350400011,-0.00025547
BNBUSDT,1653379200000,-0.00030131
BNBUSDT,1653408000009,-0.00041352
BNBUSDT,1653436800001,0.0
BNBUSDT,1653465600000,0.0
BNBUSDT,1653494400015,-0.00024618
BNBUSDT,1653523200005,-0.00027993
BNBUSDT,1653552000001,-0.00054127
BNBUSDT,1653580800000,-0.00036566
BNBUSDT,1653609600007,-0.00015153
BNBUSDT,1653638400008,-0.00035435
BNBUSDT,1653667200000,-0.00030543
BNBUSDT,1653696000018,-0.00022821
BNBUSDT,1653724800016,-0.00026664
BNBUSDT,1653753600013,-0.00012842
BNBUSDT,1653782400000,-8.242e-05
BNBUSDT,1653811200025,-0.00033464
BNBUSDT,1653840000002,0.0
BNBUSDT,1653868800000,-1.633e-05
BNBUSDT,1653897600013,0.0
BNBUSDT,1653926400005,0.0
BNBUSDT,1653955200016,0.0
BNBUSDT,1653984000000,0.0
BNBUSDT,1654012800000,-5.989e-05
BNBUSDT,1654041600000,0.0
BNBUSDT,1654070400011,0.0
BNBUSDT,1654099200000,0.0
BNBUSDT,1654128000000,-0.00018644
BNBUSDT,1654156800006,-8.944e-05
BNBUSDT,1654185600021,0.0
BNBUSDT,1654214400016,-8.33e-06
BNBUSDT,1654243200016,0.0
BNBUSDT,1654272000012,-0.00023935
BNBUSDT,1654300800005,-0.00019683
BNBUSDT,1654329600000,-4.397e-05
BNBUSDT,1654358400007,-3.91e-05
BNBUSDT,1654387200005,-1.407e-05
BNBUSDT,1654416000015,-0.00023072
BNBUSDT,1654444800000,-0.00015784
BNBUSDT,1654473600000,0.0
BNBUSDT,1654502400017,0.0
BNBUSDT,1654531200000,0.0
BNBUSDT,1654560000000,-0.00034496
BNBUSDT,1654588800011,-0.00035567
BNBUSDT,1654617600000,-0.000146
BNBUSDT,1654646400008,0.0
BNBUSDT,1654675200020,-0.00015306
BNBUSDT,1654704000012,-0.00018711
BNBUSDT,1654732800000,-0.0001229
BNBUSDT,1654761600000,-2.809e-05
BNBUSDT,1654790400000,-2.586e-05
BNBUSDT,1654819200009,-0.00025878
BNBUSDT,1654848000000,0.0
BNBUSDT,1654876800006,-0.00035067
BNBUSDT,1654905600018,-0.0002948
BNBUSDT,1654934400014,-5.073e-05
BNBUSDT,1654963200000,-0.00029442
BNBUSDT,1654992000015,-0.00037884
BNBUSDT,1655020800019,-0.00025545
BNBUSDT,1655049600010,-0.00030561
BNBUSDT,1655078400009,-0.00010959
BNBUSDT,1655107200000,-0.00025385
BNBUSDT,1655136000007,-0.00018928
BNBUSDT,1655164800013,-3.66e-05
BNBUSDT,1655193600008,0.0
BNBUSDT,1655222400006,0.0
BNBUSDT,1655251200000,0.0
BNBUSDT,1655280000016,-0.00033673
BNBUSDT,1655308800008,-0.00011689
BNBUSDT,1655337600009,0.0
BNBUSDT,1655366400016,0.0
BNBUSDT,1655395200000,-4.671e-05
BNBUSDT,1655424000008,-0.00010868
BNBUSDT,1655452800003,0.0
BNBUSDT,1655481600000,-8.487e-05
BNBUSDT,1655510400020,-0.00011676
BNBUSDT,1655539200025,-0.00036897
BNBUSDT,1655568000014,-0.00022303
BNBUSDT,1655596800012,-0.00062237
BNBUSDT,1655625600012,-3.268e-05
BNBUSDT,1655654400008,-0.00013012
BNBUSDT,1655683200016,-0.00011545
BNBUSDT,1655712000000,-0.00022425
BNBUSDT,1655740800013,-0.00013949
BNBUSDT,1655769600012,-5.546e-05
BNBUSDT,1655798400018,-9.008e-05
BNBUSDT,1655827200010,-0.00011405
BNBUSDT,1655856000000,-0.00021005
BNBUSDT,1655884800001,-0.00031961
BNBUSDT,1655913600012,-0.00022236
BNBUSDT,1655942400000,-0.00014812
BNBUSDT,1655971200000,-0.00010648
BNBUSDT,1656000000016,-0.00019147
BNBUSDT,1656028800005,-0.00013465
BNBUSDT,1656057600004,-4.643e-05
BNBUSDT,1656086400018,0.0
BNBUSDT,1656115200001,-0.00010626
BNBUSDT,1656144000010,-0.00015322
BNBUSDT,1656172800000,-0.00011261
BNBUSDT,1656201600002,-0.00013445
BNBUSDT,1656230400016,0.0
BNBUSDT,1656259200006,-9.825e-05
BNBUSDT,1656288000008,-0.00024522
BNBUSDT,1656316800000,-0.00015208
BNBUSDT,1656345600016,-0.00015886
BNBUSDT,1656374400016,-0.00022449
BNBUSDT,1656403200001,-9.105e-05
BNBUSDT,1656432000005,0.0
BNBUSDT,1656460800000,-0.00032369
BNBUSDT,1656489600013,-3.475e-05
BNBUSDT,1656518400000,-0.00025433
BNBUSDT,1656547200000,-0.00013455
BNBUSDT,1656576000000,0.0
BNBUSDT,1656604800000,-0.00029998
BNBUSDT,1656633600001,-0.00017896
BNBUSDT,1656662400017,-1.794e-05
BNBUSDT,1656691200005,0.0
BNBUSDT,1656720000000,-0.00016329
BNBUSDT,1656748800000,-0.00013258
BNBUSDT,1656777600008,-3.906e-05
BNBUSDT,1656806400015,-5.174e-05
BNBUSDT,1656835200004,-4.27e-05
BNBUSDT,1656864000005,-0.0001864
BNBUSDT,1656892800021,0.0
BNBUSDT,1656921600001,-0.00023629
BNBUSDT,1656950400000,0.0
BNBUSDT,1656979200000,0.0
BNBUSDT,1657008000000,-0.0001103
BNBUSDT,1657036800015,-0.00013791
BNBUSDT,1657065600006,-0.00011221
BNBUSDT,1657094400000,0.0
BNBUSDT,1657123200000,-7.686e-05
BNBUSDT,1657152000010,-7.188e-05
BNBUSDT,1657180800010,-4.47e-05
BNBUSDT,1657209600011,-8.13e-05
BNBUSDT,1657238400008,-2.841e-05
BNBUSDT,1657267200009,0.0
BNBUSDT,1657296000000,-0.00014862
BNBUSDT,1657324800000,0.0
BNBUSDT,1657353600000,0.0
BNBUSDT,1657382400009,-0.00011787
BNBUSDT,1657411200001,-1.536e-05
BNBUSDT,1657440000002,-9.812e-05
BNBUSDT,1657468800001,-5.106e-05
BNBUSDT,1657497600000,-0.00010599
BNBUSDT,1657526400003,0.0
BNBUSDT,1657555200001,-3.501e-05
BNBUSDT,1657584000000,-0.00016301
BNBUSDT,1657612800021,-0.00015961
BNBUSDT,1657641600000,-0.00025585
BNBUSDT,1657670400012,-9.412e-05
BNBUSDT,1657699200022,-0.00016626
BNBUSDT,1657728000005,-0.00011396
BNBUSDT,1657756800017,-0.00013749
BNBUSDT,1657785600001,0.0
BNBUSDT,1657814400000,-0.0001166
BNBUSDT,1657843200004,0.0
BNBUSDT,1657872000019,0.0
BNBUSDT,1657900800017,-8.42e-06
BNBUSDT,1657929600021,0.0
BNBUSDT,1657958400014,0.0
BNBUSDT,1657987200005,-2.607e-05
BNBUSDT,1658016000000,0.0
BNBUSDT,1658044800003,0.0
BNBUSDT,1658073600007,0.0
BNBUSDT,1658102400001,0.0
BNBUSDT,1658131200004,0.0
BNBUSDT,1658160000019,0.0
BNBUSDT,1658188800000,0.0
BNBUSDT,1658217600000,0.0
BNBUSDT,1658246400001,0.0
BNBUSDT,1658275200004,0.0
BNBUSDT,1658304000000,0.0
BNBUSDT,1658332800003,-7.38e-06
BNBUSDT,1658361600000,0.0
BNBUSDT,1658390400018,0.0
BNBUSDT,1658419200011,0.0
BNBUSDT,1658448000014,0.0
BNBUSDT,1658476800000,0.0
BNBUSDT,1658505600000,0.0
BNBUSDT,1658534400004,0.0
BNBUSDT,1658563200002,0.0
BNBUSDT,1658592000001,0.0
BNBUSDT,1658620800000,-0.00018212
BNBUSDT,1658649600011,0.0
BNBUSDT,1658678400000,0.0
BNBUSDT,1658707200000,0.0
BNBUSDT,1658736000014,-0.00022869
BNBUSDT,1658764800006,0.0
BNBUSDT,1658793600010,-2.488e-05
BNBUSDT,1658822400000,-0.0001947
BNBUSDT,1658851200000,-0.00010802
BNBUSDT,1658880000008,-9.596e-05
BNBUSDT,1658908800000,0.0
BNBUSDT,1658937600003,0.0
BNBUSDT,1658966400009,0.0
BNBUSDT,1658995200008,0.0
BNBUSDT,1659024000013,0.0
BNBUSDT,1659052800000,0.0
BNBUSDT,1659081600000,0.0
BNBUSDT,1659110400000,0.0
BNBUSDT,1659139200005,4.073e-05
BNBUSDT,1659168000009,0.0
BNBUSDT,1659196800000,0.0
BNBUSDT,1659225600022,0.0
BNBUSDT,1659254400011,0.0
BNBUSDT,1659283200019,0.0
BNBUSDT,1659312000010,0.0
BNBUSDT,1659340800019,0.0
BNBUSDT,1659369600017,0.0
BNBUSDT,1659398400000,0.0
BNBUSDT,1659427200007,0.0
BNBUSDT,1659456000014,0.0
BNBUSDT,1659484800001,0.0
BNBUSDT,1659513600020,0.0
BNBUSDT,1659542400008,0.0
BNBUSDT,1659571200001,0.0
BNBUSDT,1659600000009,0.0
BNBUSDT,1659628800015,0.0
BNBUSDT,1659657600005,0.0
BNBUSDT,1659686400000,0.0
BNBUSDT,1659715200000,0.0
BNBUSDT,1659744000021,0.0
BNBUSDT,1659772800000,0.0
BNBUSDT,1659801600015,0.0
BNBUSDT,1659830400013,0.0
BNBUSDT,1659859200000,0.0
BNBUSDT,1659888000014,0.0
BNBUSDT,1659916800009,0.0
BNBUSDT,1659945600006,0.0
BNBUSDT,1659974400000,0.0
BNBUSDT,1660003200020,-1.892e-05
BNBUSDT,1660032000000,-3.567e-05
BNBUSDT,1660060800000,-4.608e-05
BNBUSDT,1660089600000,0.0
BNBUSDT,1660118400016,0.0
BNBUSDT,1660147200018,0.0
BNBUSDT,1660176000012,0.0
BNBUSDT,1660204800000,0.0
BNBUSDT,1660233600000,-0.00010494
BNBUSDT,1660262400006,-0.00012899
BNBUSDT,1660291200000,0.0
BNBUSDT,1660320000005,0.0
BNBUSDT,1660348800012,0.0
BNBUSDT,1660377600006,0.0
BNBUSDT,1660406400018,0.0
BNBUSDT,1660435200000,-7.018e-05
BNBUSDT,1660464000000,0.0
BNBUSDT,1660492800000,-0.0001024
BNBUSDT,1660521600010,-0.00010191
BNBUSDT,1660550400002,0.0
BNBUSDT,1660579200010,-2.291e-05
BNBUSDT,1660608000010,0.0
BNBUSDT,1660636800002,0.0
BNBUSDT,1660665600000,0.0
BNBUSDT,1660694400020,-7.47e-05
BNBUSDT,1660723200016,0.0
BNBUSDT,1660752000001,0.0
BNBUSDT,1660780800005,-6.488e-05
BNBUSDT,1660809600012,0.0
BNBUSDT,1660838400013,0.0
BNBUSDT,1660867200000,0.0
BNBUSDT,1660896000000,-0.00011474
BNBUSDT,1660924800009,-0.00012774
BNBUSDT,1660953600000,-1.924e-05
BNBUSDT,1660982400005,-0.00022728
BNBUSDT,1661011200000,-0.000166
BNBUSDT,1661040000010,-0.00013636
BNBUSDT,1661068800013,-0.00014148
BNBUSDT,1661097600000,-0.00014032
BNBUSDT,1661126400011,-0.00013977
BNBUSDT,1661155200005,0.0
BNBUSDT,1661184000005,0.0
BNBUSDT,1661212800000,0.0
BNBUSDT,1661241600021,-0.00014627
BNBUSDT,1661270400005,-9.462e-05
BNBUSDT,1661299200017,-4.807e-05
BNBUSDT,1661328000021,-4.245e-05
BNBUSDT,1661356800000,-0.00015685
BNBUSDT,1661385600003,0.0
BNBUSDT,1661414400000,0.0
BNBUSDT,1661443200004,0.0
BNBUSDT,1661472000001,-7.76e-05
BNBUSDT,1661500800004,-0.00016224
BNBUSDT,1661529600000,-0.00019433
BNBUSDT,1661558400010,-0.00028892
BNBUSDT,1661587200007,-0.00017703
BNBUSDT,1661616000008,-8.358e-05
BNBUSDT,1661644800019,-7.405e-05
BNBUSDT,1661673600000,-0.00012025
BNBUSDT,1661702400000,-3.464e-05
BNBUSDT,1661731200000,-0.00018805
BNBUSDT,1661760000000,-0.00011708
BNBUSDT,1661788800001,-6.241e-05
BNBUSDT,1661817600001,-7.165e-05
BNBUSDT,1661846400005,-7.661e-05
BNBUSDT,1661875200010,0.0
BNBUSDT,1661904000000,-0.00019462
BNBUSDT,1661932800005,0.0
BNBUSDT,1661961600013,0.0
BNBUSDT,1661990400012,-0.000167
BNBUSDT,1662019200000,-3.463e-05
BNBUSDT,1662048000013,-0.00019065
BNBUSDT,1662076800002,-0.00022746
BNBUSDT,1662105600013,-6.39e-06
BNBUSDT,1662134400000,0.0
BNBUSDT,1662163200000,-0.00021426
BNBUSDT,1662192000002,-6.499e-05
BNBUSDT,1662220800007,-1.442e-05
BNBUSDT,1662249600008,0.0
BNBUSDT,1662278400009,-4.283e-05
BNBUSDT,1662307200000,-6.369e-05
BNBUSDT,1662336000015,-1.282e-05
BNBUSDT,1662364800013,-0.00010529
BNBUSDT,1662393600007,-9.3e-05
BNBUSDT,1662422400018,-1.297e-05
BNBUSDT,1662451200020,0.0
BNBUSDT,1662480000028,0.0
BNBUSDT,1662508800013,-0.00054733
BNBUSDT,1662537600022,-0.0003075
BNBUSDT,1662566400021,-7.979e-05
BNBUSDT,1662595200010,0.0
BNBUSDT,1662624000000,0.0
BNBUSDT,1662652800003,0.0
BNBUSDT,1662681600011,0.0
BNBUSDT,1662710400000,0.0
BNBUSDT,1662739200000,0.0
BNBUSDT,1662768000003,0.0
BNBUSDT,1662796800000,0.0
BNBUSDT,1662825600012,0.0
BNBUSDT,1662854400009,0.0
BNBUSDT,1662883200012,0.0
BNBUSDT,1662912000005,0.0
BNBUSDT,1662940800007,0.0
BNBUSDT,1662969600013,-7e-07
BNBUSDT,1662998400000,0.0
BNBUSDT,1663027200004,-2.993e-05
BNBUSDT,1663056000000,-4.19e-06
BNBUSDT,1663084800000,-5.975e-05
BNBUSDT,1663113600000,-0.00022918
BNBUSDT,1663142400000,-9.042e-05
BNBUSDT,1663171200000,-4.776e-05
BNBUSDT,1663200000019,-8.768e-05
BNBUSDT,1663228800012,-0.00014425
BNBUSDT,1663257600007,-0.00020751
BNBUSDT,1663286400000,-0.0001216
BNBUSDT,1663315200000,-8.39e-05
BNBUSDT,1663344000000,-6.916e-05
BNBUSDT,1663372800000,-0.00011341
BNBUSDT,1663401600012,-3.768e-05
BNBUSDT,1663430400017,-5.159e-05
BNBUSDT,1663459200000,-0.00016986
BNBUSDT,1663488000004,-0.00015136
BNBUSDT,1663516800000,-7.379e-05
BNBUSDT,1663545600018,-0.00015207
BNBUSDT,1663574400006,-0.00029681
BNBUSDT,1663603200010,-0.00017649
BNBUSDT,1663632000007,-8.278e-05
BNBUSDT,1663660800001,-4.635e-05
BNBUSDT,1663689600000,-2.216e-05
BNBUSDT,1663718400001,-1.148e-05
BNBUSDT,1663747200005,-2.202e-05
BNBUSDT,1663776000000,0.0
BNBUSDT,1663804800000,-0.00027637
BNBUSDT,1663833600000,-0.00017379
BNBUSDT,1663862400011,0.0
BNBUSDT,1663891200023,-5.383e-05
BNBUSDT,1663920000004,-8.149e-05
BNBUSDT,1663948800005,0.0
BNBUSDT,1663977600000,-9.65e-06
BNBUSDT,1664006400005,0.0
BNBUSDT,1664035200000,0.0
BNBUSDT,1664064000010,0.0
BNBUSDT,1664092800000,-6.67e-05
BNBUSDT,1664121600003,0.0
BNBUSDT,1664150400001,-0.00010467
BNBUSDT,1664179200006,-1.654e-05
BNBUSDT,1664208000000,0.0
BNBUSDT,1664236800026,0.0
BNBUSDT,1664265600004,0.0
BNBUSDT,1664294400006,0.0
BNBUSDT,1664323200011,-0.00031512
BNBUSDT,1664352000000,-6.869e-05
BNBUSDT,1664380800000,-4.871e-05
BNBUSDT,1664409600010,0.0
BNBUSDT,1664438400000,0.0
BNBUSDT,1664467200000,0.0
BNBUSDT,1664496000006,0.0
BNBUSDT,1664524800002,0.0
BNBUSDT,1664553600007,0.0
BNBUSDT,1664582400008,0.0
BNBUSDT,1664611200011,0.0
BNBUSDT,1664640000000,0.0
BNBUSDT,1664668800000,-6.003e-05
BNBUSDT,1664697600000,-5.527e-05
BNBUSDT,1664726400006,-2.465e-05
BNBUSDT,1664755200000,0.0
BNBUSDT,1664784000014,0.0
BNBUSDT,1664812800010,0.0
BNBUSDT,1664841600006,-1.955e-05
BNBUSDT,1664870400004,0.0
BNBUSDT,1664899200013,0.0
BNBUSDT,1664928000000,-2.347e-05
BNBUSDT,1664956800000,0.0
BNBUSDT,1664985600012,0.0
BNBUSDT,1665014400008,0.0
BNBUSDT,1665043200002,0.0
BNBUSDT,1665072000006,0.0
BNBUSDT,1665100800000,-3.379e-05
BNBUSDT,1665129600000,-0.00010927
BNBUSDT,1665158400007,0.0
BNBUSDT,1665187200010,0.0
BNBUSDT,1665216000004,0.0
BNBUSDT,1665244800018,0.0
BNBUSDT,1665273600000,0.0
BNBUSDT,1665302400007,0.0
BNBUSDT,1665331200011,0.0
BNBUSDT,1665360000018,0.0
BNBUSDT,1665388800000,0.0
BNBUSDT,1665417600026,0.0
BNBUSDT,1665446400020,0.0
BNBUSDT,1665475200027,0.0
BNBUSDT,1665504000000,0.0
BNBUSDT,1665532800014,0.0
BNBUSDT,1665561600000,0.0
BNBUSDT,1665590400000,0.0
BNBUSDT,1665619200013,0.0
BNBUSDT,1665648000016,0.0
BNBUSDT,1665676800009,-0.00017328
BNBUSDT,1665705600020,-1.116e-05
BNBUSDT,1665734400000,0.0
BNBUSDT,1665763200009,-2.648e-05
BNBUSDT,1665792000001,-7.23e-06
BNBUSDT,1665820800005,-4.33e-05
BNBUSDT,1665849600004,-2.775e-05
BNBUSDT,1665878400012,0.0
BNBUSDT,1665907200000,-9.323e-05
BNBUSDT,1665936000010,0.0
BNBUSDT,1665964800012,-1.764e-05
BNBUSDT,1665993600010,0.0
BNBUSDT,1666022400017,-7.816e-05
BNBUSDT,1666051200010,0.0
BNBUSDT,1666080000008,-3.61e-06
BNBUSDT,1666108800000,-8.7e-05
BNBUSDT,1666137600007,0.0
BNBUSDT,1666166400022,0.0
BNBUSDT,1666195200016,0.0
BNBUSDT,1666224000000,0.0
BNBUSDT,1666252800013,0.0
BNBUSDT,1666281600000,0.0
BNBUSDT,1666310400005,-6.72e-06
BNBUSDT,1666339200018,-8.495e-05
BNBUSDT,1666368000000,-0.00013025
BNBUSDT,1666396800000,-4.594e-05
BNBUSDT,1666425600015,-0.00011472
BNBUSDT,1666454400000,-0.00018136
BNBUSDT,1666483200025,0.0
BNBUSDT,1666512000000,-0.00015971
BNBUSDT,1666540800004,-8.87e-06
BNBUSDT,1666569600009,0.0
BNBUSDT,1666598400012,0.0
BNBUSDT,1666627200002,-5.435e-05
BNBUSDT,1666656000013,0.0
BNBUSDT,1666684800013,0.0
BNBUSDT,1666713600000,-7.74e-06
BNBUSDT,1666742400006,0.0
BNBUSDT,1666771200013,0.0
BNBUSDT,1666800000000,-7.773e-05
BNBUSDT,1666828800009,-3.774e-05
BNBUSDT,1666857600006,0.0
BNBUSDT,1666886400009,0.0
BNBUSDT,1666915200000,-2.242e-05
BNBUSDT,1666944000000,0.0
BNBUSDT,1666972800007,0.0
BNBUSDT,1667001600000,0.0
BNBUSDT,1667030400003,0.0
BNBUSDT,1667059200010,0.0
BNBUSDT,1667088000000,0.0
BNBUSDT,1667116800013,0.0
BNBUSDT,1667145600009,0.0
BNBUSDT,1667174400012,0.0
BNBUSDT,1667203200000,0.0
BNBUSDT,1667232000010,0.0
BNBUSDT,1667260800000,-0.00022122
BNBUSDT,1667289600000,-7.476e-05
BNBUSDT,1667318400000,-1.068e-05
BNBUSDT,1667347200000,-0.00015035
BNBUSDT,1667376000000,-0.00018741
BNBUSDT,1667404800019,-0.00010047
BNBUSDT,1667433600011,-0.00024064
BNBUSDT,1667462400016,0.0
BNBUSDT,1667491200005,0.0
BNBUSDT,1667520000000,-0.00026514
BNBUSDT,1667548800004,-0.00015694
BNBUSDT,1667577600020,0.0
BNBUSDT,1667606400009,-0.00011505
BNBUSDT,1667635200007,-0.00033461
BNBUSDT,1667664000018,0.0
BNBUSDT,1667692800009,-0.00013208
BNBUSDT,1667721600000,-1.095e-05
BNBUSDT,1667750400010,0.0
BNBUSDT,1667779200012,0.0
BNBUSDT,1667808000014,0.0
BNBUSDT,1667836800006,0.0
BNBUSDT,1667865600000,0.0
BNBUSDT,1667894400001,-0.00086736
BNBUSDT,1667923200005,-9.108e-05
BNBUSDT,1667952000000,-0.00038784
BNBUSDT,1667980800013,-0.0002085
BNBUSDT,1668009600004,-0.00016051
BNBUSDT,1668038400006,-0.00075379
BNBUSDT,1668067200000,-0.00108601
BNBUSDT,1668096000015,-0.00101303
BNBUSDT,1668124800000,-6.721e-05
BNBUSDT,1668153600015,-0.00012043
BNBUSDT,1668182400027,0.0
BNBUSDT,1668211200007,0.0
BNBUSDT,1668240000016,-0.00049627
BNBUSDT,1668268800000,0.0
BNBUSDT,1668297600004,-0.00020827
BNBUSDT,1668326400000,-0.00024517
BNBUSDT,1668355200017,0.0
BNBUSDT,1668384000000,0.0
BNBUSDT,1668412800000,-5.498e-05
BNBUSDT,1668441600000,0.0
BNBUSDT,1668470400014,-1.388e-05
BNBUSDT,1668499200009,0.0
BNBUSDT,1668528000010,0.0
BNBUSDT,1668556800011,0.0
BNBUSDT,1668585600004,0.0
BNBUSDT,1668614400008,0.0
BNBUSDT,1668643200000,0.0
BNBUSDT,1668672000000,0.0
BNBUSDT,1668700800006,0.0
BNBUSDT,1668729600004,0.0
BNBUSDT,1668758400016,-8.914e-05
BNBUSDT,1668787200000,-3.688e-05
BNBUSDT,1668816000000,0.0
BNBUSDT,1668844800004,0.0
BNBUSDT,1668873600024,0.0
BNBUSDT,1668902400015,0.0
BNBUSDT,1668931200004,0.0
BNBUSDT,1668960000000,-3.401e-05
BNBUSDT,1668988800006,0.0
BNBUSDT,1669017600015,0.0
BNBUSDT,1669046400000,0.0
BNBUSDT,1669075200000,-8.432e-05
BNBUSDT,1669104000000,0.0
BNBUSDT,1669132800000,0.0
BNBUSDT,1669161600000,0.0
BNBUSDT,1669190400011,0.0
BNBUSDT,1669219200014,-0.00089682
BNBUSDT,1669248000007,-0.00100198
BNBUSDT,1669276800014,-0.00107431
BNBUSDT,1669305600013,-0.00101344
BNBUSDT,1669334400004,-0.00105799
BNBUSDT,1669363200015,-0.0008592
BNBUSDT,1669392000000,-0.0014554
BNBUSDT,1669420800011,-0.00124842
BNBUSDT,1669449600000,-0.00019936
BNBUSDT,1669478400000,-0.00032896
BNBUSDT,1669507200012,-0.00062761
BNBUSDT,1669536000000,-0.00055863
BNBUSDT,1669564800003,-0.00064417
BNBUSDT,1669593600015,-0.00083112
BNBUSDT,1669622400004,-0.00081517
BNBUSDT,1669651200011,-0.00092201
BNBUSDT,1669680000000,-0.00036103
BNBUSDT,1669708800015,-0.00016312
BNBUSDT,1669737600000,-0.00021615
BNBUSDT,1669766400007,-0.00022113
BNBUSDT,1669795200000,-0.00066434
BNBUSDT,1669824000015,-0.00079031
BNBUSDT,1669852800001,-0.00094938
BNBUSDT,1669881600006,-0.00149717
BNBUSDT,1669910400000,-0.0002155
BNBUSDT,1669939200001,0.0
BNBUSDT,1669968000016,0.0
BNBUSDT,1669996800017,0.0
BNBUSDT,1670025600006,0.0
BNBUSDT,1670054400000,0.0
BNBUSDT,1670083200011,0.0
BNBUSDT,1670112000006,0.0
BNBUSDT,1670140800000,0.0
BNBUSDT,1670169600006,0.0
BNBUSDT,1670198400002,0.0
BNBUSDT,1670227200011,0.0
BNBUSDT,1670256000008,0.0
BNBUSDT,1670284800014,0.0
BNBUSDT,1670313600027,0.0
BNBUSDT,1670342400009,0.0
BNBUSDT,1670371200000,0.0
BNBUSDT,1670400000000,0.0
BNBUSDT,1670428800000,0.0
BNBUSDT,1670457600006,0.0
BNBUSDT,1670486400000,0.0
BNBUSDT,1670515200014,0.0
BNBUSDT,1670544000017,0.0
BNBUSDT,1670572800005,0.0
BNBUSDT,1670601600000,0.0
BNBUSDT,1670630400009,0.0
BNBUSDT,1670659200010,0.0
BNBUSDT,1670688000001,0.0
BNBUSDT,1670716800011,0.0
BNBUSDT,1670745600007,0.0
BNBUSDT,1670774400011,0.0
BNBUSDT,1670803200000,0.0
BNBUSDT,1670832000004,0.0
BNBUSDT,1670860800000,0.0
BNBUSDT,1670889600000,0.0
BNBUSDT,1670918400018,0.0
BNBUSDT,1670947200011,0.0
BNBUSDT,1670976000010,2.88e-05
BNBUSDT,1671004800015,3.56e-05
BNBUSDT,1671033600004,0.0
BNBUSDT,1671062400000,0.0
BNBUSDT,1671091200023,0.0
BNBUSDT,1671120000010,0.0
BNBUSDT,1671148800016,0.0
BNBUSDT,1671177600011,0.0
BNBUSDT,1671206400001,-2.001e-05
BNBUSDT,1671235200001,-0.00073517
BNBUSDT,1671264000011,-0.00115398
BNBUSDT,1671292800011,-0.00078563
BNBUSDT,1671321600008,-0.0002971
BNBUSDT,1671350400001,-0.0010605
BNBUSDT,1671379200012,-0.00035846
BNBUSDT,1671408000000,-0.00083635
BNBUSDT,1671436800000,-0.00062904
BNBUSDT,1671465600000,-0.00037954
BNBUSDT,1671494400005,-1.126e-05
BNBUSDT,1671523200016,-0.00014553
BNBUSDT,1671552000000,-0.00018714
BNBUSDT,1671580800007,-0.0001895
BNBUSDT,1671609600012,-0.00016441
BNBUSDT,1671638400017,-9.578e-05
BNBUSDT,1671667200004,-0.00020175
BNBUSDT,1671696000000,-0.00037556
BNBUSDT,1671724800001,-0.00018387
BNBUSDT,1671753600018,-6.874e-05
BNBUSDT,1671782400000,0.0
BNBUSDT,1671811200000,-0.0001583
BNBUSDT,1671840000001,-8.702e-05
BNBUSDT,1671868800007,-0.00019326
BNBUSDT,1671897600008,-0.00017502
BNBUSDT,1671926400000,-0.00027056
BNBUSDT,1671955200013,-0.00021289
BNBUSDT,1671984000000,-0.00023132
BNBUSDT,1672012800001,-1.749e-05
BNBUSDT,1672041600000,0.0
BNBUSDT,1672070400005,-3.502e-05
BNBUSDT,1672099200005,0.0
BNBUSDT,1672128000010,0.0
BNBUSDT,1672156800006,0.0
BNBUSDT,1672185600010,0.0
BNBUSDT,1672214400010,-6.104e-05
BNBUSDT,1672243200010,-8.213e-05
BNBUSDT,1672272000011,-3.707e-05
BNBUSDT,1672300800000,-3.846e-05
BNBUSDT,1672329600008,0.0
BNBUSDT,1672358400000,-3.597e-05
BNBUSDT,1672387200000,-0.00010921
BNBUSDT,1672416000000,-2.319e-05
TRXUSDT,1651363200000,-2.41e-06
TRXUSDT,1651392000000,0.0001
TRXUSDT,1651420800010,0.0001
TRXUSDT,1651449600018,0.0001
TRXUSDT,1651478400007,0.0001
TRXUSDT,1651507200000,-7.711e-05
TRXUSDT,1651536000006,0.0001
TRXUSDT,1651564800000,8.848e-05
TRXUSDT,1651593600021,0.0001
TRXUSDT,1651622400007,6.685e-05
TRXUSDT,1651651200011,0.0001
TRXUSDT,1651680000000,0.0001
TRXUSDT,1651708800005,0.0001
TRXUSDT,1651737600019,0.0001
TRXUSDT,1651766400005,0.0001
TRXUSDT,1651795200005,2.501e-05
TRXUSDT,1651824000001,-1.312e-05
TRXUSDT,1651852800010,0.0001
TRXUSDT,1651881600004,0.0001
TRXUSDT,1651910400016,2.484e-05
TRXUSDT,1651939200011,5.373e-05
TRXUSDT,1651968000000,0.0001
TRXUSDT,1651996800007,5.717e-05
TRXUSDT,1652025600015,0.0001
TRXUSDT,1652054400000,0.0001
TRXUSDT,1652083200001,0.0001
TRXUSDT,1652112000000,-7.16e-05
TRXUSDT,1652140800000,-0.00012318
TRXUSDT,1652169600007,0.0001
TRXUSDT,1652198400008,0.0001
TRXUSDT,1652227200004,-0.00021459
TRXUSDT,1652256000007,-0.0002301
TRXUSDT,1652284800008,-0.00460686
TRXUSDT,1652313600014,-0.00194964
TRXUSDT,1652342400000,-0.00300151
TRXUSDT,1652371200007,-0.00164353
TRXUSDT,1652400000014,-0.00157666
TRXUSDT,1652428800001,-0.00019882
TRXUSDT,1652457600000,0.0001
TRXUSDT,1652486400000,0.0001
TRXUSDT,1652515200000,7.76e-06
TRXUSDT,1652544000001,-0.00041783
TRXUSDT,1652572800000,-7.487e-05
TRXUSDT,1652601600000,-0.00026076
TRXUSDT,1652630400000,-0.00057375
TRXUSDT,1652659200021,9.582e-05
TRXUSDT,1652688000013,-0.00020428
TRXUSDT,1652716800006,-0.00048606
TRXUSDT,1652745600000,-0.00010871
TRXUSDT,1652774400010,-0.00012197
TRXUSDT,1652803200023,-0.00032135
TRXUSDT,1652832000003,3.066e-05
TRXUSDT,1652860800024,-0.00022096
TRXUSDT,1652889600014,-0.00060303
TRXUSDT,1652918400000,-0.00022338
TRXUSDT,1652947200008,-0.00010906
TRXUSDT,1652976000015,4.63e-06
TRXUSDT,1653004800001,-0.0001564
TRXUSDT,1653033600003,3.462e-05
TRXUSDT,1653062400012,-0.00015839
TRXUSDT,1653091200008,-0.00034654
TRXUSDT,1653120000001,-0.0005425
TRXUSDT,1653148800007,7.5e-07
TRXUSDT,1653177600003,2.6e-05
TRXUSDT,1653206400016,3.569e-05
TRXUSDT,1653235200000,0.0001
TRXUSDT,1653264000011,0.0001
TRXUSDT,1653292800000,0.0001
TRXUSDT,1653321600023,9.628e-05
TRXUSDT,1653350400011,3.715e-05
TRXUSDT,1653379200000,7.655e-05
TRXUSDT,1653408000009,0.0001
TRXUSDT,1653436800001,0.0001
TRXUSDT,1653465600000,0.0001
TRXUSDT,1653494400015,0.0001
TRXUSDT,1653523200005,0.0001
TRXUSDT,1653552000001,0.0001
TRXUSDT,1653580800000,0.0001
TRXUSDT,1653609600007,0.0001
TRXUSDT,1653638400008,0.0001
TRXUSDT,1653667200000,0.0001
TRXUSDT,1653696000018,0.0001
TRXUSDT,1653724800016,0.0001
TRXUSDT,1653753600013,0.0001
TRXUSDT,1653782400000,0.0001
TRXUSDT,1653811200025,0.0001
TRXUSDT,1653840000002,0.0001
TRXUSDT,1653868800000,0.0001
TRXUSDT,1653897600013,0.0001
TRXUSDT,1653926400005,0.0001
TRXUSDT,1653955200016,0.0001
TRXUSDT,1653984000000,0.0001
TRXUSDT,1654012800000,0.0001
TRXUSDT,1654041600000,0.0001
TRXUSDT,1654070400011,0.0001
TRXUSDT,1654099200000,0.0001
TRXUSDT,1654128000000,9.8e-06
TRXUSDT,1654156800006,8.34e-05
TRXUSDT,1654185600021,0.0001
TRXUSDT,1654214400016,0.0001
TRXUSDT,1654243200016,0.0001
TRXUSDT,1654272000012,5.373e-05
TRXUSDT,1654300800005,2.574e-05
TRXUSDT,1654329600000,-0.00017424
TRXUSDT,1654358400007,-8.783e-05
TRXUSDT,1654387200005,5.627e-05
TRXUSDT,1654416000015,-9.78e-06
TRXUSDT,1654444800000,0.0001
TRXUSDT,1654473600000,0.0001
TRXUSDT,1654502400017,0.0001
TRXUSDT,1654531200000,0.0001
TRXUSDT,1654560000000,0.0001
TRXUSDT,1654588800011,-6.607e-05
TRXUSDT,1654617600000,1.577e-05
TRXUSDT,1654646400008,0.0001
TRXUSDT,1654675200020,-0.00010915
TRXUSDT,1654704000012,-2.13e-05
TRXUSDT,1654732800000,4.206e-05
TRXUSDT,1654761600000,2.829e-05
TRXUSDT,1654790400000,-3.176e-05
TRXUSDT,1654819200009,-5.736e-05
TRXUSDT,1654848000000,4.352e-05
TRXUSDT,1654876800006,-0.00012772
TRXUSDT,1654905600018,-0.000273
TRXUSDT,1654934400014,-1.79e-05
TRXUSDT,1654963200000,-0.00057549
TRXUSDT,1654992000015,-0.00030393
TRXUSDT,1655020800019,-0.00052766
TRXUSDT,1655049600010,-0.00032509
TRXUSDT,1655078400009,-0.00045154
TRXUSDT,1655107200000,-0.00430136
TRXUSDT,1655136000007,-0.00107476
TRXUSDT,1655164800013,-0.0007606
TRXUSDT,1655193600008,-0.000873
TRXUSDT,1655222400006,-0.00100242
TRXUSDT,1655251200000,-0.00322751
TRXUSDT,1655280000016,-0.004875
TRXUSDT,1655308800008,-0.00187406
TRXUSDT,1655337600009,-0.00082305
TRXUSDT,1655366400016,-0.00144746
TRXUSDT,1655395200000,-0.00170153
TRXUSDT,1655424000008,-0.00143899
TRXUSDT,1655452800003,-0.0005658
TRXUSDT,1655481600000,-0.00063393
TRXUSDT,1655510400020,-0.00029647
TRXUSDT,1655539200025,-0.00074445
TRXUSDT,1655568000014,-0.00032317
TRXUSDT,1655596800012,-0.00051455
TRXUSDT,1655625600012,-0.00044454
TRXUSDT,1655654400008,-0.00042644
TRXUSDT,1655683200016,-0.00055066
TRXUSDT,1655712000000,-0.00043216
TRXUSDT,1655740800013,-0.00035562
TRXUSDT,1655769600012,-0.00033473
TRXUSDT,1655798400018,-0.00022228
TRXUSDT,1655827200010,-0.00019263
TRXUSDT,1655856000000,-0.00032117
TRXUSDT,1655884800001,-0.0003771
TRXUSDT,1655913600012,-0.00035839
TRXUSDT,1655942400000,-0.00040446
TRXUSDT,1655971200000,-0.00033764
TRXUSDT,1656000000016,-0.00075608
TRXUSDT,1656028800005,-0.00036466
TRXUSDT,1656057600004,-0.00018767
TRXUSDT,1656086400018,-0.00017758
TRXUSDT,1656115200001,-0.00015872
TRXUSDT,1656144000010,-0.00045023
TRXUSDT,1656172800000,-0.00069889
TRXUSDT,1656201600002,-0.00043752
TRXUSDT,1656230400016,-0.00036713
TRXUSDT,1656259200006,-0.00039945
TRXUSDT,1656288000008,-0.00025164
TRXUSDT,1656316800000,-0.00014062
TRXUSDT,1656345600016,-0.0003668
TRXUSDT,1656374400016,-0.00048396
TRXUSDT,1656403200001,-0.0005297
TRXUSDT,1656432000005,-0.00064686
TRXUSDT,1656460800000,-0.00129006
TRXUSDT,1656489600013,-0.00113604
TRXUSDT,1656518400000,-0.00106347
TRXUSDT,1656547200000,-0.00094782
TRXUSDT,1656576000000,-0.00084621
TRXUSDT,1656604800000,-0.00062069
TRXUSDT,1656633600001,-0.00047215
TRXUSDT,1656662400017,-0.00052557
TRXUSDT,1656691200005,-0.00062355
TRXUSDT,1656720000000,-0.00025942
TRXUSDT,1656748800000,-0.00052735
TRXUSDT,1656777600008,-0.00046082
TRXUSDT,1656806400015,-0.00057957
TRXUSDT,1656835200004,-0.00094646
TRXUSDT,1656864000005,-0.00082969
TRXUSDT,1656892800021,-9.175e-05
TRXUSDT,1656921600001,-0.00048756
TRXUSDT,1656950400000,-0.0002941
TRXUSDT,1656979200000,-0.00027648
TRXUSDT,1657008000000,-0.0002506
TRXUSDT,1657036800015,-0.00042369
TRXUSDT,1657065600006,-0.0003821
TRXUSDT,1657094400000,-0.00047076
TRXUSDT,1657123200000,-0.00059571
TRXUSDT,1657152000010,-0.00050771
TRXUSDT,1657180800010,-0.00079012
TRXUSDT,1657209600011,-0.00019765
TRXUSDT,1657238400008,-0.00049001
TRXUSDT,1657267200009,-0.00023216
TRXUSDT,1657296000000,-0.00030645
TRXUSDT,1657324800000,-0.00025521
TRXUSDT,1657353600000,-0.00018
TRXUSDT,1657382400009,-0.00013515
TRXUSDT,1657411200001,-0.00016359
TRXUSDT,1657440000002,-0.00015071
TRXUSDT,1657468800001,-0.00039629
TRXUSDT,1657497600000,-0.00043765
TRXUSDT,1657526400003,-0.0004905
TRXUSDT,1657555200001,-0.00041926
TRXUSDT,1657584000000,-0.00058781
TRXUSDT,1657612800021,-0.00033573
TRXUSDT,1657641600000,-0.00024527
TRXUSDT,1657670400012,-0.00036941
TRXUSDT,1657699200022,-0.00022055
TRXUSDT,1657728000005,-0.00045626
TRXUSDT,1657756800017,-0.00012094
TRXUSDT,1657785600001,-0.00027966
TRXUSDT,1657814400000,-0.00031216
TRXUSDT,1657843200004,1.938e-05
TRXUSDT,1657872000019,-0.00010081
TRXUSDT,1657900800017,-0.00019278
TRXUSDT,1657929600021,-2.753e-05
TRXUSDT,1657958400014,-0.00028479
TRXUSDT,1657987200005,-0.00012264
TRXUSDT,1658016000000,2.828e-05
TRXUSDT,1658044800003,-2.776e-05
TRXUSDT,1658073600007,-0.0002334
TRXUSDT,1658102400001,-0.00021466
TRXUSDT,1658131200004,-0.00018399
TRXUSDT,1658160000019,1.967e-05
TRXUSDT,1658188800000,-0.00028808
TRXUSDT,1658217600000,-0.00014943
TRXUSDT,1658246400001,-6.712e-05
TRXUSDT,1658275200004,-0.00023724
TRXUSDT,1658304000000,8.616e-05
TRXUSDT,1658332800003,-0.00011078
TRXUSDT,1658361600000,-0.00047495
TRXUSDT,1658390400018,-0.00034081
TRXUSDT,1658419200011,-0.00030865
TRXUSDT,1658448000014,-0.00028239
TRXUSDT,1658476800000,-0.00034856
TRXUSDT,1658505600000,-0.0005478
TRXUSDT,1658534400004,-0.00066356
TRXUSDT,1658563200002,-0.00044668
TRXUSDT,1658592000001,-0.00062473
TRXUSDT,1658620800000,-0.00041738
TRXUSDT,1658649600011,-0.00037926
TRXUSDT,1658678400000,-0.00038884
TRXUSDT,1658707200000,-0.00031163
TRXUSDT,1658736000014,-0.00050223
TRXUSDT,1658764800006,-0.00062143
TRXUSDT,1658793600010,-0.00063697
TRXUSDT,1658822400000,-0.00048053
TRXUSDT,1658851200000,-0.00044969
TRXUSDT,1658880000008,-0.00035365
TRXUSDT,1658908800000,-0.00027158
TRXUSDT,1658937600003,-0.00028025
TRXUSDT,1658966400009,3.201e-05
TRXUSDT,1658995200008,9.45e-06
TRXUSDT,1659024000013,8.832e-05
TRXUSDT,1659052800000,0.0001
TRXUSDT,1659081600000,7.189e-05
TRXUSDT,1659110400000,4.117e-05
TRXUSDT,1659139200005,8.958e-05
TRXUSDT,1659168000009,0.0001
TRXUSDT,1659196800000,0.0001
TRXUSDT,1659225600022,-3.008e-05
TRXUSDT,1659254400011,-0.00020337
TRXUSDT,1659283200019,-3.984e-05
TRXUSDT,1659312000010,-0.00012095
TRXUSDT,1659340800019,-7.5e-05
TRXUSDT,1659369600017,-0.00015924
TRXUSDT,1659398400000,6.876e-05
TRXUSDT,1659427200007,-0.00032601
TRXUSDT,1659456000014,-0.00010976
TRXUSDT,1659484800001,-0.00012269
TRXUSDT,1659513600020,-0.00010428
TRXUSDT,1659542400008,-0.0001397
TRXUSDT,1659571200001,-0.00031041
TRXUSDT,1659600000009,-0.00026193
TRXUSDT,1659628800015,-0.00033566
TRXUSDT,1659657600005,-3.573e-05
TRXUSDT,1659686400000,-0.00013112
TRXUSDT,1659715200000,-5.148e-05
TRXUSDT,1659744000021,-9.532e-05
TRXUSDT,1659772800000,-5.382e-05
TRXUSDT,1659801600015,3.239e-05
TRXUSDT,1659830400013,-0.00015897
TRXUSDT,1659859200000,-8.939e-05
TRXUSDT,1659888000014,-0.00017557
TRXUSDT,1659916800009,-2.606e-05
TRXUSDT,1659945600006,-0.00021118
TRXUSDT,1659974400000,-8.062e-05
TRXUSDT,1660003200020,-0.00010514
TRXUSDT,1660032000000,-0.00011618
TRXUSDT,1660060800000,-0.00026599
TRXUSDT,1660089600000,-0.00034166
TRXUSDT,1660118400016,-0.00030255
TRXUSDT,1660147200018,-0.00011244
TRXUSDT,1660176000012,-0.00011503
TRXUSDT,1660204800000,9.979e-05
TRXUSDT,1660233600000,4.394e-05
TRXUSDT,1660262400006,-5.991e-05
TRXUSDT,1660291200000,9.57e-06
TRXUSDT,1660320000005,-0.00015265
TRXUSDT,1660348800012,-0.00026608
TRXUSDT,1660377600006,0.0001
TRXUSDT,1660406400018,-0.00018412
TRXUSDT,1660435200000,-0.00014342
TRXUSDT,1660464000000,-9.447e-05
TRXUSDT,1660492800000,0.0001
TRXUSDT,1660521600010,4.851e-05
TRXUSDT,1660550400002,-0.00027567
TRXUSDT,1660579200010,-0.00042588
TRXUSDT,1660608000010,-0.00034468
TRXUSDT,1660636800002,-0.00025923
TRXUSDT,1660665600000,-0.00030736
TRXUSDT,1660694400020,-0.00023573
TRXUSDT,1660723200016,-0.00013034
TRXUSDT,1660752000001,-0.00015829
TRXUSDT,1660780800005,-0.00048564
TRXUSDT,1660809600012,-0.00035936
TRXUSDT,1660838400013,-0.00036727
TRXUSDT,1660867200000,-0.00027797
TRXUSDT,1660896000000,-0.00064417
TRXUSDT,1660924800009,-0.00039635
TRXUSDT,1660953600000,-0.00045604
TRXUSDT,1660982400005,-0.0001806
TRXUSDT,1661011200000,-0.0003226
TRXUSDT,1661040000010,-0.00022854
TRXUSDT,1661068800013,-0.00037177
TRXUSDT,1661097600000,-0.00027806
TRXUSDT,1661126400011,-9.113e-05
TRXUSDT,1661155200005,-6.275e-05
TRXUSDT,1661184000005,-0.00019645
TRXUSDT,1661212800000,-0.0001257
TRXUSDT,1661241600021,-0.00015256
TRXUSDT,1661270400005,-2.475e-05
TRXUSDT,1661299200017,-2.852e-05
TRXUSDT,1661328000021,-0.00019076
TRXUSDT,1661356800000,-0.00011977
TRXUSDT,1661385600003,-0.00036896
TRXUSDT,1661414400000,-0.00015949
TRXUSDT,1661443200004,-0.00038446
TRXUSDT,1661472000001,-0.00012361
TRXUSDT,1661500800004,-0.00029228
TRXUSDT,1661529600000,-0.00021436
TRXUSDT,1661558400010,-0.00072122
TRXUSDT,1661587200007,-0.00036042
TRXUSDT,1661616000008,-0.00019986
TRXUSDT,1661644800019,-7.467e-05
TRXUSDT,1661673600000,-0.00023933
TRXUSDT,1661702400000,-0.00027333
TRXUSDT,1661731200000,-0.00050355
TRXUSDT,1661760000000,-0.00034805
TRXUSDT,1661788800001,-0.00021351
TRXUSDT,1661817600001,-7.415e-05
TRXUSDT,1661846400005,-0.00014978
TRXUSDT,1661875200010,-5.835e-05
TRXUSDT,1661904000000,-8.956e-05
TRXUSDT,1661932800005,-6.621e-05
TRXUSDT,1661961600013,-0.00016735
TRXUSDT,1661990400012,-0.00034655
TRXUSDT,1662019200000,-0.00016865
TRXUSDT,1662048000013,-0.00032063
TRXUSDT,1662076800002,-0.00012027
TRXUSDT,1662105600013,-0.00018313
TRXUSDT,1662134400000,-0.00010387
TRXUSDT,1662163200000,-0.00034429
TRXUSDT,1662192000002,-0.00010088
TRXUSDT,1662220800007,-0.00010722
TRXUSDT,1662249600008,-5.834e-05
TRXUSDT,1662278400009,-7.36e-05
TRXUSDT,1662307200000,-3.698e-05
TRXUSDT,1662336000015,-3.04e-06
TRXUSDT,1662364800013,-0.00014281
TRXUSDT,1662393600007,-0.0001301
TRXUSDT,1662422400018,-0.00020877
TRXUSDT,1662451200020,2.3e-05
TRXUSDT,1662480000028,3.072e-05
TRXUSDT,1662508800013,-0.00055874
TRXUSDT,1662537600022,-0.00047611
TRXUSDT,1662566400021,-0.00029346
TRXUSDT,1662595200010,-0.00024202
TRXUSDT,1662624000000,-0.00022157
TRXUSDT,1662652800003,-0.00033183
TRXUSDT,1662681600011,-0.00022189
TRXUSDT,1662710400000,-7.53e-06
TRXUSDT,1662739200000,5.329e-05
TRXUSDT,1662768000003,5.051e-05
TRXUSDT,1662796800000,8.824e-05
TRXUSDT,1662825600012,0.0001
TRXUSDT,1662854400009,0.0001
TRXUSDT,1662883200012,7.73e-05
TRXUSDT,1662912000005,-3.721e-05
TRXUSDT,1662940800007,-5.063e-05
TRXUSDT,1662969600013,-2.003e-05
TRXUSDT,1662998400000,-5.157e-05
TRXUSDT,1663027200004,-0.00010179
TRXUSDT,1663056000000,-3.664e-05
TRXUSDT,1663084800000,-0.00049116
TRXUSDT,1663113600000,-0.00068337
TRXUSDT,1663142400000,-0.00038382
TRXUSDT,1663171200000,-0.00046842
TRXUSDT,1663200000019,-0.00021558
TRXUSDT,1663228800012,-0.00036174
TRXUSDT,1663257600007,-0.00033774
TRXUSDT,1663286400000,-0.00022501
TRXUSDT,1663315200000,-0.00016796
TRXUSDT,1663344000000,-0.00023243
TRXUSDT,1663372800000,-0.00015058
TRXUSDT,1663401600012,-0.00022196
TRXUSDT,1663430400017,-8.848e-05
TRXUSDT,1663459200000,-0.00018312
TRXUSDT,1663488000004,9.97e-06
TRXUSDT,1663516800000,8.3e-06
TRXUSDT,1663545600018,-0.00031741
TRXUSDT,1663574400006,-0.00046392
TRXUSDT,1663603200010,-0.00025329
TRXUSDT,1663632000007,-0.00012463
TRXUSDT,1663660800001,-1.679e-05
TRXUSDT,1663689600000,-0.00017509
TRXUSDT,1663718400001,-0.00020865
TRXUSDT,1663747200005,-0.00026533
TRXUSDT,1663776000000,-0.00015718
TRXUSDT,1663804800000,-0.00027546
TRXUSDT,1663833600000,-0.00030765
TRXUSDT,1663862400011,-0.00016035
TRXUSDT,1663891200023,-5.5e-05
TRXUSDT,1663920000004,5.201e-05
TRXUSDT,1663948800005,-0.00016647
TRXUSDT,1663977600000,-5.87e-06
TRXUSDT,1664006400005,7.229e-05
TRXUSDT,1664035200000,8.15e-05
TRXUSDT,1664064000010,-0.00016524
TRXUSDT,1664092800000,-7.262e-05
TRXUSDT,1664121600003,-2.494e-05
TRXUSDT,1664150400001,-3.91e-06
TRXUSDT,1664179200006,-0.00028815
TRXUSDT,1664208000000,-3.62e-05
TRXUSDT,1664236800026,-5.567e-05
TRXUSDT,1664265600004,-3.876e-05
TRXUSDT,1664294400006,1.537e-05
TRXUSDT,1664323200011,-0.00024527
TRXUSDT,1664352000000,-0.00024095
TRXUSDT,1664380800000,-6.605e-05
TRXUSDT,1664409600010,5.896e-05
TRXUSDT,1664438400000,0.0001
TRXUSDT,1664467200000,5.244e-05
TRXUSDT,1664496000006,7.403e-05
TRXUSDT,1664524800002,8.987e-05
TRXUSDT,1664553600007,-2.522e-05
TRXUSDT,1664582400008,4.573e-05
TRXUSDT,1664611200011,5.26e-06
TRXUSDT,1664640000000,2.29e-06
TRXUSDT,1664668800000,-8.891e-05
TRXUSDT,1664697600000,-0.00013016
TRXUSDT,1664726400006,-9.621e-05
TRXUSDT,1664755200000,-4.251e-05
TRXUSDT,1664784000014,-1.313e-05
TRXUSDT,1664812800010,4.964e-05
TRXUSDT,1664841600006,-1.088e-05
TRXUSDT,1664870400004,-0.00013547
TRXUSDT,1664899200013,-1.433e-05
TRXUSDT,1664928000000,1.679e-05
TRXUSDT,1664956800000,9.136e-05
TRXUSDT,1664985600012,-5.94e-06
TRXUSDT,1665014400008,-7.328e-05
TRXUSDT,1665043200002,8.83e-06
TRXUSDT,1665072000006,-9.118e-05
TRXUSDT,1665100800000,-4.71e-05
TRXUSDT,1665129600000,-4.315e-05
TRXUSDT,1665158400007,-0.00013586
TRXUSDT,1665187200010,-0.00017458
TRXUSDT,1665216000004,-9.248e-05
TRXUSDT,1665244800018,-5.16e-06
TRXUSDT,1665273600000,-0.00016824
TRXUSDT,1665302400007,8.25e-06
TRXUSDT,1665331200011,5.184e-05
TRXUSDT,1665360000018,8.441e-05
TRXUSDT,1665388800000,4.07e-06
TRXUSDT,1665417600026,0.0001
TRXUSDT,1665446400020,7.032e-05
TRXUSDT,1665475200027,-0.00011432
TRXUSDT,1665504000000,1.851e-05
TRXUSDT,1665532800014,0.0001
TRXUSDT,1665561600000,6.033e-05
TRXUSDT,1665590400000,5.13e-06
TRXUSDT,1665619200013,-0.00015244
TRXUSDT,1665648000016,-0.00021583
TRXUSDT,1665676800009,-1.686e-05
TRXUSDT,1665705600020,-2.547e-05
TRXUSDT,1665734400000,-2.293e-05
TRXUSDT,1665763200009,0.0001
TRXUSDT,1665792000001,0.0001
TRXUSDT,1665820800005,0.0001
TRXUSDT,1665849600004,-1.601e-05
TRXUSDT,1665878400012,-3.07e-05
TRXUSDT,1665907200000,-5.373e-05
TRXUSDT,1665936000010,-9.122e-05
TRXUSDT,1665964800012,-5.513e-05
TRXUSDT,1665993600010,2.894e-05
TRXUSDT,1666022400017,-3.43e-06
TRXUSDT,1666051200010,8.227e-05
TRXUSDT,1666080000008,5.272e-05
TRXUSDT,1666108800000,-1.946e-05
TRXUSDT,1666137600007,-2.754e-05
TRXUSDT,1666166400022,0.0001
TRXUSDT,1666195200016,-2.449e-05
TRXUSDT,1666224000000,-6.135e-05
TRXUSDT,1666252800013,-0.00013038
TRXUSDT,1666281600000,5.639e-05
TRXUSDT,1666310400005,7.412e-05
TRXUSDT,1666339200018,1.407e-05
TRXUSDT,1666368000000,-0.00016148
TRXUSDT,1666396800000,-0.00016191
TRXUSDT,1666425600015,-0.00022775
TRXUSDT,1666454400000,-0.0002465
TRXUSDT,1666483200025,-7.95e-05
TRXUSDT,1666512000000,-4.45e-06
TRXUSDT,1666540800004,-0.00016134
TRXUSDT,1666569600009,-6.751e-05
TRXUSDT,1666598400012,-0.00013407
TRXUSDT,1666627200002,-9.27e-06
TRXUSDT,1666656000013,1.473e-05
TRXUSDT,1666684800013,6.685e-05
TRXUSDT,1666713600000,5.494e-05
TRXUSDT,1666742400006,-4.616e-05
TRXUSDT,1666771200013,-9.31e-06
TRXUSDT,1666800000000,-5.52e-05
TRXUSDT,1666828800009,7.869e-05
TRXUSDT,1666857600006,7.569e-05
TRXUSDT,1666886400009,0.0001
TRXUSDT,1666915200000,3.401e-05
TRXUSDT,1666944000000,2.649e-05
TRXUSDT,1666972800007,5.15e-05
TRXUSDT,1667001600000,4.644e-05
TRXUSDT,1667030400003,0.0001
TRXUSDT,1667059200010,0.0001
TRXUSDT,1667088000000,8.748e-05
TRXUSDT,1667116800013,9.83e-05
TRXUSDT,1667145600009,5.845e-05
TRXUSDT,1667174400012,5.961e-05
TRXUSDT,1667203200000,-5.882e-05
TRXUSDT,1667232000010,4.782e-05
TRXUSDT,1667260800000,0.0001
TRXUSDT,1667289600000,6.534e-05
TRXUSDT,1667318400000,-9.047e-05
TRXUSDT,1667347200000,-0.000104
TRXUSDT,1667376000000,-7.274e-05
TRXUSDT,1667404800019,9.275e-05
TRXUSDT,1667433600011,-0.00010253
TRXUSDT,1667462400016,-9.036e-05
TRXUSDT,1667491200005,-2.743e-05
TRXUSDT,1667520000000,-0.00012285
TRXUSDT,1667548800004,-3.09e-05
TRXUSDT,1667577600020,4.324e-05
TRXUSDT,1667606400009,5.66e-05
TRXUSDT,1667635200007,0.0001
TRXUSDT,1667664000018,0.0001
TRXUSDT,1667692800009,0.0001
TRXUSDT,1667721600000,0.0001
TRXUSDT,1667750400010,0.0001
TRXUSDT,1667779200012,6.79e-06
TRXUSDT,1667808000014,1.094e-05
TRXUSDT,1667836800006,1.719e-05
TRXUSDT,1667865600000,1.474e-05
TRXUSDT,1667894400001,-0.0002013
TRXUSDT,1667923200005,-3.023e-05
TRXUSDT,1667952000000,-0.00034561
TRXUSDT,1667980800013,-0.00165254
TRXUSDT,1668009600004,7.091e-05
TRXUSDT,1668038400006,-0.00038373
TRXUSDT,1668067200000,-0.00038428
TRXUSDT,1668096000015,-0.00039409
TRXUSDT,1668124800000,-0.00031072
TRXUSDT,1668153600015,-0.00022494
TRXUSDT,1668182400027,-0.00034163
TRXUSDT,1668211200007,-0.00017262
TRXUSDT,1668240000016,-0.00051135
TRXUSDT,1668268800000,-0.00019572
TRXUSDT,1668297600004,-0.00020706
TRXUSDT,1668326400000,-0.00082833
TRXUSDT,1668355200017,-0.00037252
TRXUSDT,1668384000000,-0.00088207
TRXUSDT,1668412800000,-0.00227044
TRXUSDT,1668441600000,-0.00053119
TRXUSDT,1668470400014,-0.00086585
TRXUSDT,1668499200009,-0.00026609
TRXUSDT,1668528000010,-0.00024971
TRXUSDT,1668556800011,-0.00027957
TRXUSDT,1668585600004,-0.00031197
TRXUSDT,1668614400008,-0.00017738
TRXUSDT,1668643200000,-0.00020643
TRXUSDT,1668672000000,-0.00037925
TRXUSDT,1668700800006,-0.00022251
TRXUSDT,1668729600004,-0.00011131
TRXUSDT,1668758400016,-0.00028088
TRXUSDT,1668787200000,-0.00024203
TRXUSDT,1668816000000,-0.00027119
TRXUSDT,1668844800004,-0.00031391
TRXUSDT,1668873600024,-0.00018518
TRXUSDT,1668902400015,-0.00021446
TRXUSDT,1668931200004,-0.00042502
TRXUSDT,1668960000000,-0.00023719
TRXUSDT,1668988800006,-0.00032824
TRXUSDT,1669017600015,-0.00020439
TRXUSDT,1669046400000,-0.00016902
TRXUSDT,1669075200000,-0.00014984
TRXUSDT,1669104000000,-0.00014975
TRXUSDT,1669132800000,-0.00068986
TRXUSDT,1669161600000,-0.00023296
TRXUSDT,1669190400011,-0.00025091
TRXUSDT,1669219200014,-0.00039562
TRXUSDT,1669248000007,-0.00018821
TRXUSDT,1669276800014,-0.00026099
TRXUSDT,1669305600013,-0.00016704
TRXUSDT,1669334400004,-0.00014797
TRXUSDT,1669363200015,-0.00017859
TRXUSDT,1669392000000,-0.00024322
TRXUSDT,1669420800011,-0.00026895
TRXUSDT,1669449600000,-0.0002288
TRXUSDT,1669478400000,-0.00020783
TRXUSDT,1669507200012,-0.00021973
TRXUSDT,1669536000000,-0.00012364
TRXUSDT,1669564800003,-7.719e-05
TRXUSDT,1669593600015,-0.00013279
TRXUSDT,1669622400004,-0.00020438
TRXUSDT,1669651200011,-0.00011143
TRXUSDT,1669680000000,-9.966e-05
TRXUSDT,1669708800015,-7.379e-05
TRXUSDT,1669737600000,-3.243e-05
TRXUSDT,1669766400007,-0.00014663
TRXUSDT,1669795200000,-0.00011217
TRXUSDT,1669824000015,-7.972e-05
TRXUSDT,1669852800001,1.413e-05
TRXUSDT,1669881600006,-1.235e-05
TRXUSDT,1669910400000,-0.00012281
TRXUSDT,1669939200001,1.382e-05
TRXUSDT,1669968000016,-0.0002585
TRXUSDT,1669996800017,-9.543e-05
TRXUSDT,1670025600006,-6.043e-05
TRXUSDT,1670054400000,-0.00017855
TRXUSDT,1670083200011,-1.445e-05
TRXUSDT,1670112000006,-0.00023979
TRXUSDT,1670140800000,-0.00018982
TRXUSDT,1670169600006,-0.00046024
TRXUSDT,1670198400002,-0.00040231
TRXUSDT,1670227200011,-0.00026836
TRXUSDT,1670256000008,-0.00026288
TRXUSDT,1670284800014,-0.00014463
TRXUSDT,1670313600027,-0.00027767
TRXUSDT,1670342400009,-0.00022049
TRXUSDT,1670371200000,-5.009e-05
TRXUSDT,1670400000000,-0.00025764
TRXUSDT,1670428800000,-0.00015982
TRXUSDT,1670457600006,-8.318e-05
TRXUSDT,1670486400000,6.1e-07
TRXUSDT,1670515200014,-4.768e-05
TRXUSDT,1670544000017,3.49e-05
TRXUSDT,1670572800005,-6.03e-05
TRXUSDT,1670601600000,1.045e-05
TRXUSDT,1670630400009,-3.514e-05
TRXUSDT,1670659200010,-1.467e-05
TRXUSDT,1670688000001,-8.126e-05
TRXUSDT,1670716800011,1.542e-05
TRXUSDT,1670745600007,-2.136e-05
TRXUSDT,1670774400011,-5.859e-05
TRXUSDT,1670803200000,2.148e-05
TRXUSDT,1670832000004,-0.0003172
TRXUSDT,1670860800000,-3.746e-05
TRXUSDT,1670889600000,-3.474e-05
TRXUSDT,1670918400018,-0.00020101
TRXUSDT,1670947200011,-4.303e-05
TRXUSDT,1670976000010,-9.677e-05
TRXUSDT,1671004800015,-0.00011601
TRXUSDT,1671033600004,2.843e-05
TRXUSDT,1671062400000,7.44e-05
TRXUSDT,1671091200023,0.0001
TRXUSDT,1671120000010,-2.647e-05
TRXUSDT,1671148800016,0.0001
TRXUSDT,1671177600011,-6.303e-05
TRXUSDT,1671206400001,-1.761e-05
TRXUSDT,1671235200001,-0.00025065
TRXUSDT,1671264000011,-0.00047891
TRXUSDT,1671292800011,-0.00053665
TRXUSDT,1671321600008,-0.00093483
TRXUSDT,1671350400001,-0.00040771
TRXUSDT,1671379200012,-0.00018596
TRXUSDT,1671408000000,-4.996e-05
TRXUSDT,1671436800000,-0.00015132
TRXUSDT,1671465600000,1.605e-05
TRXUSDT,1671494400005,-8.869e-05
TRXUSDT,1671523200016,-8.389e-05
TRXUSDT,1671552000000,5.59e-06
TRXUSDT,1671580800007,2.73e-06
TRXUSDT,1671609600012,3.97e-06
TRXUSDT,1671638400017,1.05e-06
TRXUSDT,1671667200004,-0.00013887
TRXUSDT,1671696000000,-5.457e-05
TRXUSDT,1671724800001,-0.00010836
TRXUSDT,1671753600018,-8.511e-05
TRXUSDT,1671782400000,-0.00014951
TRXUSDT,1671811200000,-0.0001876
TRXUSDT,1671840000001,-0.00023264
TRXUSDT,1671868800007,-7.189e-05
TRXUSDT,1671897600008,-6.23e-05
TRXUSDT,1671926400000,-0.00012215
TRXUSDT,1671955200013,-0.00013898
TRXUSDT,1671984000000,-8.722e-05
TRXUSDT,1672012800001,-7.41e-06
TRXUSDT,1672041600000,-3.406e-05
TRXUSDT,1672070400005,-0.00014847
TRXUSDT,1672099200005,8.63e-06
TRXUSDT,1672128000010,-0.00018743
TRXUSDT,1672156800006,-0.00030407
TRXUSDT,1672185600010,-0.00010549
TRXUSDT,1672214400010,-0.00026806
TRXUSDT,1672243200010,-0.00015436
TRXUSDT,1672272000011,-0.00010536
TRXUSDT,1672300800000,-0.00016286
TRXUSDT,1672329600008,-0.00011237
TRXUSDT,1672358400000,-0.00037799
TRXUSDT,1672387200000,-0.00041483
TRXUSDT,1672416000000,-0.00047957
XMRUSDT,1651363200000,-7.318e-05
XMRUSDT,1651392000000,-4.358e-05
XMRUSDT,1651420800010,0.0001
XMRUSDT,1651449600018,-0.00014714
XMRUSDT,1651478400007,-5.45e-06
XMRUSDT,1651507200000,1.246e-05
XMRUSDT,1651536000006,-0.0004552
XMRUSDT,1651564800000,-8.534e-05
XMRUSDT,1651593600021,-9.367e-05
XMRUSDT,1651622400007,-0.00019203
XMRUSDT,1651651200011,-0.00011861
XMRUSDT,1651680000000,9.877e-05
XMRUSDT,1651708800005,7.973e-05
XMRUSDT,1651737600019,0.0001
XMRUSDT,1651766400005,7.197e-05
XMRUSDT,1651795200005,-0.00012832
XMRUSDT,1651824000001,0.0001
XMRUSDT,1651852800010,0.0001
XMRUSDT,1651881600004,2.909e-05
XMRUSDT,1651910400016,-5.655e-05
XMRUSDT,1651939200011,1.072e-05
XMRUSDT,1651968000000,-3.807e-05
XMRUSDT,1651996800007,0.0001
XMRUSDT,1652025600015,-0.00035476
XMRUSDT,1652054400000,1.379e-05
XMRUSDT,1652083200001,7.394e-05
XMRUSDT,1652112000000,-1.5e-07
XMRUSDT,1652140800000,6.919e-05
XMRUSDT,1652169600007,0.0001
XMRUSDT,1652198400008,-0.0001634
XMRUSDT,1652227200004,-0.00038435
XMRUSDT,1652256000007,-0.00063662
XMRUSDT,1652284800008,-0.0006911
XMRUSDT,1652313600014,-0.00026732
XMRUSDT,1652342400000,-0.00114925
XMRUSDT,1652371200007,5.7e-06
XMRUSDT,1652400000014,-2.063e-05
XMRUSDT,1652428800001,-0.00027933
XMRUSDT,1652457600000,-6.578e-05
XMRUSDT,1652486400000,-0.00035424
XMRUSDT,1652515200000,-0.0004143
XMRUSDT,1652544000001,-0.0006067
XMRUSDT,1652572800000,-0.00010163
XMRUSDT,1652601600000,8.375e-05
XMRUSDT,1652630400000,3.827e-05
XMRUSDT,1652659200021,7.511e-05
XMRUSDT,1652688000013,3.179e-05
XMRUSDT,1652716800006,-4.41e-06
XMRUSDT,1652745600000,-5e-06
XMRUSDT,1652774400010,-0.0003286
XMRUSDT,1652803200023,-0.00032586
XMRUSDT,1652832000003,-0.00012924
XMRUSDT,1652860800024,5.464e-05
XMRUSDT,1652889600014,-1.98e-06
XMRUSDT,1652918400000,0.0001
XMRUSDT,1652947200008,-0.00015198
XMRUSDT,1652976000015,-0.00011149
XMRUSDT,1653004800001,0.0001
XMRUSDT,1653033600003,-3.143e-05
XMRUSDT,1653062400012,0.0001
XMRUSDT,1653091200008,-0.00031732
XMRUSDT,1653120000001,0.0001
XMRUSDT,1653148800007,7.36e-06
XMRUSDT,1653177600003,0.0001
XMRUSDT,1653206400016,6.842e-05
XMRUSDT,1653235200000,0.0001
XMRUSDT,1653264000011,0.0001
XMRUSDT,1653292800000,-4.2e-06
XMRUSDT,1653321600023,-0.00022221
XMRUSDT,1653350400011,0.0001
XMRUSDT,1653379200000,7.46e-05
XMRUSDT,1653408000009,-0.00043106
XMRUSDT,1653436800001,0.0001
XMRUSDT,1653465600000,3.963e-05
XMRUSDT,1653494400015,-0.00044906
XMRUSDT,1653523200005,9.462e-05
XMRUSDT,1653552000001,-2.111e-05
XMRUSDT,1653580800000,-0.00031388
XMRUSDT,1653609600007,-0.00021154
XMRUSDT,1653638400008,-9.105e-05
XMRUSDT,1653667200000,-0.00029978
XMRUSDT,1653696000018,0.0001
XMRUSDT,1653724800016,4.924e-05
XMRUSDT,1653753600013,-3e-06
XMRUSDT,1653782400000,0.0001
XMRUSDT,1653811200025,-0.00014498
XMRUSDT,1653840000002,-0.00027469
XMRUSDT,1653868800000,-3.411e-05
XMRUSDT,1653897600013,8.915e-05
XMRUSDT,1653926400005,-4.747e-05
XMRUSDT,1653955200016,9.885e-05
XMRUSDT,1653984000000,0.0001
XMRUSDT,1654012800000,0.0001
XMRUSDT,1654041600000,7.969e-05
XMRUSDT,1654070400011,0.0001
XMRUSDT,1654099200000,0.0001
XMRUSDT,1654128000000,9.185e-05
XMRUSDT,1654156800006,-2.76e-05
XMRUSDT,1654185600021,-5.02e-05
XMRUSDT,1654214400016,-0.00015048
XMRUSDT,1654243200016,-0.00015878
XMRUSDT,1654272000012,-0.00033591
XMRUSDT,1654300800005,0.0001
XMRUSDT,1654329600000,8.965e-05
XMRUSDT,1654358400007,5.258e-05
XMRUSDT,1654387200005,1.383e-05
XMRUSDT,1654416000015,8.828e-05
XMRUSDT,1654444800000,0.0001
XMRUSDT,1654473600000,0.0001
XMRUSDT,1654502400017,0.0001
XMRUSDT,1654531200000,0.0001
XMRUSDT,1654560000000,-7.334e-05
XMRUSDT,1654588800011,-0.00027561
XMRUSDT,1654617600000,-0.00030194
XMRUSDT,1654646400008,-1.287e-05
XMRUSDT,1654675200020,-0.0003579
XMRUSDT,1654704000012,-9.707e-05
XMRUSDT,1654732800000,-0.0001939
XMRUSDT,1654761600000,0.0001
XMRUSDT,1654790400000,0.0001
XMRUSDT,1654819200009,0.0001
XMRUSDT,1654848000000,0.0001
XMRUSDT,1654876800006,0.0001
XMRUSDT,1654905600018,-2.25e-05
XMRUSDT,1654934400014,0.0001
XMRUSDT,1654963200000,-6.348e-05
XMRUSDT,1654992000015,0.0001
XMRUSDT,1655020800019,-6.524e-05
XMRUSDT,1655049600010,-2.99e-06
XMRUSDT,1655078400009,0.0001
XMRUSDT,1655107200000,0.0001
XMRUSDT,1655136000007,0.0001
XMRUSDT,1655164800013,0.0001
XMRUSDT,1655193600008,0.0001
XMRUSDT,1655222400006,-0.00036323
XMRUSDT,1655251200000,-0.00017755
XMRUSDT,1655280000016,-0.00017378
XMRUSDT,1655308800008,-0.0002875
XMRUSDT,1655337600009,0.0001
XMRUSDT,1655366400016,0.0001
XMRUSDT,1655395200000,-0.00010931
XMRUSDT,1655424000008,-0.00030417
XMRUSDT,1655452800003,-0.00023052
XMRUSDT,1655481600000,-0.00021364
XMRUSDT,1655510400020,-0.00032402
XMRUSDT,1655539200025,-0.00046889
XMRUSDT,1655568000014,-5.381e-05
XMRUSDT,1655596800012,-0.00026019
XMRUSDT,1655625600012,-0.00029942
XMRUSDT,1655654400008,-8.307e-05
XMRUSDT,1655683200016,-0.00012024
XMRUSDT,1655712000000,-0.0002109
XMRUSDT,1655740800013,0.0001
XMRUSDT,1655769600012,9.032e-05
XMRUSDT,1655798400018,0.0001
XMRUSDT,1655827200010,3.87e-05
XMRUSDT,1655856000000,8.116e-05
XMRUSDT,1655884800001,7.352e-05
XMRUSDT,1655913600012,0.0001
XMRUSDT,1655942400000,0.0001
XMRUSDT,1655971200000,8.359e-05
XMRUSDT,1656000000016,-1.575e-05
XMRUSDT,1656028800005,0.0001
XMRUSDT,1656057600004,0.0001
XMRUSDT,1656086400018,0.0001
XMRUSDT,1656115200001,0.0001
XMRUSDT,1656144000010,0.0001
XMRUSDT,1656172800000,0.0001
XMRUSDT,1656201600002,0.0001
XMRUSDT,1656230400016,0.0001
XMRUSDT,1656259200006,4.119e-05
XMRUSDT,1656288000008,-0.00010389
XMRUSDT,1656316800000,-6.18e-06
XMRUSDT,1656345600016,-0.00016684
XMRUSDT,1656374400016,-0.00022087
XMRUSDT,1656403200001,-3.61e-06
XMRUSDT,1656432000005,-0.0002519
XMRUSDT,1656460800000,-0.00014403
XMRUSDT,1656489600013,-2.439e-05
XMRUSDT,1656518400000,8.33e-06
XMRUSDT,1656547200000,0.0001
XMRUSDT,1656576000000,7.65e-05
XMRUSDT,1656604800000,3.32e-06
XMRUSDT,1656633600001,0.0001
XMRUSDT,1656662400017,-5.314e-05
XMRUSDT,1656691200005,0.0001
XMRUSDT,1656720000000,-0.00011298
XMRUSDT,1656748800000,-7.458e-05
XMRUSDT,1656777600008,0.0001
XMRUSDT,1656806400015,0.0001
XMRUSDT,1656835200004,0.0001
XMRUSDT,1656864000005,0.0001
XMRUSDT,1656892800021,0.0001
XMRUSDT,1656921600001,1.857e-05
XMRUSDT,1656950400000,4.057e-05
XMRUSDT,1656979200000,0.0001
XMRUSDT,1657008000000,8.22e-06
XMRUSDT,1657036800015,0.0001
XMRUSDT,1657065600006,0.0001
XMRUSDT,1657094400000,0.0001
XMRUSDT,1657123200000,0.0001
XMRUSDT,1657152000010,0.0001
XMRUSDT,1657180800010,-7.372e-05
XMRUSDT,1657209600011,8.917e-05
XMRUSDT,1657238400008,0.0001
XMRUSDT,1657267200009,0.0001
XMRUSDT,1657296000000,7.042e-05
XMRUSDT,1657324800000,0.0001
XMRUSDT,1657353600000,0.0001
XMRUSDT,1657382400009,0.0001
XMRUSDT,1657411200001,4e-07
XMRUSDT,1657440000002,0.0001
XMRUSDT,1657468800001,-2.85e-05
XMRUSDT,1657497600000,-0.00047888
XMRUSDT,1657526400003,-0.0003913
XMRUSDT,1657555200001,-0.00017016
XMRUSDT,1657584000000,1.902e-05
XMRUSDT,1657612800021,1.646e-05
XMRUSDT,1657641600000,-1.806e-05
XMRUSDT,1657670400012,-4.28e-06
XMRUSDT,1657699200022,2.873e-05
XMRUSDT,1657728000005,-2.05e-06
XMRUSDT,1657756800017,-3.741e-05
XMRUSDT,1657785600001,-0.00010857
XMRUSDT,1657814400000,-3.418e-05
XMRUSDT,1657843200004,0.0001
XMRUSDT,1657872000019,0.0001
XMRUSDT,1657900800017,0.0001
XMRUSDT,1657929600021,-3.858e-05
XMRUSDT,1657958400014,0.0001
XMRUSDT,1657987200005,-3.666e-05
XMRUSDT,1658016000000,9.451e-05
XMRUSDT,1658044800003,6.184e-05
XMRUSDT,1658073600007,9.33e-06
XMRUSDT,1658102400001,2.868e-05
XMRUSDT,1658131200004,0.0001
XMRUSDT,1658160000019,0.0001
XMRUSDT,1658188800000,0.0001
XMRUSDT,1658217600000,0.0001
XMRUSDT,1658246400001,0.0001
XMRUSDT,1658275200004,0.0001
XMRUSDT,1658304000000,0.0001
XMRUSDT,1658332800003,8.352e-05
XMRUSDT,1658361600000,-9.977e-05
XMRUSDT,1658390400018,-8.933e-05
XMRUSDT,1658419200011,2.338e-05
XMRUSDT,1658448000014,-3.733e-05
XMRUSDT,1658476800000,-1.875e-05
XMRUSDT,1658505600000,-0.0001189
XMRUSDT,1658534400004,-0.00013483
XMRUSDT,1658563200002,-1.079e-05
XMRUSDT,1658592000001,-1.623e-05
XMRUSDT,1658620800000,1.873e-05
XMRUSDT,1658649600011,3.554e-05
XMRUSDT,1658678400000,1.294e-05
XMRUSDT,1658707200000,-0.00013222
XMRUSDT,1658736000014,-2.795e-05
XMRUSDT,1658764800006,-7.659e-05
XMRUSDT,1658793600010,-0.00015166
XMRUSDT,1658822400000,-0.00013339
XMRUSDT,1658851200000,-0.00029722
XMRUSDT,1658880000008,-8.323e-05
XMRUSDT,1658908800000,4.471e-05
XMRUSDT,1658937600003,-9e-08
XMRUSDT,1658966400009,2.889e-05
XMRUSDT,1658995200008,9.982e-05
XMRUSDT,1659024000013,0.0001
XMRUSDT,1659052800000,-6.347e-05
XMRUSDT,1659081600000,0.0001
XMRUSDT,1659110400000,0.0001
XMRUSDT,1659139200005,4.105e-05
XMRUSDT,1659168000009,0.0001
XMRUSDT,1659196800000,7.098e-05
XMRUSDT,1659225600022,-0.00038752
XMRUSDT,1659254400011,-0.00012186
XMRUSDT,1659283200019,-3.566e-05
XMRUSDT,1659312000010,-0.00030172
XMRUSDT,1659340800019,-5.927e-05
XMRUSDT,1659369600017,-1.779e-05
XMRUSDT,1659398400000,1.858e-05
XMRUSDT,1659427200007,-0.00011093
XMRUSDT,1659456000014,-2.069e-05
XMRUSDT,1659484800001,-5.074e-05
XMRUSDT,1659513600020,-7.38e-06
XMRUSDT,1659542400008,-1.587e-05
XMRUSDT,1659571200001,-0.00027131
XMRUSDT,1659600000009,-6.471e-05
XMRUSDT,1659628800015,8.628e-05
XMRUSDT,1659657600005,-0.00015036
XMRUSDT,1659686400000,0.0001
XMRUSDT,1659715200000,7.546e-05
XMRUSDT,1659744000021,-3.322e-05
XMRUSDT,1659772800000,0.0001
XMRUSDT,1659801600015,0.0001
XMRUSDT,1659830400013,0.0001
XMRUSDT,1659859200000,-0.00028247
XMRUSDT,1659888000014,1.984e-05
XMRUSDT,1659916800009,0.0001
XMRUSDT,1659945600006,-4.95e-06
XMRUSDT,1659974400000,0.0001
XMRUSDT,1660003200020,7.557e-05
XMRUSDT,1660032000000,-0.00022675
XMRUSDT,1660060800000,-0.0004809
XMRUSDT,1660089600000,-0.00114057
XMRUSDT,1660118400016,-0.0014707
XMRUSDT,1660147200018,-0.00067379
XMRUSDT,1660176000012,-0.0001772
XMRUSDT,1660204800000,-0.00041761
XMRUSDT,1660233600000,-6.134e-05
XMRUSDT,1660262400006,-0.00110276
XMRUSDT,1660291200000,-0.0012831
XMRUSDT,1660320000005,6.724e-05
XMRUSDT,1660348800012,0.0001
XMRUSDT,1660377600006,0.0001
XMRUSDT,1660406400018,-9.727e-05
XMRUSDT,1660435200000,-0.00034844
XMRUSDT,1660464000000,-8.873e-05
XMRUSDT,1660492800000,-0.00032008
XMRUSDT,1660521600010,-5.478e-05
XMRUSDT,1660550400002,4.492e-05
XMRUSDT,1660579200010,-0.0002828
XMRUSDT,1660608000010,-0.00056856
XMRUSDT,1660636800002,-2.449e-05
XMRUSDT,1660665600000,-1.508e-05
XMRUSDT,1660694400020,3.56e-06
XMRUSDT,1660723200016,0.0001
XMRUSDT,1660752000001,-0.00035142
XMRUSDT,1660780800005,5.987e-05
XMRUSDT,1660809600012,0.0001
XMRUSDT,1660838400013,0.0001
XMRUSDT,1660867200000,0.0001
XMRUSDT,1660896000000,2.413e-05
XMRUSDT,1660924800009,-2.145e-05
XMRUSDT,1660953600000,-0.00011099
XMRUSDT,1660982400005,-7.595e-05
XMRUSDT,1661011200000,-0.00025349
XMRUSDT,1661040000010,-1.365e-05
XMRUSDT,1661068800013,-0.0002068
XMRUSDT,1661097600000,-3.501e-05
XMRUSDT,1661126400011,-2.56e-06
XMRUSDT,1661155200005,-2.343e-05
XMRUSDT,1661184000005,7.93e-06
XMRUSDT,1661212800000,0.0001
XMRUSDT,1661241600021,-3.715e-05
XMRUSDT,1661270400005,6.218e-05
XMRUSDT,1661299200017,-7.3e-07
XMRUSDT,1661328000021,-2.019e-05
XMRUSDT,1661356800000,-4.956e-05
XMRUSDT,1661385600003,-2.526e-05
XMRUSDT,1661414400000,-0.00013349
XMRUSDT,1661443200004,-0.00017916
XMRUSDT,1661472000001,-8.841e-05
XMRUSDT,1661500800004,0.0001
XMRUSDT,1661529600000,3.735e-05
XMRUSDT,1661558400010,1.769e-05
XMRUSDT,1661587200007,3.678e-05
XMRUSDT,1661616000008,-3.018e-05
XMRUSDT,1661644800019,-1.835e-05
XMRUSDT,1661673600000,4.418e-05
XMRUSDT,1661702400000,-0.00013105
XMRUSDT,1661731200000,-6.651e-05
XMRUSDT,1661760000000,7.06e-06
XMRUSDT,1661788800001,-9.948e-05
XMRUSDT,1661817600001,-0.00019078
XMRUSDT,1661846400005,5.009e-05
XMRUSDT,1661875200010,9.748e-05
XMRUSDT,1661904000000,2.78e-05
XMRUSDT,1661932800005,-1.25e-06
XMRUSDT,1661961600013,5.489e-05
XMRUSDT,1661990400012,1.5e-05
XMRUSDT,1662019200000,0.0001
XMRUSDT,1662048000013,0.0001
XMRUSDT,1662076800002,4.609e-05
XMRUSDT,1662105600013,1.03e-05
XMRUSDT,1662134400000,8.169e-05
XMRUSDT,1662163200000,-4.504e-05
XMRUSDT,1662192000002,0.0001
XMRUSDT,1662220800007,0.0001
XMRUSDT,1662249600008,9.973e-05
XMRUSDT,1662278400009,0.0001
XMRUSDT,1662307200000,0.0001
XMRUSDT,1662336000015,0.0001
XMRUSDT,1662364800013,0.0001
XMRUSDT,1662393600007,0.0001
XMRUSDT,1662422400018,1.988e-05
XMRUSDT,1662451200020,-1.05e-06
XMRUSDT,1662480000028,-4.908e-05
XMRUSDT,1662508800013,-0.00014048
XMRUSDT,1662537600022,6.46e-06
XMRUSDT,1662566400021,-5.038e-05
XMRUSDT,1662595200010,-3.865e-05
XMRUSDT,1662624000000,1.855e-05
XMRUSDT,1662652800003,3.98e-06
XMRUSDT,1662681600011,0.0001
XMRUSDT,1662710400000,0.0001
XMRUSDT,1662739200000,1.635e-05
XMRUSDT,1662768000003,1.464e-05
XMRUSDT,1662796800000,0.0001
XMRUSDT,1662825600012,0.0001
XMRUSDT,1662854400009,0.0001
XMRUSDT,1662883200012,-4.331e-05
XMRUSDT,1662912000005,0.0001
XMRUSDT,1662940800007,-8.459e-05
XMRUSDT,1662969600013,0.0001
XMRUSDT,1662998400000,3.597e-05
XMRUSDT,1663027200004,-0.00216232
XMRUSDT,1663056000000,-3.052e-05
XMRUSDT,1663084800000,0.0001
XMRUSDT,1663113600000,-0.00077233
XMRUSDT,1663142400000,-1.843e-05
XMRUSDT,1663171200000,-4.77e-05
XMRUSDT,1663200000019,1.124e-05
XMRUSDT,1663228800012,-5.5e-07
XMRUSDT,1663257600007,8.159e-05
XMRUSDT,1663286400000,-0.0002111
XMRUSDT,1663315200000,0.0001
XMRUSDT,1663344000000,-0.00013436
XMRUSDT,1663372800000,-8.29e-06
XMRUSDT,1663401600012,4.636e-05
XMRUSDT,1663430400017,5.684e-05
XMRUSDT,1663459200000,0.0001
XMRUSDT,1663488000004,-0.00021583
XMRUSDT,1663516800000,-0.00013428
XMRUSDT,1663545600018,-0.00025658
XMRUSDT,1663574400006,-0.00018696
XMRUSDT,1663603200010,-3.935e-05
XMRUSDT,1663632000007,-8.709e-05
XMRUSDT,1663660800001,1.413e-05
XMRUSDT,1663689600000,6.905e-05
XMRUSDT,1663718400001,-2.41e-05
XMRUSDT,1663747200005,-6.742e-05
XMRUSDT,1663776000000,2.442e-05
XMRUSDT,1663804800000,-1.35e-06
XMRUSDT,1663833600000,-0.00016559
XMRUSDT,1663862400011,-3.29e-05
XMRUSDT,1663891200023,-0.0001583
XMRUSDT,1663920000004,0.0001
XMRUSDT,1663948800005,3.15e-05
XMRUSDT,1663977600000,-4.43e-05
XMRUSDT,1664006400005,-0.00010593
XMRUSDT,1664035200000,8.15e-05
XMRUSDT,1664064000010,-0.00010398
XMRUSDT,1664092800000,0.0001
XMRUSDT,1664121600003,-5.405e-05
XMRUSDT,1664150400001,-9.58e-05
XMRUSDT,1664179200006,-6.17e-05
XMRUSDT,1664208000000,-5.427e-05
XMRUSDT,1664236800026,-0.00016616
XMRUSDT,1664265600004,1.871e-05
XMRUSDT,1664294400006,0.0001
XMRUSDT,1664323200011,0.0001
XMRUSDT,1664352000000,-5.164e-05
XMRUSDT,1664380800000,-8.689e-05
XMRUSDT,1664409600010,-1.403e-05
XMRUSDT,1664438400000,0.0001
XMRUSDT,1664467200000,6.458e-05
XMRUSDT,1664496000006,0.0001
XMRUSDT,1664524800002,7.787e-05
XMRUSDT,1664553600007,0.0001
XMRUSDT,1664582400008,5.273e-05
XMRUSDT,1664611200011,0.0001
XMRUSDT,1664640000000,2.977e-05
XMRUSDT,1664668800000,0.0001
XMRUSDT,1664697600000,7.927e-05
XMRUSDT,1664726400006,-5.02e-05
XMRUSDT,1664755200000,-6.526e-05
XMRUSDT,1664784000014,0.0001
XMRUSDT,1664812800010,-5.385e-05
XMRUSDT,1664841600006,-0.00010341
XMRUSDT,1664870400004,-1.81e-06
XMRUSDT,1664899200013,-0.0001653
XMRUSDT,1664928000000,-7.878e-05
XMRUSDT,1664956800000,-7.372e-05
XMRUSDT,1664985600012,0.0001
XMRUSDT,1665014400008,9.665e-05
XMRUSDT,1665043200002,6.693e-05
XMRUSDT,1665072000006,0.0001
XMRUSDT,1665100800000,-0.00049285
XMRUSDT,1665129600000,-2.048e-05
XMRUSDT,1665158400007,1.16e-05
XMRUSDT,1665187200010,-0.00011168
XMRUSDT,1665216000004,2.841e-05
XMRUSDT,1665244800018,-3.384e-05
XMRUSDT,1665273600000,5.104e-05
XMRUSDT,1665302400007,9.936e-05
XMRUSDT,1665331200011,0.0001
XMRUSDT,1665360000018,0.0001
XMRUSDT,1665388800000,-0.00011171
XMRUSDT,1665417600026,0.0001
XMRUSDT,1665446400020,3.527e-05
XMRUSDT,1665475200027,4.679e-05
XMRUSDT,1665504000000,-0.00010141
XMRUSDT,1665532800014,-7.229e-05
XMRUSDT,1665561600000,3.477e-05
XMRUSDT,1665590400000,4.417e-05
XMRUSDT,1665619200013,-1.626e-05
XMRUSDT,1665648000016,-0.00017954
XMRUSDT,1665676800009,-4.543e-05
XMRUSDT,1665705600020,-0.00022974
XMRUSDT,1665734400000,-9.946e-05
XMRUSDT,1665763200009,-3.137e-05
XMRUSDT,1665792000001,-0.0001001
XMRUSDT,1665820800005,-7.585e-05
XMRUSDT,1665849600004,-1.416e-05
XMRUSDT,1665878400012,-5.567e-05
XMRUSDT,1665907200000,7.765e-05
XMRUSDT,1665936000010,1.647e-05
XMRUSDT,1665964800012,4.783e-05
XMRUSDT,1665993600010,-9.5e-07
XMRUSDT,1666022400017,-4.177e-05
XMRUSDT,1666051200010,2.978e-05
XMRUSDT,1666080000008,-2.52e-05
XMRUSDT,1666108800000,-0.00021007
XMRUSDT,1666137600007,-0.00012812
XMRUSDT,1666166400022,-0.00015536
XMRUSDT,1666195200016,3.513e-05
XMRUSDT,1666224000000,9.777e-05
XMRUSDT,1666252800013,5.822e-05
XMRUSDT,1666281600000,-9.69e-06
XMRUSDT,1666310400005,-0.00012714
XMRUSDT,1666339200018,-0.00018348
XMRUSDT,1666368000000,-1.447e-05
XMRUSDT,1666396800000,-9.076e-05
XMRUSDT,1666425600015,-5.606e-05
XMRUSDT,1666454400000,-0.00011782
XMRUSDT,1666483200025,-8.957e-05
XMRUSDT,1666512000000,-1.302e-05
XMRUSDT,1666540800004,-1.373e-05
XMRUSDT,1666569600009,-9.461e-05
XMRUSDT,1666598400012,3.564e-05
XMRUSDT,1666627200002,-3.686e-05
XMRUSDT,1666656000013,-6.7e-07
XMRUSDT,1666684800013,7.56e-05
XMRUSDT,1666713600000,7.556e-05
XMRUSDT,1666742400006,7.884e-05
XMRUSDT,1666771200013,0.0001
XMRUSDT,1666800000000,-5.687e-05
XMRUSDT,1666828800009,0.0001
XMRUSDT,1666857600006,3.402e-05
XMRUSDT,1666886400009,1.974e-05
XMRUSDT,1666915200000,-5.527e-05
XMRUSDT,1666944000000,-2.271e-05
XMRUSDT,1666972800007,0.0001
XMRUSDT,1667001600000,3.332e-05
XMRUSDT,1667030400003,0.0001
XMRUSDT,1667059200010,0.0001
XMRUSDT,1667088000000,-7.441e-05
XMRUSDT,1667116800013,0.0001
XMRUSDT,1667145600009,0.0001
XMRUSDT,1667174400012,0.0001
XMRUSDT,1667203200000,-5.676e-05
XMRUSDT,1667232000010,0.0001
XMRUSDT,1667260800000,2.019e-05
XMRUSDT,1667289600000,0.0001
XMRUSDT,1667318400000,9.728e-05
XMRUSDT,1667347200000,-6.069e-05
XMRUSDT,1667376000000,-2.009e-05
XMRUSDT,1667404800019,0.0001
XMRUSDT,1667433600011,-0.00010641
XMRUSDT,1667462400016,-6.023e-05
XMRUSDT,1667491200005,9.616e-05
XMRUSDT,1667520000000,-0.0001033
XMRUSDT,1667548800004,0.0001
XMRUSDT,1667577600020,0.0001
XMRUSDT,1667606400009,4.749e-05
XMRUSDT,1667635200007,-8.032e-05
XMRUSDT,1667664000018,8.039e-05
XMRUSDT,1667692800009,-3.31e-06
XMRUSDT,1667721600000,0.0001
XMRUSDT,1667750400010,0.0001
XMRUSDT,1667779200012,-1.04e-06
XMRUSDT,1667808000014,0.0001
XMRUSDT,1667836800006,0.0001
XMRUSDT,1667865600000,7.775e-05
XMRUSDT,1667894400001,6.811e-05
XMRUSDT,1667923200005,-0.00016992
XMRUSDT,1667952000000,-0.00079863
XMRUSDT,1667980800013,-8.313e-05
XMRUSDT,1668009600004,-1.153e-05
XMRUSDT,1668038400006,-5.083e-05
XMRUSDT,1668067200000,0.0001
XMRUSDT,1668096000015,8.321e-05
XMRUSDT,1668124800000,0.0001
XMRUSDT,1668153600015,0.0001
XMRUSDT,1668182400027,9.395e-05
XMRUSDT,1668211200007,1.493e-05
XMRUSDT,1668240000016,-7.814e-05
XMRUSDT,1668268800000,-4.1e-06
XMRUSDT,1668297600004,-0.00018099
XMRUSDT,1668326400000,-0.00017474
XMRUSDT,1668355200017,-8.747e-05
XMRUSDT,1668384000000,-0.0003011
XMRUSDT,1668412800000,-0.0002609
XMRUSDT,1668441600000,-0.00015146
XMRUSDT,1668470400014,-6.931e-05
XMRUSDT,1668499200009,-3.001e-05
XMRUSDT,1668528000010,2.395e-05
XMRUSDT,1668556800011,-0.00014054
XMRUSDT,1668585600004,3.797e-05
XMRUSDT,1668614400008,-6.283e-05
XMRUSDT,1668643200000,-0.00030429
XMRUSDT,1668672000000,-4.172e-05
XMRUSDT,1668700800006,-4.309e-05
XMRUSDT,1668729600004,-0.0001099
XMRUSDT,1668758400016,1.427e-05
XMRUSDT,1668787200000,0.0001
XMRUSDT,1668816000000,0.0001
XMRUSDT,1668844800004,0.0001
XMRUSDT,1668873600024,0.0001
XMRUSDT,1668902400015,-0.00020156
XMRUSDT,1668931200004,-0.00010136
XMRUSDT,1668960000000,5.938e-05
XMRUSDT,1668988800006,-0.00013521
XMRUSDT,1669017600015,-0.00011689
XMRUSDT,1669046400000,-1.492e-05
XMRUSDT,1669075200000,0.0001
XMRUSDT,1669104000000,9.789e-05
XMRUSDT,1669132800000,-3.069e-05
XMRUSDT,1669161600000,5.022e-05
XMRUSDT,1669190400011,9.99e-05
XMRUSDT,1669219200014,8.415e-05
XMRUSDT,1669248000007,6.981e-05
XMRUSDT,1669276800014,8.792e-05
XMRUSDT,1669305600013,-6.817e-05
XMRUSDT,1669334400004,2.308e-05
XMRUSDT,1669363200015,0.0001
XMRUSDT,1669392000000,-0.00015227
XMRUSDT,1669420800011,-3.179e-05
XMRUSDT,1669449600000,-4.092e-05
XMRUSDT,1669478400000,0.0001
XMRUSDT,1669507200012,-8.821e-05
XMRUSDT,1669536000000,4.328e-05
XMRUSDT,1669564800003,3.709e-05
XMRUSDT,1669593600015,-1.609e-05
XMRUSDT,1669622400004,-2.512e-05
XMRUSDT,1669651200011,-4.515e-05
XMRUSDT,1669680000000,7.867e-05
XMRUSDT,1669708800015,0.0001
XMRUSDT,1669737600000,0.0001
XMRUSDT,1669766400007,9.688e-05
XMRUSDT,1669795200000,8.47e-06
XMRUSDT,1669824000015,-6.48e-05
XMRUSDT,1669852800001,3.9e-06
XMRUSDT,1669881600006,-0.00011497
XMRUSDT,1669910400000,8.848e-05
XMRUSDT,1669939200001,-4.221e-05
XMRUSDT,1669968000016,0.0001
XMRUSDT,1669996800017,2.322e-05
XMRUSDT,1670025600006,4.996e-05
XMRUSDT,1670054400000,-0.00013613
XMRUSDT,1670083200011,4e-06
XMRUSDT,1670112000006,-3.915e-05
XMRUSDT,1670140800000,4.101e-05
XMRUSDT,1670169600006,4.67e-06
XMRUSDT,1670198400002,-1.701e-05
XMRUSDT,1670227200011,-6.35e-05
XMRUSDT,1670256000008,-9.965e-05
XMRUSDT,1670284800014,-3.08e-06
XMRUSDT,1670313600027,1.782e-05
XMRUSDT,1670342400009,-7.628e-05
XMRUSDT,1670371200000,0.0001
XMRUSDT,1670400000000,1.027e-05
XMRUSDT,1670428800000,0.0001
XMRUSDT,1670457600006,-5.231e-05
XMRUSDT,1670486400000,1.666e-05
XMRUSDT,1670515200014,-0.00026768
XMRUSDT,1670544000017,-0.00028708
XMRUSDT,1670572800005,-0.00028349
XMRUSDT,1670601600000,-7.092e-05
XMRUSDT,1670630400009,-0.0003071
XMRUSDT,1670659200010,-0.00036498
XMRUSDT,1670688000001,-0.0003934
XMRUSDT,1670716800011,-0.00063717
XMRUSDT,1670745600007,-0.00044516
XMRUSDT,1670774400011,-0.00032766
XMRUSDT,1670803200000,-0.00066632
XMRUSDT,1670832000004,-0.0002125
XMRUSDT,1670860800000,-0.00053566
XMRUSDT,1670889600000,-0.00032128
XMRUSDT,1670918400018,-0.00012924
XMRUSDT,1670947200011,-0.00017285
XMRUSDT,1670976000010,-0.00057334
XMRUSDT,1671004800015,-0.00061323
XMRUSDT,1671033600004,-0.00039174
XMRUSDT,1671062400000,-0.00017087
XMRUSDT,1671091200023,3.862e-05
XMRUSDT,1671120000010,7.343e-05
XMRUSDT,1671148800016,-8.436e-05
XMRUSDT,1671177600011,-0.0001295
XMRUSDT,1671206400001,1.455e-05
XMRUSDT,1671235200001,6.13e-06
XMRUSDT,1671264000011,-0.00015812
XMRUSDT,1671292800011,4.405e-05
XMRUSDT,1671321600008,-3.119e-05
XMRUSDT,1671350400001,-0.00043853
XMRUSDT,1671379200012,9.325e-05
XMRUSDT,1671408000000,3.156e-05
XMRUSDT,1671436800000,0.0001
XMRUSDT,1671465600000,-3.543e-05
XMRUSDT,1671494400005,-0.00020353
XMRUSDT,1671523200016,-0.00019908
XMRUSDT,1671552000000,-0.00031175
XMRUSDT,1671580800007,-0.00038981
XMRUSDT,1671609600012,-0.00017902
XMRUSDT,1671638400017,9.28e-06
XMRUSDT,1671667200004,-0.00038686
XMRUSDT,1671696000000,-0.00014457
XMRUSDT,1671724800001,-0.00013458
XMRUSDT,1671753600018,-0.00027493
XMRUSDT,1671782400000,-0.00051743
XMRUSDT,1671811200000,-0.00015042
XMRUSDT,1671840000001,-0.00062743
XMRUSDT,1671868800007,-0.00039751
XMRUSDT,1671897600008,-0.00016275
XMRUSDT,1671926400000,-0.0003848
XMRUSDT,1671955200013,-0.00032122
XMRUSDT,1671984000000,-0.00031396
XMRUSDT,1672012800001,-1.937e-05
XMRUSDT,1672041600000,1.587e-05
XMRUSDT,1672070400005,2.42e-06
XMRUSDT,1672099200005,-5.16e-06
XMRUSDT,1672128000010,-0.00018093
XMRUSDT,1672156800006,-9.5e-07
XMRUSDT,1672185600010,-8.035e-05
XMRUSDT,1672214400010,-0.00010283
XMRUSDT,1672243200010,-5.422e-05
XMRUSDT,1672272000011,-8.361e-05
XMRUSDT,1672300800000,-6.092e-05
XMRUSDT,1672329600008,-2.174e-05
XMRUSDT,1672358400000,1.278e-05
XMRUSDT,1672387200000,-0.00026422
XMRUSDT,1672416000000,-7.053e-05
